id,label,user_id,degree_centrality,in_degree,out_degree,betweenness_centrality,closeness_centrality,pagerank,clustering_coefficient,eigenvector_centrality
0,youcefzemmar,93142224,0.0,0,0,0.0,0.0,0.000112598494271797,0.0,0.0
1,Ravant2005,232997304,8.250825082508251e-05,1,0,0.0,0.0,0.00011348141639349634,0.0,0.0
2,luvsharma6342,37564617,0.0,0,0,0.0,0.0,0.000112598494271797,0.0,0.0
3,JosefVacha,69599105,8.250825082508251e-05,1,0,0.0,0.0,0.0001128633709083068,0.0,0.0
4,Mahesh-Menariya,287289287,8.250825082508251e-05,1,0,0.0,0.0,0.0001128633709083068,0.0,0.0
5,deypartha,156651421,0.00033003300330033004,3,1,1.2255723014123495e-07,0.00022002200220022002,0.00013246785427992413,0.0,0.0
6,Kalyaninelogi2006,283562890,8.250825082508251e-05,1,0,0.0,0.0,0.000116177839360112,0.0,0.002422725566956529
7,leandro-costa-oliveira,6571331,0.0,0,0,0.0,0.0,0.000112598494271797,0.0,0.0
8,binarykitchen,177641,0.0006600660066006601,7,1,6.254154199799145e-06,0.00016501650165016502,0.0003170935533891847,0.39285714285714285,0.00441269226379518
9,Mohammad-Faiz-Cloud-Engineer,205180664,8.250825082508251e-05,1,0,0.0,0.0,0.00011303995533264668,0.0,0.0
10,jesustorres-code,262010461,8.250825082508251e-05,1,0,0.0,0.0,0.00011303995533264668,0.0,0.0
11,snehil002,88778723,8.250825082508251e-05,1,0,0.0,0.0,0.0001128633709083068,0.0,0.0
12,charliesheh,59520443,8.250825082508251e-05,1,0,0.0,0.0,0.00011303995533264668,0.0,0.0
13,sheytoonch,83016208,8.250825082508251e-05,1,0,0.0,0.0,0.00011303995533264668,0.0,0.0
14,tejgokani,170429106,0.00016501650165016502,2,0,0.0,0.0,0.00011631451439127355,0.0,0.00015930768583300822
15,testuzerz123,285229587,0.0005775577557755776,7,0,0.0,0.0,0.0005204822161429733,0.19047619047619047,0.011833162781497637
16,sreedarsan0311,229950077,0.00016501650165016502,1,1,0.0,0.00016501650165016502,0.0001128633709083068,1.0,0.0
17,vfuriouz7-gif,285190169,0.0,0,0,0.0,0.0,0.000112598494271797,0.0,0.0
18,notone1246-blip,285273515,8.250825082508251e-05,1,0,0.0,0.0,0.00011303995533264668,0.0,0.0
19,Ritesh-453,227159132,8.250825082508251e-05,1,0,0.0,0.0,0.0001128633709083068,0.0,0.0
20,MD-Mushfiqur123,206438734,8.250825082508251e-05,1,0,0.0,0.0,0.00011303995533264668,0.0,0.0
21,dharaneechinnu,117936700,0.0,0,0,0.0,0.0,0.000112598494271797,0.0,0.0
22,moaedy,257661404,0.0,0,0,0.0,0.0,0.000112598494271797,0.0,0.0
23,blakeembrey,1088987,0.009488448844884489,24,91,0.0026303487925850135,0.27065223148570483,0.001334072852388077,0.030025020850708923,0.14738908219524507
24,rmotgi1227,221916188,8.250825082508251e-05,1,0,0.0,0.0,0.00011303995533264668,0.0,0.0
25,hb20007,8860322,0.0,0,0,0.0,0.0,0.000112598494271797,0.0,0.0
26,raashish1601,94279692,8.250825082508251e-05,1,0,0.0,0.0,0.0001133931241813264,0.0,0.0
27,marlug,84084773,8.250825082508251e-05,1,0,0.0,0.0,0.0001131282475448166,0.0,0.0
28,fredww12,283268287,8.250825082508251e-05,1,0,0.0,0.0,0.0001128633709083068,0.0,0.0
29,jonchurch,12915163,0.010808580858085809,27,104,0.0035056990421043067,0.2745834575257924,0.00177426553603811,0.027823691460055096,0.2579256539594731
30,Pranavkok,176228497,8.250825082508251e-05,1,0,0.0,0.0,0.00011303995533264668,0.0,0.0
31,mixelburg,52622705,8.250825082508251e-05,1,0,0.0,0.0,0.00011392287745434601,0.0,0.0
32,shivarm,91419219,0.0024752475247524753,10,20,6.967949254656984e-05,0.19931289659873222,0.00046912671687314195,0.16666666666666666,0.15386944066311348
33,kuishou68,54054995,8.250825082508251e-05,1,0,0.0,0.0,0.00011348141639349634,0.0,0.0
34,oldregime,62534836,8.250825082508251e-05,1,0,0.0,0.0,0.00011303995533264668,0.0,0.0
35,virus-16,128878088,8.250825082508251e-05,1,0,0.0,0.0,0.00011330483196915647,0.0,0.0
36,dependabot[bot],49699333,0.0005775577557755776,7,0,0.0,0.0,0.0009926907045420034,0.5238095238095238,0.3134576460011413
37,IKBASYSTEMS,274495320,8.250825082508251e-05,1,0,0.0,0.0,0.00011303995533264668,0.0,0.0
38,orbisai0security,242526317,0.00016501650165016502,2,0,0.0,0.0,0.00011661930042096167,1.0,0.002422725566956529
39,To-be-w1th0ut,186084046,8.250825082508251e-05,1,0,0.0,0.0,0.0001128633709083068,0.0,0.0
40,walle250ai,198962750,0.00016501650165016502,2,0,0.0,0.0,0.00012671263504581925,0.0,0.0
41,Jah-yee,166608075,8.250825082508251e-05,1,0,0.0,0.0,0.00011348141639349634,0.0,0.0
42,zilvya,111423982,8.250825082508251e-05,1,0,0.0,0.0,0.00011418775409085581,0.0,0.0
43,easysoft555,278044512,8.250825082508251e-05,1,0,0.0,0.0,0.0001128633709083068,0.0,0.0
44,nayan-kr7,200368836,0.0,0,0,0.0,0.0,0.000112598494271797,0.0,0.0
45,eddieteall,168187018,8.250825082508251e-05,1,0,0.0,0.0,0.00011321653975698654,0.0,0.0
46,Bojun-Vvibe,270070865,0.0,0,0,0.0,0.0,0.000112598494271797,0.0,0.0
47,IshitaSingh0822,127220309,0.00024752475247524753,3,0,0.0,0.0,0.00018209264964466339,0.6666666666666666,0.014512366200683949
48,tboyila,38067120,8.250825082508251e-05,1,0,0.0,0.0,0.00011303995533264668,0.0,0.0
49,opensourcezeal,269018900,0.00024752475247524753,3,0,0.0,0.0,0.00015232089732959914,0.3333333333333333,0.009182904109453953
50,OfekDanny,63648262,8.250825082508251e-05,1,0,0.0,0.0,0.00011348141639349634,0.0,0.0
51,bilal-azam,36588538,8.250825082508251e-05,1,0,0.0,0.0,0.00011348141639349634,0.0,0.0
52,deepview-autofix,276251120,8.250825082508251e-05,1,0,0.0,0.0,0.00011303995533264668,0.0,0.0
53,SAY-5,240962040,0.00024752475247524753,3,0,0.0,0.0,0.0002184287883822368,0.3333333333333333,0.017194074458459326
54,WhitehatD,70808336,8.250825082508251e-05,1,0,0.0,0.0,0.00011277507869613686,0.0,0.0
55,jur-clerkx,8639292,0.0,0,0,0.0,0.0,0.000112598494271797,0.0,0.0
56,rharper105,212914345,8.250825082508251e-05,1,0,0.0,0.0,0.0001128633709083068,0.0,0.0
57,anishg-bit,252710615,8.250825082508251e-05,1,0,0.0,0.0,0.0001131282475448166,0.0,0.0
58,OussemaNehdi,157837589,0.00024752475247524753,3,0,0.0,0.0,0.00017456701404192323,0.0,0.0
59,wcbelolli,54812332,8.250825082508251e-05,1,0,0.0,0.0,0.00011303995533264668,0.0,0.0
60,andrewstellman,7516297,0.0,0,0,0.0,0.0,0.000112598494271797,0.0,0.0
61,Vansh1811,192606842,0.00024752475247524753,3,0,0.0,0.0,0.00013267539531224847,0.6666666666666666,0.007681821110360641
62,phantekzy,177600277,8.250825082508251e-05,1,0,0.0,0.0,0.00011303995533264668,0.0,0.0
63,wwenrr,135491799,0.00041254125412541255,5,0,0.0,0.0,0.00014694225711710756,0.6,0.0028868401710414383
64,nabilzhafri,6986883,0.00016501650165016502,2,0,0.0,0.0,0.00012134397943282253,1.0,0.00295821748237059
65,Pandey-Krishnaa,73630207,8.250825082508251e-05,1,0,0.0,0.0,0.00012627117398496956,0.0,0.0
66,sheplu,1133916,0.0028877887788778876,11,24,0.0006651766744825441,0.21584889290033976,0.00039191409602034927,0.1425287356321839,0.07484531491133682
67,Davo00,57496007,0.00016501650165016502,2,0,0.0,0.0,0.00011874065384332852,1.0,0.004037875944927548
68,som14062005,204231136,0.00016501650165016502,0,2,0.0,0.00033003300330033004,0.000112598494271797,0.0,0.0
69,sudabg,143158885,0.00016501650165016502,2,0,0.0,0.0,0.00011661930042096167,1.0,0.002422725566956529
70,raajheshkannaa,495042,0.00024752475247524753,3,0,0.0,0.0,0.000178234907303278,0.0,0.0001550079395498883
71,Abhi3975,185037660,8.250825082508251e-05,1,0,0.0,0.0,0.000116177839360112,0.0,0.002422725566956529
72,ayushshukla1807,182410571,0.00016501650165016502,2,0,0.0,0.0,0.00012505939783919993,1.0,0.008075751889855097
73,baryman,34923596,0.00016501650165016502,2,0,0.0,0.0,0.0001202869377214466,1.0,0.004845451133913058
74,cyphercodes,7407177,8.250825082508251e-05,1,0,0.0,0.0,0.00011348141639349634,0.0,0.0
75,JivinSardine,89859763,0.0,0,0,0.0,0.0,0.000112598494271797,0.0,0.0
76,wdskuki,3415660,8.250825082508251e-05,1,0,0.0,0.0,0.00011392287745434601,0.0,0.0
77,nmurrell07,25484118,8.250825082508251e-05,1,0,0.0,0.0,0.00011586530612208454,0.0,0.0
78,Jaden-JJH,73709050,0.00024752475247524753,3,0,0.0,0.0,0.00015672486014557804,1.0,0.021727697792412976
79,ppmfaang,137166999,0.0,0,0,0.0,0.0,0.000112598494271797,0.0,0.0
80,AzmeerX,204742418,8.250825082508251e-05,1,0,0.0,0.0,0.000144501413602533,0.0,0.0
81,emilANS,162226144,0.0,0,0,0.0,0.0,0.000112598494271797,0.0,0.0
82,bhavya3024,15158756,0.0008250825082508251,7,3,1.0010472175347579e-05,0.1588694664112294,0.0001761399950932498,0.6,0.028441095792938045
83,JiwaniZakir,108548454,0.00016501650165016502,1,1,0.0,0.00016501650165016502,0.00011321653975698654,1.0,0.0
84,AkashAi7,46550108,0.0,0,0,0.0,0.0,0.000112598494271797,0.0,0.0
85,BSDeeksha2005,145363839,8.250825082508251e-05,1,0,0.0,0.0,0.0001128633709083068,0.0,0.0
86,AkaHarshit,104684660,0.00024752475247524753,3,0,0.0,0.0,0.00012649622763163276,0.6666666666666666,0.0056530263228985675
87,ashish3011,42138955,0.00033003300330033004,4,0,0.0,0.0,0.0001387004493804032,1.0,0.015200261721115722
88,zakiscoding,168684030,0.00024752475247524753,2,1,3.6313253375180724e-08,0.00016501650165016502,0.000124711755087794,0.0,0.0
89,Un7corn,259042292,8.250825082508251e-05,1,0,0.0,0.0,0.000123336529536742,0.0,0.007268176700869587
90,alanJames00,112971020,0.0,0,0,0.0,0.0,0.000112598494271797,0.0,0.0
91,zamadye,113518657,8.250825082508251e-05,1,0,0.0,0.0,0.00011303995533264668,0.0,0.0
92,abhii734,128232984,0.00016501650165016502,1,1,2.7234940031385545e-08,0.00016501650165016502,0.00011303995533264668,0.0,0.0
93,NithikYekollu,117788385,8.250825082508251e-05,1,0,0.0,0.0,0.00011303995533264668,0.0,0.0
94,sehrishanam1,5937141,0.00016501650165016502,2,0,0.0,0.0,0.00013905405166380618,0.0,0.0
95,KJyang-0114,123161546,8.250825082508251e-05,1,0,0.0,0.0,0.00011462921515170547,0.0,0.0
96,gaurav-132,109432749,8.250825082508251e-05,1,0,0.0,0.0,0.00011303995533264668,0.0,0.0
97,samtuckerdavis,126325182,0.00024752475247524753,3,0,0.0,0.0,0.00015288306980901133,1.0,0.02102650573943802
98,ericpan17,16618910,0.00016501650165016502,2,0,0.0,0.0,0.00011661930042096167,1.0,0.002422725566956529
99,ayushs206,224393710,8.250825082508251e-05,1,0,0.0,0.0,0.00011303995533264668,0.0,0.0
100,Nicknamess96,113626193,8.250825082508251e-05,1,0,0.0,0.0,0.00011303995533264668,0.0,0.0
101,muru82,12719799,8.250825082508251e-05,1,0,0.0,0.0,0.0001128633709083068,0.0,0.0
102,fuleinist,1163738,8.250825082508251e-05,1,0,0.0,0.0,0.00011303995533264668,0.0,0.0
103,digital-wizard48,263057794,0.00024752475247524753,3,0,0.0,0.0,0.00012769532243730485,0.3333333333333333,0.00295821748237059
104,davetashner,5702882,0.00024752475247524753,3,0,0.0,0.0,0.00021898689030981291,0.3333333333333333,0.006038228065732552
105,danielalanbates,211571394,8.250825082508251e-05,1,0,0.0,0.0,0.00012095029947786533,0.0,0.0056530263228985675
106,erdinccurebal,51272273,0.00033003300330033004,1,3,3.867361484456747e-05,0.0004950495049504951,0.00011856406941898866,0.16666666666666666,0.004037875944927548
107,RlxChap2,133292635,8.250825082508251e-05,1,0,0.0,0.0,0.00011590647416313523,0.0,0.0003100158790997766
108,ProxyLoader,104734722,8.250825082508251e-05,1,0,0.0,0.0,0.000144501413602533,0.0,0.0
109,speedcoder430,165668117,8.250825082508251e-05,1,0,0.0,0.0,0.00011303995533264668,0.0,0.0
110,cuiweixie,1579517,0.00024752475247524753,3,0,0.0,0.0,0.0001785360414109594,0.0,3.704917237600607e-05
111,realMelTuc,259125330,8.250825082508251e-05,1,0,0.0,0.0,0.00011303995533264668,0.0,0.0
112,DemianParkhomenko,95881717,8.250825082508251e-05,1,0,0.0,0.0,0.00012193593407591486,0.0,0.0
113,apoorvdarshan,90602809,8.250825082508251e-05,1,0,0.0,0.0,0.00011348141639349634,0.0,0.0
114,tommyhgunz14,225848704,0.0,0,0,0.0,0.0,0.000112598494271797,0.0,0.0
115,aviu16,162624394,0.00016501650165016502,2,0,0.0,0.0,0.00014636824544371363,0.0,3.704917237600607e-05
116,veeceey,34209028,0.0005775577557755776,7,0,0.0,0.0,0.00040438293645202785,0.2857142857142857,0.002681988487332334
117,w13683434020-dot,246983278,8.250825082508251e-05,1,0,0.0,0.0,0.00011303995533264668,0.0,0.0
118,pavan-sh,6236910,0.00024752475247524753,3,0,0.0,0.0,0.00012878358454158182,0.6666666666666666,0.0056530263228985675
119,RatnadeepCode,257014599,0.0,0,0,0.0,0.0,0.000112598494271797,0.0,0.0
120,xyztnecniV,110192455,8.250825082508251e-05,1,0,0.0,0.0,0.00011854826889108072,0.0,0.0068380678229985215
121,kerex-bot,259859351,0.0,0,0,0.0,0.0,0.000112598494271797,0.0,0.0
122,suuuuuuminnnnnn,168920170,0.00016501650165016502,1,1,0.0,0.00016501650165016502,0.00012095029947786533,1.0,0.0056530263228985675
123,mohitvkumar-dev,234967756,8.250825082508251e-05,1,0,0.0,0.0,0.00011911031163858214,0.0,0.0017275200258862614
124,Rajeev357,257766933,8.250825082508251e-05,1,0,0.0,0.0,0.0001128633709083068,0.0,0.0
125,Velcro3,93869119,8.250825082508251e-05,1,0,0.0,0.0,0.00011303995533264668,0.0,0.0
126,datlasuryavarma320,232712586,8.250825082508251e-05,1,0,0.0,0.0,0.0001128633709083068,0.0,0.0
127,paulchen5,78027149,0.00033003300330033004,4,0,0.0,0.0,0.0002264142828923447,0.6666666666666666,0.0024928613876808244
128,netatall,258787433,8.250825082508251e-05,1,0,0.0,0.0,0.0001128633709083068,0.0,0.0
129,Abdel-Monaam-Aouini,52112750,0.0011551155115511551,8,6,4.02829986865755e-05,0.160754284521855,0.0004989853229554358,0.37362637362637363,0.10637456710630332
130,jonathan-fulton,4665111,0.00033003300330033004,4,0,0.0,0.0,0.00021687834820156932,0.5,0.01066693267532952
131,membercatcousin,196226930,0.0,0,0,0.0,0.0,0.000112598494271797,0.0,0.0
132,KhanNoellaPenn,184300613,8.250825082508251e-05,1,0,0.0,0.0,0.000116177839360112,0.0,0.002422725566956529
133,Karan7687,86149931,8.250825082508251e-05,1,0,0.0,0.0,0.00011303995533264668,0.0,0.0
134,alanpurple,4515120,0.00016501650165016502,1,1,8.336250225552268e-06,0.24131732033168335,0.00011277507869613686,0.0,0.0
135,surjeet-c,253012823,8.250825082508251e-05,1,0,0.0,0.0,0.0001215418718592284,0.0,0.0038976434182850443
136,pcr-analytics-gh,255410476,8.250825082508251e-05,1,0,0.0,0.0,0.00011303995533264668,0.0,0.0
137,GroophyLifefor,77299279,0.0009075907590759076,5,6,4.905485621029617e-06,0.1712160526548601,0.00016210484345969718,0.28888888888888886,0.009634750686766058
138,bjohansebas,103585995,0.025495049504950493,31,278,0.00553461503956028,0.23606434812665553,0.0028690891166547865,0.008008008008008008,0.35206059337601747
139,Dhritimann,157019328,8.250825082508251e-05,1,0,0.0,0.0,0.00011856406941898866,0.0,0.004037875944927548
140,Surajbhosale18,87417300,0.00024752475247524753,3,0,0.0,0.0,0.0001241099975727561,0.6666666666666666,0.004037875944927548
141,NelsonRamirezC,104329947,8.250825082508251e-05,1,0,0.0,0.0,0.0001128633709083068,0.0,0.0
142,Abidstic,53114608,0.0,0,0,0.0,0.0,0.000112598494271797,0.0,0.0
143,raniarji3-cloud,234745543,8.250825082508251e-05,1,0,0.0,0.0,0.00012288117515581978,0.0,0.003549860978844708
144,gayanMatch,132382032,0.0,0,0,0.0,0.0,0.000112598494271797,0.0,0.0
145,SAURABHHAM44,153006191,8.250825082508251e-05,1,0,0.0,0.0,0.00012459495530315693,0.0,0.004141504475318826
146,chimalasaikiran,138483691,8.250825082508251e-05,1,0,0.0,0.0,0.00011960157412488539,0.0,0.0
147,stevi84,20553022,8.250825082508251e-05,1,0,0.0,0.0,0.00011277507869613686,0.0,0.0
148,Kishan-Talaviya-TBS,235819694,0.00016501650165016502,2,0,0.0,0.0,0.00012214009108506627,1.0,0.005021154512479892
149,Zer0dev1,163362130,8.250825082508251e-05,1,0,0.0,0.0,0.000116177839360112,0.0,0.002422725566956529
150,UlisesGascon,5110813,0.02929042904290429,65,290,0.01231035070214774,0.2835513459414164,0.0068144992726295985,0.005934399857002413,0.5663896346188125
151,Satyam8589,137251288,0.00024752475247524753,3,0,0.0,0.0,0.0002265880696555542,0.0,0.0038976434182850443
152,gabrieel1007,121512531,0.0011551155115511551,13,1,0.0008211879118263371,0.19477515387600247,0.000962283443655736,0.11538461538461539,0.0362266069055893
153,sahil9001,32628578,0.00016501650165016502,2,0,0.0,0.0,0.0001322885292916272,1.0,0.00591643496474118
154,dohrisalim,104096451,8.250825082508251e-05,0,1,0.0,0.17119438221194383,0.000112598494271797,0.0,0.0
155,lightight,162417562,8.250825082508251e-05,1,0,0.0,0.0,0.00012154187185922839,0.0,0.0038976434182850443
156,MirrorDNA-Reflection-Protocol,239564541,0.00016501650165016502,2,0,0.0,0.0,0.00011653100820879173,1.0,0.002422725566956529
157,SID-2006,189277110,8.250825082508251e-05,1,0,0.0,0.0,0.000116177839360112,0.0,0.002422725566956529
158,yogesh-021-code,243943567,8.250825082508251e-05,1,0,0.0,0.0,0.00012154187185922839,0.0,0.0038976434182850443
159,JanhaviPawar2004,220880890,8.250825082508251e-05,1,0,0.0,0.0,0.0001189790781379442,0.0,0.0
160,rxmarbles,9443787,0.00041254125412541255,3,2,6.808735007846386e-09,0.17185622997783648,0.00014930555424476228,0.8333333333333334,0.014923231010797169
161,Florine0113,55675357,8.250825082508251e-05,1,0,0.0,0.0,0.00011856406941898866,0.0,0.004037875944927548
162,Wisp-xd,212655059,8.250825082508251e-05,1,0,0.0,0.0,0.00012095029947786533,0.0,0.0056530263228985675
163,ST4RKJR,179912204,0.00016501650165016502,2,0,0.0,0.0,0.00012112688390220519,1.0,0.0056530263228985675
164,ctcpip,15326526,0.0039603960396039604,9,39,0.0004822781193620362,0.21628704344876265,0.0005436171498055102,0.08305647840531562,0.08396391793395061
165,theaniketgiri,145838770,0.00033003300330033004,4,0,0.0,0.0,0.00017755016363499486,0.5,0.008611243805269158
166,BOXER78,84309847,0.00041254125412541255,5,0,0.0,0.0,0.000421800410262302,0.1,0.006836313315846804
167,AlexJMcloud,65539718,8.250825082508251e-05,1,0,0.0,0.0,0.00011277507869613686,0.0,0.0
168,Magnus1X,191045884,0.00016501650165016502,2,0,0.0,0.0,0.00012208641005509525,0.0,0.0015408069713359347
169,Shivam-75,217227179,0.00033003300330033004,3,1,1.9336807422283736e-05,0.00016501650165016502,0.00011944180307452308,0.16666666666666666,0.002422725566956529
170,marcosmol204,53741892,0.00033003300330033004,4,0,0.0,0.0,0.00017130565308691003,0.3333333333333333,0.011306052645797135
171,pckrishnadas88,5269476,8.250825082508251e-05,1,0,0.0,0.0,0.00011515072781825588,0.0,0.0
172,rajgupta2,116866281,0.00033003300330033004,4,0,0.0,0.0,0.00040809381760108606,0.0,1.1114751712801823e-05
173,ASnow,572218,8.250825082508251e-05,1,0,0.0,0.0,0.00012750412358418267,0.0,0.0064960723638084064
174,Vynxvoid,180323308,0.00016501650165016502,2,0,0.0,0.0,0.00011683367232007736,0.0,0.0
175,Phillip9587,17254592,0.0022277227722772275,12,15,0.0004390976460127003,0.21204151758459427,0.0007890785928487681,0.2077922077922078,0.25103616109360805
176,sanjana2505006,183577111,0.00033003300330033004,4,0,0.0,0.0,0.00021606811652068804,0.3333333333333333,0.002422725566956529
177,SIVALANAGASHANKARNIVAS,221037036,8.250825082508251e-05,1,0,0.0,0.0,0.00011321653975698654,0.0,0.0
178,khushboo201992,232340743,8.250825082508251e-05,1,0,0.0,0.0,0.0001304852494466598,0.0,0.007795286836570089
179,dynst,148708712,0.0004950495049504951,6,0,0.0,0.0,0.00015950215592786828,0.8666666666666667,0.01832332655173482
180,sudip-kumar-prasad,184346250,0.00016501650165016502,2,0,0.0,0.0,0.00011874065384332852,1.0,0.004037875944927548
181,JPfacts,174792073,0.00016501650165016502,2,0,0.0,0.0,0.00021427282741119663,0.0,0.004037875944927548
182,opnsrcntrbtr,7788571,0.00016501650165016502,2,0,0.0,0.0,0.0001445109945187773,0.0,0.00295821748237059
183,mspoerer,6773651,0.00016501650165016502,2,0,0.0,0.0,0.00012409410540568727,1.0,0.0038976434182850443
184,Tilak1929,211188790,8.250825082508251e-05,1,0,0.0,0.0,0.00012154187185922839,0.0,0.0038976434182850443
185,anshiii14,199502004,8.250825082508251e-05,1,0,0.0,0.0,0.00012154187185922839,0.0,0.0038976434182850443
186,Meet00028,187490720,0.00016501650165016502,2,0,0.0,0.0,0.00011873007290657087,1.0,0.002422725566956529
187,tushar73-jet,184378329,8.250825082508251e-05,1,0,0.0,0.0,0.00012095029947786533,0.0,0.0056530263228985675
188,Tacit1,48478887,8.250825082508251e-05,1,0,0.0,0.0,0.00012452964456618034,0.0,0.008075751889855097
189,ankandas3440-alt,221064457,8.250825082508251e-05,1,0,0.0,0.0,0.00012154187185922839,0.0,0.0038976434182850443
190,Ayoub-Mabrouk,77799760,0.0006600660066006601,8,0,0.0,0.0,0.0006315119035732712,0.35714285714285715,0.12429666015443357
191,xsfj,180543420,0.0004950495049504951,6,0,0.0,0.0,0.00022532809641493166,0.4,0.006042923417331107
192,skyeyeye,160033408,0.00016501650165016502,2,0,0.0,0.0,0.0001243960360827812,1.0,0.007268176700869587
193,shivank-1011,184391310,8.250825082508251e-05,1,0,0.0,0.0,0.00011277507869613686,0.0,0.0
194,DevaanshKathuria,174385992,0.00024752475247524753,3,0,0.0,0.0,0.00041415429977221076,0.0,0.006510895592168925
195,SaisakthiM,203510226,0.00041254125412541255,4,1,2.6781024364195785e-07,0.00016501650165016502,0.00022463686393597835,0.1,0.0032310766143928927
196,Sainan,63328889,0.00024752475247524753,2,1,2.7234940031385545e-08,0.00022002200220022002,0.00011655767454545094,0.0,0.0001691168781126236
197,Mick-Mick01,103585891,0.0,0,0,0.0,0.0,0.000112598494271797,0.0,0.0
198,lukaselmer,326935,0.00024752475247524753,3,0,0.0,0.0,0.0001399590118796423,0.0,0.0
199,Aphelion-Z,192827667,0.00016501650165016502,2,0,0.0,0.0,0.00012029206826026728,1.0,0.001774930489422354
200,khteh,3871483,0.00016501650165016502,2,0,0.0,0.0,0.00011797939657537001,0.0,0.001405931948788492
201,suraj-naithani,66134800,8.250825082508251e-05,1,0,0.0,0.0,0.00012750412358418267,0.0,0.0064960723638084064
202,Shanu2409,91169674,8.250825082508251e-05,1,0,0.0,0.0,0.00012750412358418267,0.0,0.0064960723638084064
203,rakibulinux,59226530,0.00033003300330033004,4,0,0.0,0.0,0.00026781791128686585,0.0,0.00295821748237059
204,pravinghub,110684578,0.0,0,0,0.0,0.0,0.000112598494271797,0.0,0.0
205,guimard,47256,0.0004950495049504951,6,0,0.0,0.0,0.00015999227592968364,0.26666666666666666,0.010479373627365628
206,CHKoushikRao,157813820,8.250825082508251e-05,1,0,0.0,0.0,0.00012154187185922839,0.0,0.0038976434182850443
207,cornusandu,34373732,0.00024752475247524753,3,0,0.0,0.0,0.00021206318177665982,0.3333333333333333,0.002422725566956529
208,SrinjoyDev,205462634,0.0006600660066006601,6,2,9.107078917655322e-07,0.00033003300330033004,0.00027371598657509685,0.35714285714285715,0.007747565127065144
209,KiranKumar674,177744973,8.250825082508251e-05,1,0,0.0,0.0,0.000116177839360112,0.0,0.002422725566956529
210,Nikhil012N,133760076,0.00024752475247524753,3,0,0.0,0.0,0.00017189205776404053,0.0,0.0056530263228985675
211,Zohaib-Alvi,38066712,8.250825082508251e-05,1,0,0.0,0.0,0.00012154187185922839,0.0,0.0038976434182850443
212,renaoch,202912332,0.00016501650165016502,2,0,0.0,0.0,0.00016880467847396933,0.0,0.0056530263228985675
213,D19cannon,14916043,0.00024752475247524753,3,0,0.0,0.0,0.00012182803313339975,0.3333333333333333,0.004037875944927548
214,jeetvani,88400079,8.250825082508251e-05,1,0,0.0,0.0,0.00020830725226400498,0.0,0.0
215,mohdumer-dev,156508865,8.250825082508251e-05,1,0,0.0,0.0,0.00012154187185922839,0.0,0.0038976434182850443
216,Dhairya3391,66764647,0.00024752475247524753,3,0,0.0,0.0,0.000315979605005239,0.0,0.0
217,mntkat,85989407,0.0,0,0,0.0,0.0,0.000112598494271797,0.0,0.0
218,OP-Prajwal,164473062,0.00033003300330033004,4,0,0.0,0.0,0.00020786729027441695,0.5,0.0063008218757704655
219,NalinDalal,116961144,0.00016501650165016502,2,0,0.0,0.0,0.00021904528752895,0.0,0.007268176700869587
220,ajpradeep,237213993,8.250825082508251e-05,1,0,0.0,0.0,0.00012154187185922839,0.0,0.0038976434182850443
221,theiter8r,194221439,0.00016501650165016502,2,0,0.0,0.0,0.00016394462252751038,0.0,0.0005778026142509755
222,NotARagebait,237111593,0.00016501650165016502,2,0,0.0,0.0,0.00016394462252751038,0.0,0.0005778026142509755
223,brunnerh,834235,0.00033003300330033004,3,1,5.446988006277109e-08,0.00016501650165016502,0.0003189216395685986,0.16666666666666666,0.0064960723638084064
224,FijiAura,177214233,0.00016501650165016502,2,0,0.0,0.0,0.0003926253877017026,1.0,0.0039274454861955
225,ghost,10137,0.010313531353135313,81,44,0.009740866326812992,0.2791614834938299,0.005815294158229239,0.027823691460055096,0.10704634842969042
226,alok059,161014476,0.0,0,0,0.0,0.0,0.000112598494271797,0.0,0.0
227,MeowGurl,232375353,0.00033003300330033004,4,0,0.0,0.0,0.00029700792817827633,0.0,0.0038976434182850443
228,saltymango2619,68480064,0.0007425742574257426,9,0,0.0,0.0,0.0007755517181393162,0.0,0.0038976434182850443
229,wasdhjklxyz,226608430,0.0,0,0,0.0,0.0,0.000112598494271797,0.0,0.0
230,Jai-Sandhu-Mex,120269856,8.250825082508251e-05,1,0,0.0,0.0,0.000160452873267901,0.0,0.0
231,rahul-sahanii,200029134,8.250825082508251e-05,1,0,0.0,0.0,0.00012750412358418267,0.0,0.0064960723638084064
232,08vv,165104093,0.0,0,0,0.0,0.0,0.000112598494271797,0.0,0.0
233,Sandesh-projects,140963976,0.0004950495049504951,6,0,0.0,0.0,0.00046160513948864424,0.06666666666666667,0.004088721447166289
234,yinpeng-sigma,193937621,0.0004950495049504951,6,0,0.0,0.0,0.0004080903015521141,0.13333333333333333,0.0030989033034531078
235,siddharthNirmale,94191196,8.250825082508251e-05,1,0,0.0,0.0,0.00020830725226400498,0.0,0.0
236,imbkz,103179898,0.00041254125412541255,4,1,8.170482009415663e-08,0.00016501650165016502,0.0004086681458358523,0.1,0.0038976434182850443
237,maximosnolan,56651880,0.0007425742574257426,9,0,0.0,0.0,0.0008453198085257424,0.0,0.0064960723638084064
238,IlyasShabi,33763729,0.00024752475247524753,2,1,5.446988006277109e-08,0.00016501650165016502,0.000304016010256213,0.0,0.0
239,Vijaylaxmi-Swamy,232621778,0.0,0,0,0.0,0.0,0.000112598494271797,0.0,0.0
240,Shreychit,126586224,0.0013201320132013201,16,0,0.0,0.0,0.0021899338665349404,0.008333333333333333,0.006606475720521801
241,tausiq2003,80088029,0.0006600660066006601,7,1,3.9944578712698804e-07,0.00016501650165016502,0.0005539383446729723,0.03571428571428571,0.005423253748164034
242,Ronitsabhaya75,132860834,0.00024752475247524753,3,0,0.0,0.0,0.00023023475499274948,0.3333333333333333,0.006257266535815046
243,kpvgeetha,137508464,0.00016501650165016502,2,0,0.0,0.0,0.00013631068441134292,1.0,0.0053094588201870315
244,Vaibhav9725,182404436,8.250825082508251e-05,1,0,0.0,0.0,0.00012154187185922839,0.0,0.0038976434182850443
245,subhajyotidutta806-dotcom,229804995,0.0,0,0,0.0,0.0,0.000112598494271797,0.0,0.0
246,AnkanSaha,93839804,0.00024752475247524753,3,0,0.0,0.0,0.0001233024852936356,0.3333333333333333,0.002354989492894756
247,PUNDLIK843196,208918861,8.250825082508251e-05,1,0,0.0,0.0,0.00012154187185922839,0.0,0.0038976434182850443
248,elaafhizru,234238506,8.250825082508251e-05,1,0,0.0,0.0,0.00012154187185922839,0.0,0.0038976434182850443
249,supakornn,78318848,0.0,0,0,0.0,0.0,0.000112598494271797,0.0,0.0
250,programmer770085-stack,233836397,8.250825082508251e-05,1,0,0.0,0.0,0.00012154187185922839,0.0,0.0038976434182850443
251,mintxdp,111143111,0.0,0,0,0.0,0.0,0.000112598494271797,0.0,0.0
252,JintuRathod,137256524,8.250825082508251e-05,1,0,0.0,0.0,0.00012154187185922839,0.0,0.0038976434182850443
253,deepakyadav099,181271433,8.250825082508251e-05,1,0,0.0,0.0,0.00012154187185922839,0.0,0.0038976434182850443
254,ifxu263,186739346,0.0,0,0,0.0,0.0,0.000112598494271797,0.0,0.0
255,sanikagite16,225355600,8.250825082508251e-05,1,0,0.0,0.0,0.00012154187185922839,0.0,0.0038976434182850443
256,tyagi14,61702939,8.250825082508251e-05,1,0,0.0,0.0,0.00011815061354761663,0.0,0.0005150524147345504
257,bjvn582005,202804726,8.250825082508251e-05,1,0,0.0,0.0,0.000116177839360112,0.0,0.002422725566956529
258,riyashravani,233254872,8.250825082508251e-05,1,0,0.0,0.0,0.00012154187185922839,0.0,0.0038976434182850443
259,asif7khannn,232089340,0.0,0,0,0.0,0.0,0.000112598494271797,0.0,0.0
260,mohdsuhel5712,232899698,8.250825082508251e-05,1,0,0.0,0.0,0.00012154187185922839,0.0,0.0038976434182850443
261,Himel-032,139494430,0.00016501650165016502,2,0,0.0,0.0,0.00016939625085533237,0.0,0.0038976434182850443
262,Vedant224,118610480,0.00041254125412541255,5,0,0.0,0.0,0.00020314500769732686,0.9,0.03425271635657274
263,aditya2003uniyal,88824019,0.0,0,0,0.0,0.0,0.000112598494271797,0.0,0.0
264,NIKHILMORE6750,178649028,0.0,0,0,0.0,0.0,0.000112598494271797,0.0,0.0
265,danish348,160230085,0.00016501650165016502,2,0,0.0,0.0,0.0001266832123012398,1.0,0.005672573907707397
266,sksubpro,209670209,8.250825082508251e-05,1,0,0.0,0.0,0.00012154187185922839,0.0,0.0038976434182850443
267,Sayanil,113043668,8.250825082508251e-05,1,0,0.0,0.0,0.00012154187185922839,0.0,0.0038976434182850443
268,sibasishsahu141-boop,230830967,8.250825082508251e-05,1,0,0.0,0.0,0.000116177839360112,0.0,0.002422725566956529
269,dioubernardo,3487994,0.0,0,0,0.0,0.0,0.000112598494271797,0.0,0.0
270,ProfessorSatish,218603702,0.0,0,0,0.0,0.0,0.000112598494271797,0.0,0.0
271,NitheshKumar07,176988001,0.0,0,0,0.0,0.0,0.000112598494271797,0.0,0.0
272,piyu0506,143828842,0.0,0,0,0.0,0.0,0.000112598494271797,0.0,0.0
273,Ayush-007-ai,198442007,0.0,0,0,0.0,0.0,0.000112598494271797,0.0,0.0
274,anezroscaolivia-commits,232172378,8.250825082508251e-05,1,0,0.0,0.0,0.000116177839360112,0.0,0.002422725566956529
275,saikat123263,230009236,8.250825082508251e-05,1,0,0.0,0.0,0.000116177839360112,0.0,0.002422725566956529
276,joshua-rogers-exodus,196903783,0.0009075907590759076,11,0,0.0,0.0,0.0009048795223523474,0.10909090909090909,0.0028339809194442953
277,macjik,79327082,0.00016501650165016502,2,0,0.0,0.0,0.0001333328819711032,1.0,0.005449691346829535
278,Amritesh0007,231399361,0.0,0,0,0.0,0.0,0.000112598494271797,0.0,0.0
279,Dax-developer,168261729,8.250825082508251e-05,1,0,0.0,0.0,0.00012154187185922839,0.0,0.0038976434182850443
280,appeltje-c,108669386,8.250825082508251e-05,1,0,0.0,0.0,0.00011277507869613686,0.0,0.0
281,Kamalkim,176789401,8.250825082508251e-05,1,0,0.0,0.0,0.00012154187185922839,0.0,0.0038976434182850443
282,vedantbhagwat08,230519744,0.0,0,0,0.0,0.0,0.000112598494271797,0.0,0.0
283,likhy1922-likhitha,230801741,8.250825082508251e-05,1,0,0.0,0.0,0.00012154187185922839,0.0,0.0038976434182850443
284,Aohona020,229116345,0.0,0,0,0.0,0.0,0.000112598494271797,0.0,0.0
285,mohammed2855,230022641,0.0,0,0,0.0,0.0,0.000112598494271797,0.0,0.0
286,MukeshKumarC-0309,230587083,8.250825082508251e-05,1,0,0.0,0.0,0.00012154187185922839,0.0,0.0038976434182850443
287,MukeshSethi422,228420538,8.250825082508251e-05,1,0,0.0,0.0,0.00012154187185922839,0.0,0.0038976434182850443
288,mohithgowdadb,219524989,8.250825082508251e-05,1,0,0.0,0.0,0.00012154187185922839,0.0,0.0038976434182850443
289,O4FDev,52675277,0.00024752475247524753,3,0,0.0,0.0,0.00041588936016291513,0.0,0.004952481119522345
290,Coderakshatboop,175177094,0.0,0,0,0.0,0.0,0.000112598494271797,0.0,0.0
291,luas10c,66514698,8.250825082508251e-05,1,0,0.0,0.0,0.00011737095438955034,0.0,0.0032303007559420388
292,Sashi0809,197245761,0.0,0,0,0.0,0.0,0.000112598494271797,0.0,0.0
293,Satya-Ranjan-Das761,229511362,0.0,0,0,0.0,0.0,0.000112598494271797,0.0,0.0
294,neetubansal2306,94070668,8.250825082508251e-05,1,0,0.0,0.0,0.000116177839360112,0.0,0.002422725566956529
295,Indrajit1465,127869086,0.0,0,0,0.0,0.0,0.000112598494271797,0.0,0.0
296,ashik1074,48981854,0.00016501650165016502,2,0,0.0,0.0,0.00013406459453497478,1.0,0.010218012403526619
297,srivastava-shashwat,185692872,0.0,0,0,0.0,0.0,0.000112598494271797,0.0,0.0
298,chhavikumar001,228944663,8.250825082508251e-05,1,0,0.0,0.0,0.00012154187185922839,0.0,0.0038976434182850443
299,JLLeitschuh,1323708,0.00024752475247524753,2,1,5.134110421392739e-07,0.00041254125412541255,0.00021069348232288164,0.0,0.0016151503779710194
300,AyushGupta30091,181572964,0.00016501650165016502,2,0,0.0,0.0,0.00013094665191222652,1.0,0.003834540968858516
301,kholaazeem,191131484,0.0,0,0,0.0,0.0,0.000112598494271797,0.0,0.0
302,virtualabishek,88627841,8.250825082508251e-05,1,0,0.0,0.0,0.00011557338158143886,0.0,0.0034190339114992608
303,luanshu232110-ui,227764268,8.250825082508251e-05,1,0,0.0,0.0,0.00012154187185922839,0.0,0.0038976434182850443
304,ritz-0912,149960003,8.250825082508251e-05,1,0,0.0,0.0,0.000116177839360112,0.0,0.002422725566956529
305,hishammahmud,194688237,8.250825082508251e-05,1,0,0.0,0.0,0.000116177839360112,0.0,0.002422725566956529
306,kushaalan,185804790,0.0,0,0,0.0,0.0,0.000112598494271797,0.0,0.0
307,stageor,220018026,8.250825082508251e-05,1,0,0.0,0.0,0.000116177839360112,0.0,0.002422725566956529
308,goutam9324,181598499,8.250825082508251e-05,1,0,0.0,0.0,0.000116177839360112,0.0,0.002422725566956529
309,aadityakute3010-ak,227408142,8.250825082508251e-05,1,0,0.0,0.0,0.000116177839360112,0.0,0.002422725566956529
310,Arpita0219,184009042,0.0,0,0,0.0,0.0,0.000112598494271797,0.0,0.0
311,TrishulSwamyHM,227005448,8.250825082508251e-05,1,0,0.0,0.0,0.00012154187185922839,0.0,0.0038976434182850443
312,Tanmay-008,158763203,0.0007425742574257426,9,0,0.0,0.0,0.0007499953943086858,0.08333333333333333,0.00598460929141671
313,saurabhedict,195518672,8.250825082508251e-05,1,0,0.0,0.0,0.00012154187185922839,0.0,0.0038976434182850443
314,mubashirali861,177295934,0.0,0,0,0.0,0.0,0.000112598494271797,0.0,0.0
315,makarand-16,222243223,0.0,0,0,0.0,0.0,0.000112598494271797,0.0,0.0
316,SouvikKundu399,179850113,8.250825082508251e-05,1,0,0.0,0.0,0.00012154187185922839,0.0,0.0038976434182850443
317,sairamavvaru,98108102,0.00024752475247524753,3,0,0.0,0.0,0.0001282085962376146,0.6666666666666666,0.006320368985241573
318,Kuldeep-Sahoo,144123998,0.00033003300330033004,4,0,0.0,0.0,0.0003147507220989205,0.16666666666666666,0.005828729701465401
319,chandan2905,84827371,0.0,0,0,0.0,0.0,0.000112598494271797,0.0,0.0
320,aman150803,225076849,0.00016501650165016502,2,0,0.0,0.0,0.00012356224563616925,1.0,0.003128633267907523
321,prat86,177026047,0.0,0,0,0.0,0.0,0.000112598494271797,0.0,0.0
322,Manya170470,193211926,8.250825082508251e-05,1,0,0.0,0.0,0.000116177839360112,0.0,0.002422725566956529
323,ruchirachaubey,175154267,0.00016501650165016502,1,1,0.0,0.00022002200220022002,0.000116177839360112,1.0,0.002422725566956529
324,Ysudhanshujii,224635571,8.250825082508251e-05,1,0,0.0,0.0,0.000116177839360112,0.0,0.002422725566956529
325,officialpiyush030,223976826,8.250825082508251e-05,1,0,0.0,0.0,0.00012154187185922839,0.0,0.0038976434182850443
326,ammapp2021,169449353,8.250825082508251e-05,1,0,0.0,0.0,0.00012154187185922839,0.0,0.0038976434182850443
327,vinodchoudhary21,214855834,8.250825082508251e-05,1,0,0.0,0.0,0.00012154187185922839,0.0,0.0038976434182850443
328,Aakhibkhan,174731410,0.00016501650165016502,2,0,0.0,0.0,0.00012512121694754338,1.0,0.006320368985241573
329,ericcornelissen,3742559,8.250825082508251e-05,1,0,0.0,0.0,0.0001169488923623519,0.0,0.0
330,Sadik-mulani,224385439,8.250825082508251e-05,1,0,0.0,0.0,0.00012154187185922839,0.0,0.0038976434182850443
331,sagar-system,215446617,8.250825082508251e-05,1,0,0.0,0.0,0.00012154187185922839,0.0,0.0038976434182850443
332,mayur-tarlekar3,146643570,0.00016501650165016502,1,1,1.0667018178959338e-07,0.00016501650165016502,0.0001177398347138084,0.0,0.001774930489422354
333,Naveed-Aslam786,209875907,8.250825082508251e-05,1,0,0.0,0.0,0.000116177839360112,0.0,0.002422725566956529
334,AnshGupta-byte,223660196,8.250825082508251e-05,1,0,0.0,0.0,0.00012154187185922839,0.0,0.0038976434182850443
335,Aditya010102,159251292,8.250825082508251e-05,1,0,0.0,0.0,0.00011507947919030067,0.0,0.00023251190932483244
336,Nitish-singh123,173465357,8.250825082508251e-05,1,0,0.0,0.0,0.000116177839360112,0.0,0.002422725566956529
337,Poornima-Talawar,197233378,8.250825082508251e-05,1,0,0.0,0.0,0.000116177839360112,0.0,0.002422725566956529
338,Niravsoni09,155954591,0.0,0,0,0.0,0.0,0.000112598494271797,0.0,0.0
339,boranche,149079251,8.250825082508251e-05,1,0,0.0,0.0,0.000116177839360112,0.0,0.002422725566956529
340,ManshuCoder,164214486,8.250825082508251e-05,1,0,0.0,0.0,0.000116177839360112,0.0,0.002422725566956529
341,Anku-2023,141347880,8.250825082508251e-05,1,0,0.0,0.0,0.00011815061354761663,0.0,0.0005150524147345504
342,smishra0809,131479303,0.0,0,0,0.0,0.0,0.000112598494271797,0.0,0.0
343,babloo-tech,222577823,0.0,0,0,0.0,0.0,0.000112598494271797,0.0,0.0
344,sinasr99,186797454,8.250825082508251e-05,1,0,0.0,0.0,0.00011815061354761663,0.0,0.0005150524147345504
345,dipeshyadav3169,75827903,8.250825082508251e-05,1,0,0.0,0.0,0.00012154187185922839,0.0,0.0038976434182850443
346,avaneesh95,189892545,8.250825082508251e-05,1,0,0.0,0.0,0.00012154187185922839,0.0,0.0038976434182850443
347,rashmimohabiya1,169522656,0.0,0,0,0.0,0.0,0.000112598494271797,0.0,0.0
348,lanjalI05,208326929,0.0,0,0,0.0,0.0,0.000112598494271797,0.0,0.0
349,nitin-is-me,150040530,0.00024752475247524753,3,0,0.0,0.0,0.00022265058818097912,0.3333333333333333,0.0032303007559420388
350,AkulaHarsha,159605058,8.250825082508251e-05,1,0,0.0,0.0,0.000116177839360112,0.0,0.002422725566956529
351,spanbude,97357801,8.250825082508251e-05,1,0,0.0,0.0,0.000116177839360112,0.0,0.002422725566956529
352,Rishav250-cmd,213073469,8.250825082508251e-05,1,0,0.0,0.0,0.000116177839360112,0.0,0.002422725566956529
353,prasadbeedam,166747673,0.00016501650165016502,2,0,0.0,0.0,0.00011926521865018322,0.0,0.002422725566956529
354,broofa,164050,0.0004950495049504951,4,2,0.000412660107055685,0.20284864805275957,0.00018759126954050694,0.06666666666666667,0.0018537919882098688
355,vanshikaverma080,221235095,0.0,0,0,0.0,0.0,0.000112598494271797,0.0,0.0
356,rushikesh-thokare,221127755,8.250825082508251e-05,1,0,0.0,0.0,0.00012154187185922839,0.0,0.0038976434182850443
357,FalaknazM,200750689,8.250825082508251e-05,1,0,0.0,0.0,0.000116177839360112,0.0,0.002422725566956529
358,ZaisProjects,147886152,8.250825082508251e-05,1,0,0.0,0.0,0.00011856406941898866,0.0,0.004037875944927548
359,abukashem05,215447121,8.250825082508251e-05,1,0,0.0,0.0,0.00012154187185922839,0.0,0.0038976434182850443
360,KRafid,219375003,0.0,0,0,0.0,0.0,0.000112598494271797,0.0,0.0
361,Amanp30,107720919,0.00024752475247524753,3,0,0.0,0.0,0.0004861479928722637,0.0,1.8524586188003036e-05
362,Navya-Mishra10,216730097,8.250825082508251e-05,1,0,0.0,0.0,0.000116177839360112,0.0,0.002422725566956529
363,SriramMerla,220369938,0.00016501650165016502,2,0,0.0,0.0,0.00012246388546635793,1.0,0.0009384196102758261
364,RaginiSharma01,151955610,0.00041254125412541255,5,0,0.0,0.0,0.0003848504861575244,0.3,0.04459016791994092
365,ale-grosselle,6173088,8.250825082508251e-05,1,0,0.0,0.0,0.00011498472433067367,0.0,0.0016151503779710194
366,sakshi-mishra732,220495003,8.250825082508251e-05,1,0,0.0,0.0,0.000116177839360112,0.0,0.002422725566956529
367,albertoborit,17678947,0.00024752475247524753,2,1,1.939127730234651e-05,0.00016501650165016502,0.00021427282741119663,0.0,0.004037875944927548
368,NehalKashif,157699531,8.250825082508251e-05,1,0,0.0,0.0,0.000116177839360112,0.0,0.002422725566956529
369,bhagyaa176,219815837,0.0,0,0,0.0,0.0,0.000112598494271797,0.0,0.0
370,Srirang79,159520149,8.250825082508251e-05,1,0,0.0,0.0,0.000116177839360112,0.0,0.002422725566956529
371,789-raghu,113351631,8.250825082508251e-05,1,0,0.0,0.0,0.00011507947919030067,0.0,0.00023251190932483244
372,Khadija-Hanif-git,219810248,0.0,0,0,0.0,0.0,0.000112598494271797,0.0,0.0
373,faraazayn,219361490,8.250825082508251e-05,1,0,0.0,0.0,0.000116177839360112,0.0,0.002422725566956529
374,mayankgoel214,149440319,0.0,0,0,0.0,0.0,0.000112598494271797,0.0,0.0
375,sitanshu01,180750999,0.00016501650165016502,2,0,0.0,0.0,0.0001333328819711032,1.0,0.005449691346829535
376,prayushbogati,127077497,0.0,0,0,0.0,0.0,0.000112598494271797,0.0,0.0
377,Yanvi09,116386502,8.250825082508251e-05,1,0,0.0,0.0,0.000123336529536742,0.0,0.007268176700869587
378,Yash-1222,218595557,0.0,0,0,0.0,0.0,0.000112598494271797,0.0,0.0
379,IsbatBInHossain,122856182,8.250825082508251e-05,1,0,0.0,0.0,0.00012214341450730366,0.0,0.0064606015118840775
380,xzyingxiashubro,211952694,0.0005775577557755776,7,0,0.0,0.0,0.0005360282217315187,0.23809523809523808,0.008135327153990655
381,JayaNeem,10616480,0.00024752475247524753,2,1,1.3617470015692772e-08,0.00016501650165016502,0.00012813494521820947,0.6666666666666666,0.004037875944927548
382,mountdisk,169329268,0.00024752475247524753,3,0,0.0,0.0,0.00013470467345151203,0.6666666666666666,0.010956089337833964
383,hg-742002,192800971,8.250825082508251e-05,1,0,0.0,0.0,0.00012154187185922839,0.0,0.0038976434182850443
384,kabukabu1000,91064362,8.250825082508251e-05,1,0,0.0,0.0,0.00011856406941898866,0.0,0.004037875944927548
385,amitkrx10,218284359,8.250825082508251e-05,1,0,0.0,0.0,0.000116177839360112,0.0,0.002422725566956529
386,tanishstark,212831152,8.250825082508251e-05,1,0,0.0,0.0,0.000116177839360112,0.0,0.002422725566956529
387,asmamahdi,217157202,0.0,0,0,0.0,0.0,0.000112598494271797,0.0,0.0
388,ShubhamOulkar,91728992,0.0004950495049504951,3,3,1.93163812172602e-05,0.17116604431527488,0.00016203931690731343,0.6,0.030231688749597523
389,b-gonzalez,75147430,0.0004950495049504951,6,0,0.0,0.0,0.00015990994097055418,0.6666666666666666,0.0076729412203052445
390,Jayesh-Dhole,142537932,0.0,0,0,0.0,0.0,0.000112598494271797,0.0,0.0
391,Kaif4786,194799982,8.250825082508251e-05,1,0,0.0,0.0,0.00011507947919030067,0.0,0.00023251190932483244
392,adarsh-pandey143,217897548,0.00016501650165016502,2,0,0.0,0.0,0.00012246388546635793,1.0,0.0009384196102758261
393,JalPatel2405,109838079,0.00024752475247524753,2,1,0.0,0.17114105109861205,0.00012892627813528566,1.0,0.004603551119236038
394,manish-tomar123,204878773,8.250825082508251e-05,1,0,0.0,0.0,0.000116177839360112,0.0,0.002422725566956529
395,gawaliHarshal,215343499,8.250825082508251e-05,1,0,0.0,0.0,0.00012154187185922839,0.0,0.0038976434182850443
396,Sarthakpuri1818,216194717,8.250825082508251e-05,1,0,0.0,0.0,0.00012154187185922839,0.0,0.0038976434182850443
397,Nishat-Srabony,155907345,0.0,0,0,0.0,0.0,0.000112598494271797,0.0,0.0
398,VijayChauhan-1954,216392813,8.250825082508251e-05,1,0,0.0,0.0,0.00012154187185922839,0.0,0.0038976434182850443
399,malaikaramzan52,174890974,0.00016501650165016502,2,0,0.0,0.0,0.0001348885298602399,1.0,0.007201980064759399
400,car1762,216641801,0.0,0,0,0.0,0.0,0.000112598494271797,0.0,0.0
401,karthika-212,101412956,8.250825082508251e-05,1,0,0.0,0.0,0.00012154187185922839,0.0,0.0038976434182850443
402,Thyran,33978267,8.250825082508251e-05,1,0,0.0,0.0,0.00011277507869613686,0.0,0.0
403,YuliaNormanHarambam,100375374,8.250825082508251e-05,1,0,0.0,0.0,0.00011498472433067367,0.0,0.0016151503779710194
404,Mitesh1406,191694597,0.0,0,0,0.0,0.0,0.000112598494271797,0.0,0.0
405,kunal-zende,156609987,0.0,0,0,0.0,0.0,0.000112598494271797,0.0,0.0
406,Aarushi-Jain50,215787470,0.0,0,0,0.0,0.0,0.000112598494271797,0.0,0.0
407,SaraJain90,182638171,8.250825082508251e-05,1,0,0.0,0.0,0.00012154187185922839,0.0,0.0038976434182850443
408,alisadiq336,155882239,8.250825082508251e-05,1,0,0.0,0.0,0.00012154187185922839,0.0,0.0038976434182850443
409,dhotevaishnavi,161131546,8.250825082508251e-05,1,0,0.0,0.0,0.00012154187185922839,0.0,0.0038976434182850443
410,BharatiDevDiary,205424717,0.0,0,0,0.0,0.0,0.000112598494271797,0.0,0.0
411,Prabhav-Ai-164,212323285,8.250825082508251e-05,1,0,0.0,0.0,0.00011911031163858214,0.0,0.0017275200258862614
412,CodeMastermind-tech,215519722,8.250825082508251e-05,1,0,0.0,0.0,0.00012154187185922839,0.0,0.0038976434182850443
413,saiallaturthi,210436090,0.0,0,0,0.0,0.0,0.000112598494271797,0.0,0.0
414,Satyam-50,207252409,8.250825082508251e-05,1,0,0.0,0.0,0.00012154187185922839,0.0,0.0038976434182850443
415,nitingupta95,153295329,8.250825082508251e-05,1,0,0.0,0.0,0.00012154187185922839,0.0,0.0038976434182850443
416,krnpatil,215103204,8.250825082508251e-05,1,0,0.0,0.0,0.00012154187185922839,0.0,0.0038976434182850443
417,chikujaurasiya,130918655,8.250825082508251e-05,1,0,0.0,0.0,0.00012154187185922839,0.0,0.0038976434182850443
418,hritik12345444,215051113,8.250825082508251e-05,1,0,0.0,0.0,0.00012154187185922839,0.0,0.0038976434182850443
419,roahn-shetty,17795870,0.00016501650165016502,2,0,0.0,0.0,0.00016939625085533237,0.0,0.0038976434182850443
420,Rajesh-151103,186159271,0.00016501650165016502,2,0,0.0,0.0,0.00016939625085533237,0.0,0.0038976434182850443
421,teja-crypto,188017506,8.250825082508251e-05,1,0,0.0,0.0,0.000116177839360112,0.0,0.002422725566956529
422,Armmer-compa,205247410,8.250825082508251e-05,1,0,0.0,0.0,0.000116177839360112,0.0,0.002422725566956529
423,SergioNR,71926587,0.00033003300330033004,3,1,9.396378536304578e-07,0.00016501650165016502,0.00021546278233505338,0.3333333333333333,0.005405489509527252
424,Mahender2485,213980964,8.250825082508251e-05,1,0,0.0,0.0,0.000116177839360112,0.0,0.002422725566956529
425,devang99099,208572218,0.0,0,0,0.0,0.0,0.000112598494271797,0.0,0.0
426,MissLearner01,213824883,8.250825082508251e-05,1,0,0.0,0.0,0.00012154187185922839,0.0,0.0038976434182850443
427,vishalsingh2972,106817047,0.00016501650165016502,2,0,0.0,0.0,0.00021427282741119663,0.0,0.004037875944927548
428,Sahil-Gupta584,134826929,8.250825082508251e-05,1,0,0.0,0.0,0.00011856406941898866,0.0,0.004037875944927548
429,abhishekhitabutti,191458811,0.0,0,0,0.0,0.0,0.000112598494271797,0.0,0.0
430,Lekhanabv,212903309,0.0,0,0,0.0,0.0,0.000112598494271797,0.0,0.0
431,vijaykeloji,127438392,8.250825082508251e-05,1,0,0.0,0.0,0.00011438342665758211,0.0,0.002051420346899556
432,noritaka1166,189505037,0.00024752475247524753,3,0,0.0,0.0,0.00015138905631442606,1.0,0.014747527632230337
433,sukdev24,213435027,0.00016501650165016502,2,0,0.0,0.0,0.00013287480292777386,1.0,0.010849884213945291
434,sahrajnar01,213023099,0.0,0,0,0.0,0.0,0.000112598494271797,0.0,0.0
435,Prakash26072005,197864669,0.0,0,0,0.0,0.0,0.000112598494271797,0.0,0.0
436,hardikkheni,19410263,0.0,0,0,0.0,0.0,0.000112598494271797,0.0,0.0
437,HaridasKhambe,138009396,0.0,0,0,0.0,0.0,0.000112598494271797,0.0,0.0
438,Shital613,206349236,0.0,0,0,0.0,0.0,0.000112598494271797,0.0,0.0
439,charlyalize,12566768,0.00016501650165016502,2,0,0.0,0.0,0.00011635442378445186,1.0,0.002422725566956529
440,mertssmnoglu,61623638,8.250825082508251e-05,1,0,0.0,0.0,0.000123336529536742,0.0,0.007268176700869587
441,zeus1999,24651453,0.0,0,0,0.0,0.0,0.000112598494271797,0.0,0.0
442,Mayankr-1508,191538117,0.0,0,0,0.0,0.0,0.000112598494271797,0.0,0.0
443,ravikumarkp,192445098,8.250825082508251e-05,1,0,0.0,0.0,0.00012154187185922839,0.0,0.0038976434182850443
444,IArnaut2,57326929,0.00024752475247524753,2,1,5.446988006277109e-08,0.00016501650165016502,0.00020848383668834483,0.0,0.0
445,cesco69,6096678,0.00016501650165016502,2,0,0.0,0.0,0.0001265197681615727,0.0,0.0
446,jakkasaicharanreddy,211714587,8.250825082508251e-05,1,0,0.0,0.0,0.00012154187185922839,0.0,0.0038976434182850443
447,NITIN-KOLHE-09,180991609,8.250825082508251e-05,1,0,0.0,0.0,0.00011438342665758211,0.0,0.002051420346899556
448,harshhithaa,210143312,0.0,0,0,0.0,0.0,0.000112598494271797,0.0,0.0
449,Rajiv-2005,186447407,0.0,0,0,0.0,0.0,0.000112598494271797,0.0,0.0
450,skanderturki,7996204,8.250825082508251e-05,1,0,0.0,0.0,0.00011295166312047674,0.0,0.0
451,shaikaftab315,194157251,0.0,0,0,0.0,0.0,0.000112598494271797,0.0,0.0
452,DigvijayJ03,175051136,8.250825082508251e-05,1,0,0.0,0.0,0.00011507947919030067,0.0,0.00023251190932483244
453,shahbazkhan003,185534265,8.250825082508251e-05,1,0,0.0,0.0,0.00012154187185922839,0.0,0.0038976434182850443
454,ranouf,1764519,0.00016501650165016502,2,0,0.0,0.0,0.00011635442378445186,1.0,0.002422725566956529
455,amgadserry,6594267,0.0,0,0,0.0,0.0,0.000112598494271797,0.0,0.0
456,matiasduroORT,162378931,8.250825082508251e-05,1,0,0.0,0.0,0.000116177839360112,0.0,0.002422725566956529
457,DaniakashT,208439266,8.250825082508251e-05,1,0,0.0,0.0,0.00011438342665758211,0.0,0.002051420346899556
458,JonathanGech,123342431,8.250825082508251e-05,1,0,0.0,0.0,0.00020830725226400498,0.0,0.0
459,kgarg1,31365353,0.0004950495049504951,6,0,0.0,0.0,0.00023743733595720358,0.3333333333333333,0.012076925095619691
460,SiddharthBhatt026,73979635,0.0,0,0,0.0,0.0,0.000112598494271797,0.0,0.0
461,Arishaqureshi,208815815,8.250825082508251e-05,1,0,0.0,0.0,0.000116177839360112,0.0,0.002422725566956529
462,infuzz,39411241,0.0004950495049504951,6,0,0.0,0.0,0.0005914954530815166,0.0,0.0
463,paulhiggs,3158807,0.00024752475247524753,3,0,0.0,0.0,0.00011993060876718527,1.0,0.005405489509527252
464,pranaygaira,189261232,8.250825082508251e-05,1,0,0.0,0.0,0.00011438342665758211,0.0,0.002051420346899556
465,Hamzah-2002,156678956,0.00016501650165016502,2,0,0.0,0.0,0.0001394104013255528,1.0,0.02405084469612301
466,sinkungYap,186989511,8.250825082508251e-05,1,0,0.0,0.0,0.00011616835904336724,0.0,0.004102840693799112
467,Uditrawat98,178811762,8.250825082508251e-05,1,0,0.0,0.0,0.00012154187185922839,0.0,0.0038976434182850443
468,frunjik,8170229,8.250825082508251e-05,1,0,0.0,0.0,0.00011277507869613686,0.0,0.0
469,Nelie-Taylor,12018657,0.00033003300330033004,4,0,0.0,0.0,0.0005636196879189188,0.0,0.0013676135645997042
470,lholmquist,1037138,0.00024752475247524753,3,0,0.0,0.0,0.00012630177321298327,1.0,0.01036784036419305
471,Bajaj-Ahmed,208038066,0.0,0,0,0.0,0.0,0.000112598494271797,0.0,0.0
472,Nitin-Mohapatra,166890322,0.00033003300330033004,3,1,6.127861507061749e-07,0.00016501650165016502,0.00012514782481136042,0.5,0.004291740242967268
473,Suraiya123456,126358961,8.250825082508251e-05,1,0,0.0,0.0,0.00012154187185922839,0.0,0.0038976434182850443
474,cdauth,1801792,0.00041254125412541255,5,0,0.0,0.0,0.0003229951344218984,0.2,0.0013728541764487395
475,ekanshmeh,62338378,8.250825082508251e-05,1,0,0.0,0.0,0.000116177839360112,0.0,0.002422725566956529
476,muhammedsirajudeen,43089951,8.250825082508251e-05,1,0,0.0,0.0,0.000116177839360112,0.0,0.002422725566956529
477,CoryAlbrecht,8172909,0.0005775577557755776,7,0,0.0,0.0,0.00045491126173991317,0.14285714285714285,0.005405489509527252
478,Moiz-a11,185634860,8.250825082508251e-05,1,0,0.0,0.0,0.000116177839360112,0.0,0.002422725566956529
479,dufucun,170155328,0.00024752475247524753,3,0,0.0,0.0,0.00013346030007295746,1.0,0.013213806123087729
480,LaxmanDhattarwal,143926447,8.250825082508251e-05,1,0,0.0,0.0,0.00012154187185922839,0.0,0.0038976434182850443
481,nimi-gupta,123932725,8.250825082508251e-05,1,0,0.0,0.0,0.00012154187185922839,0.0,0.0038976434182850443
482,sbzpatel,73233216,0.0,0,0,0.0,0.0,0.000112598494271797,0.0,0.0
483,red5h4d0w,45214944,0.00016501650165016502,2,0,0.0,0.0,0.00021069348232288164,0.0,0.0016151503779710194
484,vikas018swamii,207135767,8.250825082508251e-05,1,0,0.0,0.0,0.000116177839360112,0.0,0.002422725566956529
485,Uttamarasu,152950705,0.0,0,0,0.0,0.0,0.000112598494271797,0.0,0.0
486,zN3utr4l,73225008,8.250825082508251e-05,1,0,0.0,0.0,0.00011295166312047674,0.0,0.0
487,YJGGZHK,98026462,8.250825082508251e-05,1,0,0.0,0.0,0.00011277507869613686,0.0,0.0
488,GULSLHANMARSKOLE,181569438,0.0,0,0,0.0,0.0,0.000112598494271797,0.0,0.0
489,MS-cell,173069361,8.250825082508251e-05,1,0,0.0,0.0,0.000116177839360112,0.0,0.002422725566956529
490,Raunakraj01,177466728,0.0,0,0,0.0,0.0,0.000112598494271797,0.0,0.0
491,rk061215,204366341,8.250825082508251e-05,1,0,0.0,0.0,0.00012154187185922839,0.0,0.0038976434182850443
492,absr24434,194404436,8.250825082508251e-05,1,0,0.0,0.0,0.00012154187185922839,0.0,0.0038976434182850443
493,Riddhi-star799,205510967,8.250825082508251e-05,1,0,0.0,0.0,0.00012154187185922839,0.0,0.0038976434182850443
494,mannuDev,87141920,8.250825082508251e-05,1,0,0.0,0.0,0.000116177839360112,0.0,0.002422725566956529
495,booherbg,159698,0.0005775577557755776,7,0,0.0,0.0,0.0005069869757484158,0.09523809523809523,0.0051248812323242115
496,saniyatalmale,98592234,8.250825082508251e-05,1,0,0.0,0.0,0.00012154187185922839,0.0,0.0038976434182850443
497,eru123,39824083,0.0015676567656765677,19,0,0.0,0.0,0.0015589822634419328,0.029239766081871343,0.01037861880220814
498,Ammarqureshi00,138807000,8.250825082508251e-05,1,0,0.0,0.0,0.000116177839360112,0.0,0.002422725566956529
499,wesleytodd,1027776,0.0462046204620462,44,516,0.011642108278037267,0.30087523769704655,0.0028495905252789145,0.004869267747653303,0.2981040305524762
500,gupta-suryansh,196769617,8.250825082508251e-05,1,0,0.0,0.0,0.000116177839360112,0.0,0.002422725566956529
501,ShindeLeena,198075498,8.250825082508251e-05,1,0,0.0,0.0,0.000116177839360112,0.0,0.002422725566956529
502,achushri07,204762883,0.0,0,0,0.0,0.0,0.000112598494271797,0.0,0.0
503,Sarvan-Singh7,196185970,8.250825082508251e-05,1,0,0.0,0.0,0.00012154187185922839,0.0,0.0038976434182850443
504,anti00700,119096104,0.00024752475247524753,3,0,0.0,0.0,0.00012234666526830275,0.6666666666666666,0.004206992823040171
505,sanjanathakeri,188320567,8.250825082508251e-05,1,0,0.0,0.0,0.000116177839360112,0.0,0.002422725566956529
506,Bawejakartik,134986140,0.0,0,0,0.0,0.0,0.000112598494271797,0.0,0.0
507,AbhishekDB99,40711755,0.00016501650165016502,2,0,0.0,0.0,0.0001175475388138902,1.0,0.0032303007559420388
508,mertcanaltin,37827216,0.0012376237623762376,11,4,0.00010115138323580302,0.20334134081347063,0.0010144726087682025,0.48717948717948717,0.1871683080945955
509,abdulazizyousufzai,204258818,8.250825082508251e-05,1,0,0.0,0.0,0.00012154187185922839,0.0,0.0038976434182850443
510,its-dibo,57308531,0.0009075907590759076,11,0,0.0,0.0,0.0004984812635712166,0.3090909090909091,0.013942198602283535
511,GeekGlider,154978013,8.250825082508251e-05,1,0,0.0,0.0,0.000116177839360112,0.0,0.002422725566956529
512,shivam-user70,184464731,0.0,0,0,0.0,0.0,0.000112598494271797,0.0,0.0
513,anu-trellix,157574644,0.00024752475247524753,3,0,0.0,0.0,0.00017365640016939096,1.0,0.008678605212442249
514,suhani159,101337503,8.250825082508251e-05,1,0,0.0,0.0,0.00012154187185922839,0.0,0.0038976434182850443
515,andrehrferreira,30725570,0.0008250825082508251,9,1,1.2936596514908135e-07,0.00016501650165016502,0.0005168537547575883,0.28888888888888886,0.008339158024425928
516,RuddySingh,160026201,8.250825082508251e-05,1,0,0.0,0.0,0.00012154187185922839,0.0,0.0038976434182850443
517,AayushHalwai,90670094,8.250825082508251e-05,1,0,0.0,0.0,0.000116177839360112,0.0,0.002422725566956529
518,naveenraminayudu,112968529,0.0,0,0,0.0,0.0,0.000112598494271797,0.0,0.0
519,SridharCodeVersion,195481368,8.250825082508251e-05,1,0,0.0,0.0,0.00012154187185922839,0.0,0.0038976434182850443
520,osamakhankashmiri,202592083,8.250825082508251e-05,1,0,0.0,0.0,0.000116177839360112,0.0,0.002422725566956529
521,Muhammad-Hamza-dell,202207762,8.250825082508251e-05,1,0,0.0,0.0,0.00012154187185922839,0.0,0.0038976434182850443
522,RobinTail,13189514,0.0012376237623762376,7,8,0.00011030276288843687,0.20914694654690308,0.0002927460509670222,0.2948717948717949,0.034152831289649126
523,taichi765,190380265,8.250825082508251e-05,1,0,0.0,0.0,0.0001162045056967712,0.0,0.0001691168781126236
524,Rounakji,45316367,0.0,0,0,0.0,0.0,0.000112598494271797,0.0,0.0
525,Rahul072006,195311138,8.250825082508251e-05,1,0,0.0,0.0,0.00012154187185922839,0.0,0.0038976434182850443
526,AV221302,178539188,8.250825082508251e-05,1,0,0.0,0.0,0.00012154187185922839,0.0,0.0038976434182850443
527,SoundaryaGWL,200747674,8.250825082508251e-05,1,0,0.0,0.0,0.00011507947919030067,0.0,0.00023251190932483244
528,pundirakash,71087651,0.00024752475247524753,3,0,0.0,0.0,0.00021485832455638026,0.3333333333333333,0.006401797854069984
529,likhithnd,196458759,0.0,0,0,0.0,0.0,0.000112598494271797,0.0,0.0
530,code-here7,84375783,0.0,0,0,0.0,0.0,0.000112598494271797,0.0,0.0
531,spassignat,6451374,0.00016501650165016502,2,0,0.0,0.0,0.00011795961164031552,1.0,0.00503418428947028
532,MashhoodUlHassan,198778954,8.250825082508251e-05,1,0,0.0,0.0,0.000116177839360112,0.0,0.002422725566956529
533,MradulBaheti,146119854,0.0,0,0,0.0,0.0,0.000112598494271797,0.0,0.0
534,Strauteka,20338443,8.250825082508251e-05,1,0,0.0,0.0,0.0001162045056967712,0.0,0.0001691168781126236
535,naitikprajapati1,91494049,0.00041254125412541255,5,0,0.0,0.0,0.0004082531578788291,0.1,0.0056530263228985675
536,miracletech322,186485926,0.0,0,0,0.0,0.0,0.000112598494271797,0.0,0.0
537,Code-Master20,179618600,0.0,0,0,0.0,0.0,0.000112598494271797,0.0,0.0
538,samueljochem,79657472,0.00024752475247524753,3,0,0.0,0.0,0.00012234666526830275,0.6666666666666666,0.004206992823040171
539,Kushan2k,64627160,0.00024752475247524753,3,0,0.0,0.0,0.00012349393824761062,1.0,0.006993439495713297
540,SwapnilPanchmind,142202770,0.0,0,0,0.0,0.0,0.000112598494271797,0.0,0.0
541,NeutronDisk,199576072,0.00024752475247524753,2,1,0.0,0.00016501650165016502,0.00012153563330639312,1.0,0.006017462857022623
542,megha-gif,193631439,8.250825082508251e-05,1,0,0.0,0.0,0.00012154187185922839,0.0,0.0038976434182850443
543,HeerAvaiya07,144682636,8.250825082508251e-05,1,0,0.0,0.0,0.00012154187185922839,0.0,0.0038976434182850443
544,meet177,181816081,0.0,0,0,0.0,0.0,0.000112598494271797,0.0,0.0
545,Kride024,156906180,8.250825082508251e-05,1,0,0.0,0.0,0.000116177839360112,0.0,0.002422725566956529
546,OmerAlamoodi,24649831,8.250825082508251e-05,1,0,0.0,0.0,0.000116177839360112,0.0,0.002422725566956529
547,anjali067verma,143899915,8.250825082508251e-05,1,0,0.0,0.0,0.00011911031163858214,0.0,0.0017275200258862614
548,radegran,7147053,8.250825082508251e-05,1,0,0.0,0.0,0.0001162045056967712,0.0,0.0001691168781126236
549,dpopp07,9168931,0.0022277227722772275,4,23,0.00011129910104890304,0.2249850251365476,0.00018242166402825257,0.14130434782608695,0.03686306201667089
550,mxxk,2456381,0.00024752475247524753,3,0,0.0,0.0,0.00012818582855889134,1.0,0.004297689765894104
551,muhammadibrahim909,198046119,8.250825082508251e-05,1,0,0.0,0.0,0.000116177839360112,0.0,0.002422725566956529
552,Nitya-nama,185161693,0.0,0,0,0.0,0.0,0.000112598494271797,0.0,0.0
553,tarunkuma707,76809697,8.250825082508251e-05,1,0,0.0,0.0,0.00012154187185922839,0.0,0.0038976434182850443
554,savangolakiya12,113503073,0.00016501650165016502,2,0,0.0,0.0,0.00021725062985143636,0.0,0.0038976434182850443
555,Donbasilpeter,48594177,0.0,0,0,0.0,0.0,0.000112598494271797,0.0,0.0
556,Ravneet-06,197725544,8.250825082508251e-05,1,0,0.0,0.0,0.00011438342665758211,0.0,0.002051420346899556
557,KovacevicAleksa,48535139,8.250825082508251e-05,1,0,0.0,0.0,0.0001274729308200063,0.0,0.017095169557496303
558,hnuuhc,57310128,0.00016501650165016502,2,0,0.0,0.0,0.00011917939300641306,1.0,0.003588150789611884
559,rakeshsfdc-AI,197375178,8.250825082508251e-05,1,0,0.0,0.0,0.000116177839360112,0.0,0.002422725566956529
560,clicktodev,34947993,0.00016501650165016502,2,0,0.0,0.0,0.00012452016424943557,1.0,0.009755867016697681
561,Vijaykarande,103088119,8.250825082508251e-05,1,0,0.0,0.0,0.00011507947919030067,0.0,0.00023251190932483244
562,PataskarSharvari,163881618,8.250825082508251e-05,1,0,0.0,0.0,0.00011507947919030067,0.0,0.00023251190932483244
563,devendra092004,196821915,8.250825082508251e-05,1,0,0.0,0.0,0.000116177839360112,0.0,0.002422725566956529
564,jaypougat,122980304,0.0,0,0,0.0,0.0,0.000112598494271797,0.0,0.0
565,hyfhaozero,178161866,8.250825082508251e-05,1,0,0.0,0.0,0.00011498472433067367,0.0,0.0016151503779710194
566,criszst,56496903,8.250825082508251e-05,1,0,0.0,0.0,0.00011557338158143886,0.0,0.0034190339114992608
567,AK123Kr,157963845,8.250825082508251e-05,1,0,0.0,0.0,0.00012154187185922839,0.0,0.0038976434182850443
568,VeerBiradar77,131250285,8.250825082508251e-05,1,0,0.0,0.0,0.000116177839360112,0.0,0.002422725566956529
569,sahilforkshere,149946278,8.250825082508251e-05,1,0,0.0,0.0,0.00011507947919030067,0.0,0.00023251190932483244
570,krystofbruth,61594751,8.250825082508251e-05,1,0,0.0,0.0,0.00011856406941898866,0.0,0.004037875944927548
571,pr4j3sh,75523737,0.00024752475247524753,3,0,0.0,0.0,0.00014836592938534312,1.0,0.019709878486896135
572,phoncepiano,39923222,0.0,0,0,0.0,0.0,0.000112598494271797,0.0,0.0
573,PankajS21,91565482,8.250825082508251e-05,1,0,0.0,0.0,0.00011507947919030067,0.0,0.00023251190932483244
574,ZeroXJacks,189536965,0.00016501650165016502,2,0,0.0,0.0,0.00011909116934503519,1.0,0.005171849218932948
575,PrashantM28,95437855,0.0,0,0,0.0,0.0,0.000112598494271797,0.0,0.0
576,amandesh694,196054461,8.250825082508251e-05,1,0,0.0,0.0,0.000119757184448427,0.0,0.004845451133913058
577,TechWizardFaiz,170809956,8.250825082508251e-05,1,0,0.0,0.0,0.00011507947919030067,0.0,0.00023251190932483244
578,incredibleabhishek,195618247,8.250825082508251e-05,1,0,0.0,0.0,0.00011507947919030067,0.0,0.00023251190932483244
579,vinybrun,141655859,0.00024752475247524753,3,0,0.0,0.0,0.00015185081760738122,0.3333333333333333,0.02616722979189413
580,alexandercerutti,5442545,0.00033003300330033004,4,0,0.0,0.0,0.00019203898563004373,0.3333333333333333,0.01938327150040477
581,decompile1,114450467,0.0,0,0,0.0,0.0,0.000112598494271797,0.0,0.0
582,ashleyy9229,176198506,8.250825082508251e-05,1,0,0.0,0.0,0.00012154187185922839,0.0,0.0038976434182850443
583,cp3hnu,6104542,0.0006600660066006601,8,0,0.0,0.0,0.0001796971747362523,0.6071428571428571,0.0164881421796949
584,dikshantadlakha,134389059,8.250825082508251e-05,1,0,0.0,0.0,0.00011438342665758211,0.0,0.002051420346899556
585,NotReallyJustin,60296568,8.250825082508251e-05,1,0,0.0,0.0,0.00011277507869613686,0.0,0.0
586,ChinmayBhattt,123961463,0.0,0,0,0.0,0.0,0.000112598494271797,0.0,0.0
587,Ketan-55,97833557,0.0,0,0,0.0,0.0,0.000112598494271797,0.0,0.0
588,Gourab-2003,110037515,0.0,0,0,0.0,0.0,0.000112598494271797,0.0,0.0
589,mudasarmd09,194272373,0.0,0,0,0.0,0.0,0.000112598494271797,0.0,0.0
590,Suyash-Codes-AI,192318821,8.250825082508251e-05,1,0,0.0,0.0,0.000116177839360112,0.0,0.002422725566956529
591,CodeSmith32,21373557,0.00016501650165016502,2,0,0.0,0.0,0.00011914956656417227,1.0,0.006401797854069984
592,areebf01,124132805,8.250825082508251e-05,1,0,0.0,0.0,0.000116177839360112,0.0,0.002422725566956529
593,Hanoof-Buchh,192969219,0.0,0,0,0.0,0.0,0.000112598494271797,0.0,0.0
594,yash-882,189218995,8.250825082508251e-05,1,0,0.0,0.0,0.00012154187185922839,0.0,0.0038976434182850443
595,codewithRakshita,191704212,8.250825082508251e-05,1,0,0.0,0.0,0.00011507947919030067,0.0,0.00023251190932483244
596,shariyagithub,133812596,8.250825082508251e-05,1,0,0.0,0.0,0.00011507947919030067,0.0,0.00023251190932483244
597,Saimadeveloper,192180127,0.00016501650165016502,2,0,0.0,0.0,0.00021188659735231998,0.0,0.002422725566956529
598,AmruthaThotakura,144409311,8.250825082508251e-05,1,0,0.0,0.0,0.000116177839360112,0.0,0.002422725566956529
599,romi615,70255052,0.0,0,0,0.0,0.0,0.000112598494271797,0.0,0.0
600,hirehamir,43425812,0.00016501650165016502,2,0,0.0,0.0,0.0001268905937804043,1.0,0.014171209272739672
601,RohanReddyGitta,193505870,8.250825082508251e-05,1,0,0.0,0.0,0.000116177839360112,0.0,0.002422725566956529
602,ajay2582,94215694,8.250825082508251e-05,1,0,0.0,0.0,0.00011815061354761663,0.0,0.0005150524147345504
603,SowravCB,193087136,0.0,0,0,0.0,0.0,0.000112598494271797,0.0,0.0
604,Shreya2-22,128452206,8.250825082508251e-05,1,0,0.0,0.0,0.00011507947919030067,0.0,0.00023251190932483244
605,fareed-alt,193046586,8.250825082508251e-05,1,0,0.0,0.0,0.00011507947919030067,0.0,0.00023251190932483244
606,vijay371kn,192856156,8.250825082508251e-05,1,0,0.0,0.0,0.00011507947919030067,0.0,0.00023251190932483244
607,Pankajverma9759,143473542,8.250825082508251e-05,1,0,0.0,0.0,0.000116177839360112,0.0,0.002422725566956529
608,jaydeepkarpe21,39557764,0.0,0,0,0.0,0.0,0.000112598494271797,0.0,0.0
609,mitulgupta72,71177015,8.250825082508251e-05,1,0,0.0,0.0,0.00011277507869613686,0.0,0.0
610,utsavvanani,185781503,8.250825082508251e-05,1,0,0.0,0.0,0.00011507947919030067,0.0,0.00023251190932483244
611,Mohan-KumarN,178970535,8.250825082508251e-05,1,0,0.0,0.0,0.00011507947919030067,0.0,0.00023251190932483244
612,JEET-V1,166414601,0.0,0,0,0.0,0.0,0.000112598494271797,0.0,0.0
613,FaizJamal06,187017819,8.250825082508251e-05,1,0,0.0,0.0,0.00012154187185922839,0.0,0.0038976434182850443
614,Astroashutosh,180739992,8.250825082508251e-05,1,0,0.0,0.0,0.000116177839360112,0.0,0.002422725566956529
615,TannuKumarimishra,182661442,8.250825082508251e-05,1,0,0.0,0.0,0.00011815061354761663,0.0,0.0005150524147345504
616,Apnaplateform,187838944,8.250825082508251e-05,1,0,0.0,0.0,0.00012154187185922839,0.0,0.0038976434182850443
617,slagiewka,11974489,0.0006600660066006601,5,3,1.6195927155648287e-06,0.0004950495049504951,0.0001629123326102585,0.5357142857142857,0.013669885223989736
618,abhishek6619,149563968,0.00024752475247524753,3,0,0.0,0.0,0.0001241115364011796,1.0,0.006866821672719648
619,shahbaz957,175592828,8.250825082508251e-05,1,0,0.0,0.0,0.000116177839360112,0.0,0.002422725566956529
620,adityadeb977,192314317,0.00024752475247524753,3,0,0.0,0.0,0.000259740976348424,0.0,0.002422725566956529
621,HarshalBehniya,177306678,0.0,0,0,0.0,0.0,0.000112598494271797,0.0,0.0
622,meenakshikatroth,160827341,8.250825082508251e-05,1,0,0.0,0.0,0.000116177839360112,0.0,0.002422725566956529
623,a1anw2,4046811,0.00024752475247524753,3,0,0.0,0.0,0.00016295729053198045,0.0,0.00038520174283398367
624,Aslamdev7,191863381,0.0,0,0,0.0,0.0,0.000112598494271797,0.0,0.0
625,git-ishaan,60665326,0.00016501650165016502,2,0,0.0,0.0,0.00021069348232288164,0.0,0.0016151503779710194
626,anand-sanapeti,191676038,8.250825082508251e-05,1,0,0.0,0.0,0.000116177839360112,0.0,0.002422725566956529
627,PunitYadavRao,172977232,8.250825082508251e-05,1,0,0.0,0.0,0.000116177839360112,0.0,0.002422725566956529
628,jeroen,216319,0.0,0,0,0.0,0.0,0.000112598494271797,0.0,0.0
629,jaibalajiui,57031140,0.0004950495049504951,6,0,0.0,0.0,0.0005150989752484415,0.06666666666666667,0.011966526622207223
630,GAUrav-sINGH-2-9,191384035,8.250825082508251e-05,1,0,0.0,0.0,0.000116177839360112,0.0,0.002422725566956529
631,mushrura-salsabil,153783561,8.250825082508251e-05,1,0,0.0,0.0,0.000116177839360112,0.0,0.002422725566956529
632,adibafreen,182748359,8.250825082508251e-05,1,0,0.0,0.0,0.000116177839360112,0.0,0.002422725566956529
633,JungJihun1012,134596552,8.250825082508251e-05,1,0,0.0,0.0,0.000116177839360112,0.0,0.002422725566956529
634,dbas-dn,48877342,0.0006600660066006601,8,0,0.0,0.0,0.0005117667299534892,0.21428571428571427,0.005007147778986244
635,RushilJalal,54212357,0.00016501650165016502,2,0,0.0,0.0,0.00012021805936465777,1.0,0.004192883884477436
636,NishantSinghF11,166104326,0.00041254125412541255,5,0,0.0,0.0,0.0002781028360996873,0.3,0.010001702978675782
637,AI-gif-ui,185614932,0.0,0,0,0.0,0.0,0.000112598494271797,0.0,0.0
638,sawood164,172540349,8.250825082508251e-05,1,0,0.0,0.0,0.000116177839360112,0.0,0.002422725566956529
639,SophieDel,20533680,0.00024752475247524753,3,0,0.0,0.0,0.00030520596518006967,0.0,0.0013676135645997042
640,JameelaMultani,189594304,8.250825082508251e-05,1,0,0.0,0.0,0.000116177839360112,0.0,0.002422725566956529
641,Dharmitaa,190572009,0.0,0,0,0.0,0.0,0.000112598494271797,0.0,0.0
642,rodrigoramos,1568265,0.00024752475247524753,3,0,0.0,0.0,0.00016533790814445665,0.6666666666666666,0.0036508641995081476
643,AjitAdin,140914554,8.250825082508251e-05,1,0,0.0,0.0,0.000116177839360112,0.0,0.002422725566956529
644,Priyanshi0207,189519124,8.250825082508251e-05,1,0,0.0,0.0,0.00011438342665758211,0.0,0.002051420346899556
645,Codret,189885982,8.250825082508251e-05,1,0,0.0,0.0,0.00011438342665758211,0.0,0.002051420346899556
646,jonkoops,695720,0.0009075907590759076,7,4,0.00016569548106789038,0.20293645371809277,0.0002835116085388781,0.3888888888888889,0.02493648133923032
647,Safinkabir,190168287,8.250825082508251e-05,1,0,0.0,0.0,0.000116177839360112,0.0,0.002422725566956529
648,m-mdy-m,148723252,8.250825082508251e-05,1,0,0.0,0.0,0.00011856406941898866,0.0,0.004037875944927548
649,heidemn-faro,66078329,0.00024752475247524753,3,0,0.0,0.0,0.00012633783820805935,1.0,0.0054343738609973725
650,sazk07,68821506,0.00033003300330033004,4,0,0.0,0.0,0.00016199782724311324,1.0,0.032513474195036106
651,AnirbanD2000,124884088,8.250825082508251e-05,1,0,0.0,0.0,0.000116177839360112,0.0,0.002422725566956529
652,Rahul936-git,189644544,8.250825082508251e-05,1,0,0.0,0.0,0.000116177839360112,0.0,0.002422725566956529
653,gitshubhsss,151997853,8.250825082508251e-05,1,0,0.0,0.0,0.00011438342665758211,0.0,0.002051420346899556
654,jutt190,177224869,0.0,0,0,0.0,0.0,0.000112598494271797,0.0,0.0
655,newkdr,175665543,0.00016501650165016502,2,0,0.0,0.0,0.00016068315062874443,1.0,0.0029207721978584183
656,xasae1s,188791389,8.250825082508251e-05,1,0,0.0,0.0,0.00011438342665758211,0.0,0.002051420346899556
657,shashidhar-harikant,89066709,8.250825082508251e-05,1,0,0.0,0.0,0.00011507947919030067,0.0,0.00023251190932483244
658,micky-dayma,178937948,8.250825082508251e-05,1,0,0.0,0.0,0.00011438342665758211,0.0,0.002051420346899556
659,s-zaid-13,188956261,8.250825082508251e-05,1,0,0.0,0.0,0.00011507947919030067,0.0,0.00023251190932483244
660,alibagheri1999,85070715,8.250825082508251e-05,1,0,0.0,0.0,0.00011795329142915235,0.0,0.006154261040698669
661,AdarshKumarDubey,125072817,8.250825082508251e-05,1,0,0.0,0.0,0.00011507947919030067,0.0,0.00023251190932483244
662,bhuvan-sapientai,144414120,8.250825082508251e-05,1,0,0.0,0.0,0.00011557338158143886,0.0,0.0034190339114992608
663,AYUSH25102002,121280128,8.250825082508251e-05,1,0,0.0,0.0,0.00011507947919030067,0.0,0.00023251190932483244
664,NeelaGitH,119100648,8.250825082508251e-05,1,0,0.0,0.0,0.000116177839360112,0.0,0.002422725566956529
665,tchapacan,28821702,0.00033003300330033004,4,0,0.0,0.0,0.000575767564638493,1.0,0.01762702146548077
666,leeli0,11633940,0.00033003300330033004,4,0,0.0,0.0,0.00021823884966869743,0.3333333333333333,0.007378277505382393
667,zhjrcc,81341476,0.00024752475247524753,3,0,0.0,0.0,0.00021293612951931595,0.3333333333333333,0.0035740418510491487
668,namas1994,10785750,0.0,0,0,0.0,0.0,0.000112598494271797,0.0,0.0
669,Divya-Karil,93924122,8.250825082508251e-05,1,0,0.0,0.0,0.00011507947919030067,0.0,0.00023251190932483244
670,VibhutiVaishnav,186625923,0.0,0,0,0.0,0.0,0.000112598494271797,0.0,0.0
671,bilaltariq5050,125119953,0.0,0,0,0.0,0.0,0.000112598494271797,0.0,0.0
672,aditya59700,187278077,0.0,0,0,0.0,0.0,0.000112598494271797,0.0,0.0
673,Prince1832,123098996,0.00016501650165016502,2,0,0.0,0.0,0.0001598253750561116,0.0,0.0038976434182850443
674,agungjati,21965071,0.0005775577557755776,7,0,0.0,0.0,0.0003415169518422029,0.6190476190476191,0.127347015743616
675,djw-sl,67586681,0.0004950495049504951,6,0,0.0,0.0,0.00043632228308567513,0.06666666666666667,0.004786647476098965
676,JasKaurSidhu,152921608,0.0,0,0,0.0,0.0,0.000112598494271797,0.0,0.0
677,ravikant-pandey,186615237,8.250825082508251e-05,1,0,0.0,0.0,0.000116177839360112,0.0,0.002422725566956529
678,Sbsantosh8,112722023,0.0,0,0,0.0,0.0,0.000112598494271797,0.0,0.0
679,Shubham-Yadav29,182212670,8.250825082508251e-05,1,0,0.0,0.0,0.00012154187185922839,0.0,0.0038976434182850443
680,syed-fahad-ali-2190,180377129,8.250825082508251e-05,1,0,0.0,0.0,0.00012154187185922839,0.0,0.0038976434182850443
681,Manas-rout,186783167,8.250825082508251e-05,1,0,0.0,0.0,0.00011507947919030067,0.0,0.00023251190932483244
682,Abreham-49,165635782,8.250825082508251e-05,1,0,0.0,0.0,0.00012154187185922839,0.0,0.0038976434182850443
683,kaiunido,5544018,8.250825082508251e-05,1,0,0.0,0.0,0.00015115647262469052,0.0,0.00048801520375170204
684,Bilboramix,91626615,0.0,0,0,0.0,0.0,0.000112598494271797,0.0,0.0
685,faraz186,69837700,8.250825082508251e-05,1,0,0.0,0.0,0.00011856406941898866,0.0,0.004037875944927548
686,GayatriK-tech,185334954,8.250825082508251e-05,1,0,0.0,0.0,0.00012154187185922839,0.0,0.0038976434182850443
687,hatalan1,185528559,8.250825082508251e-05,1,0,0.0,0.0,0.00012154187185922839,0.0,0.0038976434182850443
688,mrNadeemAlam,185590702,0.0,0,0,0.0,0.0,0.000112598494271797,0.0,0.0
689,Dk12051996,103925793,8.250825082508251e-05,1,0,0.0,0.0,0.000116177839360112,0.0,0.002422725566956529
690,karan-s1009,167844906,8.250825082508251e-05,1,0,0.0,0.0,0.000116177839360112,0.0,0.002422725566956529
691,ALKA-PANDEY01,185383961,8.250825082508251e-05,1,0,0.0,0.0,0.000116177839360112,0.0,0.002422725566956529
692,Bilal-web-debug,182125666,8.250825082508251e-05,1,0,0.0,0.0,0.000116177839360112,0.0,0.002422725566956529
693,juanarbol,17013303,0.00033003300330033004,3,1,1.799533925052138e-06,0.00016501650165016502,0.0001382931141956216,0.6666666666666666,0.013566086676820998
694,malikmudasir01,179675137,8.250825082508251e-05,1,0,0.0,0.0,0.00012154187185922839,0.0,0.0038976434182850443
695,MohamadAmiin,141429783,8.250825082508251e-05,1,0,0.0,0.0,0.00012154187185922839,0.0,0.0038976434182850443
696,mateBe95,23103157,0.00024752475247524753,1,2,1.3659413002342842e-06,0.00033003300330033004,0.00012750412358418267,0.0,0.0064960723638084064
697,hcoder-404,139948664,8.250825082508251e-05,1,0,0.0,0.0,0.000116177839360112,0.0,0.002422725566956529
698,devchopda07,148676734,8.250825082508251e-05,1,0,0.0,0.0,0.00012154187185922839,0.0,0.0038976434182850443
699,Mythra-k,184322916,8.250825082508251e-05,1,0,0.0,0.0,0.00012154187185922839,0.0,0.0038976434182850443
700,crandmck,2925364,0.0028877887788778876,13,22,0.0006529559723832885,0.26544207642369944,0.000581531338357736,0.16995073891625614,0.061910547238035074
701,sumanthsai11,113235882,0.0,0,0,0.0,0.0,0.000112598494271797,0.0,0.0
702,jubinx30,130452718,0.00016501650165016502,2,0,0.0,0.0,0.00021188659735231998,0.0,0.002422725566956529
703,KollaguntaMuniSekhar,183744161,0.0,0,0,0.0,0.0,0.000112598494271797,0.0,0.0
704,az-faro,141626048,0.0007425742574257426,9,0,0.0,0.0,0.0006781737218113957,0.19444444444444445,0.024999554060283376
705,Shrishti2698,144490969,0.00016501650165016502,2,0,0.0,0.0,0.00021078823718250866,0.0,0.00023251190932483244
706,Nandhusri05,161621962,8.250825082508251e-05,1,0,0.0,0.0,0.00012750412358418267,0.0,0.0064960723638084064
707,Virendrapro,149225459,0.00016501650165016502,2,0,0.0,0.0,0.0001300847554743471,1.0,0.004288873286764808
708,Tofandel,6115458,8.250825082508251e-05,1,0,0.0,0.0,0.00011497840411951049,0.0,0.0027352271291994083
709,Dinesh102003,184091935,0.0,0,0,0.0,0.0,0.000112598494271797,0.0,0.0
710,shahzaib-arain,133527622,8.250825082508251e-05,1,0,0.0,0.0,0.00011507947919030067,0.0,0.00023251190932483244
711,Jayantip18,151527650,8.250825082508251e-05,1,0,0.0,0.0,0.00012154187185922839,0.0,0.0038976434182850443
712,nigrosimone,310077,8.250825082508251e-05,1,0,0.0,0.0,0.00011425248421746611,0.0,0.0001550079395498883
713,naseemfatima,184717258,8.250825082508251e-05,1,0,0.0,0.0,0.00012154187185922839,0.0,0.0038976434182850443
714,LUISDASARTIMANHAS,75493473,0.0007425742574257426,9,0,0.0,0.0,0.0007903293965850116,0.027777777777777776,0.000138694088693984
715,Vrusharth,103025007,8.250825082508251e-05,1,0,0.0,0.0,0.00012154187185922839,0.0,0.0038976434182850443
716,HHHHemanth,120778676,8.250825082508251e-05,1,0,0.0,0.0,0.00012154187185922839,0.0,0.0038976434182850443
717,aparnadesale,184351661,8.250825082508251e-05,1,0,0.0,0.0,0.00012154187185922839,0.0,0.0038976434182850443
718,evokerking1,118303818,0.00033003300330033004,4,0,0.0,0.0,0.00017309728091460157,0.16666666666666666,0.0010300325186135056
719,xuetong6,34711973,0.00024752475247524753,3,0,0.0,0.0,0.0003132108710185158,0.0,8.060505664164765e-05
720,joshbuker,1802598,0.0009900990099009901,12,0,0.0,0.0,0.0009004938515274866,0.13636363636363635,0.05936258012314178
721,devkapilmrt,169920791,8.250825082508251e-05,1,0,0.0,0.0,0.000116177839360112,0.0,0.002422725566956529
722,poiuylkkk,54501966,0.00033003300330033004,4,0,0.0,0.0,0.00025847663830498514,0.8333333333333334,0.009747090340005093
723,michaelvdveer,132603575,0.00016501650165016502,2,0,0.0,0.0,0.000132359906134151,1.0,0.0044049940526229145
724,Shambhuraj04,139091950,0.00024752475247524753,3,0,0.0,0.0,0.00022321288157639064,0.0,0.0064960723638084064
725,tanmayvaij,85477323,0.00024752475247524753,3,0,0.0,0.0,0.00039972476824842094,0.0,0.0
726,akshaymahto,52484685,8.250825082508251e-05,1,0,0.0,0.0,0.00011507947919030067,0.0,0.00023251190932483244
727,jigargupta-dev,183872200,0.0,0,0,0.0,0.0,0.000112598494271797,0.0,0.0
728,joebowbeer,28679,0.00033003300330033004,3,1,1.3994403790985459e-06,0.00016501650165016502,0.00035124789256053347,0.0,0.0116994768646285
729,joebowbeerxealth,38696665,0.0,0,0,0.0,0.0,0.000112598494271797,0.0,0.0
730,mhussainilyas,183725481,0.0,0,0,0.0,0.0,0.000112598494271797,0.0,0.0
731,fosi-yash,181846479,0.0,0,0,0.0,0.0,0.000112598494271797,0.0,0.0
732,its-Aditya-777,183513726,8.250825082508251e-05,1,0,0.0,0.0,0.00011507947919030067,0.0,0.00023251190932483244
733,Malaika2222,183278013,8.250825082508251e-05,1,0,0.0,0.0,0.00011507947919030067,0.0,0.00023251190932483244
734,harshdhamani07,92196341,0.0,0,0,0.0,0.0,0.000112598494271797,0.0,0.0
735,haqaisi,183543468,0.0,0,0,0.0,0.0,0.000112598494271797,0.0,0.0
736,sushant-thakur1,153446990,8.250825082508251e-05,1,0,0.0,0.0,0.00011507947919030067,0.0,0.00023251190932483244
737,surajthakkar,31186534,8.250825082508251e-05,1,0,0.0,0.0,0.00011507947919030067,0.0,0.00023251190932483244
738,Azel-ytof,50252147,0.00024752475247524753,3,0,0.0,0.0,0.0003123678154622813,0.0,0.0056530263228985675
739,dhvanitjethva,98475709,8.250825082508251e-05,1,0,0.0,0.0,0.00011438342665758211,0.0,0.002051420346899556
740,wll8,28223260,0.0004950495049504951,5,1,0.00010455020602993554,0.18861594600077966,0.00022472178718445542,0.4666666666666667,0.003334471588583834
741,SaiSnehasree,177884319,8.250825082508251e-05,1,0,0.0,0.0,0.00012154187185922839,0.0,0.0038976434182850443
742,sarraf1996,44634064,0.00016501650165016502,2,0,0.0,0.0,0.00011544243914132284,1.0,0.0015226215041495926
743,nikhil737291,121498233,8.250825082508251e-05,1,0,0.0,0.0,0.00012154187185922839,0.0,0.0038976434182850443
744,Manasa-Patil,181585469,8.250825082508251e-05,1,0,0.0,0.0,0.00011507947919030067,0.0,0.00023251190932483244
745,Sumabm,141007596,8.250825082508251e-05,1,0,0.0,0.0,0.00011507947919030067,0.0,0.00023251190932483244
746,JimmyBjorklund,9413089,0.0015676567656765677,19,0,0.0,0.0,0.0017574835476517271,0.017543859649122806,0.001810019544085893
747,IchordeDionysos,10195482,0.0004950495049504951,6,0,0.0,0.0,0.0003509275807028027,0.06666666666666667,0.002879042427560903
748,lalithcodes25,101140521,8.250825082508251e-05,1,0,0.0,0.0,0.00011507947919030067,0.0,0.00023251190932483244
749,khizarzafar,144017887,0.00016501650165016502,2,0,0.0,0.0,0.0001622378056536861,0.0,0.002051420346899556
750,22x-jul,177084938,8.250825082508251e-05,1,0,0.0,0.0,0.00011507947919030067,0.0,0.00023251190932483244
751,rushi-g-31,143345099,0.0,0,0,0.0,0.0,0.000112598494271797,0.0,0.0
752,mojahidaltarif28,112344739,0.0,0,0,0.0,0.0,0.000112598494271797,0.0,0.0
753,MR-AMAN123,166131118,8.250825082508251e-05,1,0,0.0,0.0,0.00011507947919030067,0.0,0.00023251190932483244
754,Aniket-Patel-swg,111775702,0.00016501650165016502,2,0,0.0,0.0,0.00022321288157639064,0.0,0.0064960723638084064
755,sarjil77,138225892,8.250825082508251e-05,1,0,0.0,0.0,0.00011438342665758211,0.0,0.002051420346899556
756,dsi2dldevel,58466368,0.00024752475247524753,2,1,0.0,0.00016501650165016502,0.00011839805298669207,1.0,0.0020437913010962826
757,harshita993,182075986,8.250825082508251e-05,1,0,0.0,0.0,0.00011438342665758211,0.0,0.002051420346899556
758,race-of-sloths,169163075,8.250825082508251e-05,1,0,0.0,0.0,0.00012750412358418267,0.0,0.0064960723638084064
759,nikhilyt01,144456246,8.250825082508251e-05,1,0,0.0,0.0,0.00011438342665758211,0.0,0.002051420346899556
760,yathishnp12,139949626,0.00033003300330033004,4,0,0.0,0.0,0.00031517036612846336,0.16666666666666666,0.008198052341794953
761,harshnorath,136640991,8.250825082508251e-05,1,0,0.0,0.0,0.00011438342665758211,0.0,0.002051420346899556
762,pranshuchittora,32242596,0.00024752475247524753,3,0,0.0,0.0,0.00021282526334618333,0.3333333333333333,0.004786647476098965
763,oluwakayodedev,135396927,8.250825082508251e-05,1,0,0.0,0.0,0.00012179335503409983,0.0,8.060505664164765e-05
764,mayank200529,181639570,8.250825082508251e-05,1,0,0.0,0.0,0.00011507947919030067,0.0,0.00023251190932483244
765,wildreaper321,181457607,8.250825082508251e-05,1,0,0.0,0.0,0.00011507947919030067,0.0,0.00023251190932483244
766,AghaHamza,175993096,8.250825082508251e-05,1,0,0.0,0.0,0.00011507947919030067,0.0,0.00023251190932483244
767,naoey,3889501,0.0,0,0,0.0,0.0,0.000112598494271797,0.0,0.0
768,JavierSantoyo89,85984516,8.250825082508251e-05,1,0,0.0,0.0,0.00011557338158143886,0.0,0.0034190339114992608
769,CameronMunroe,53840354,0.00016501650165016502,2,0,0.0,0.0,0.00016164282819175772,0.0,0.0013676135645997042
770,panush,3158105,0.00016501650165016502,2,0,0.0,0.0,0.0001709526120532122,0.0,0.00481644954400942
771,MsShivi1108,180861542,8.250825082508251e-05,1,0,0.0,0.0,0.00011507947919030067,0.0,0.00023251190932483244
772,NewEraCracker,416945,0.0015676567656765677,7,12,0.0002664559003680931,0.20783039071705733,0.00031370686699323276,0.14166666666666666,0.017569796747509813
773,HarishGangula,21237259,0.0004950495049504951,6,0,0.0,0.0,0.0004763196792635398,0.06666666666666667,0.00545519616679227
774,agadzinski93,9898383,0.00033003300330033004,3,1,0.0,0.15578646752825745,0.00013550279086979347,1.0,0.007328883294587929
775,RobertoMachorro,7190436,8.250825082508251e-05,1,0,0.0,0.0,0.00012750412358418267,0.0,0.0064960723638084064
776,karlhorky,1935696,0.0011551155115511551,12,2,0.0005929612447355552,0.24128862345833138,0.0006745293135059647,0.23076923076923078,0.011617874545660349
777,RecuencoJones,7302877,0.0,0,0,0.0,0.0,0.000112598494271797,0.0,0.0
778,mustafamengutay,48598974,0.00024752475247524753,2,1,5.212086648506405e-06,0.00016501650165016502,0.00011837189173583033,0.3333333333333333,0.00347719493392781
779,aoneahsan,37369204,0.0009075907590759076,11,0,0.0,0.0,0.000882197912040874,0.05454545454545454,0.0029827639425707235
780,mmtdm,99917874,8.250825082508251e-05,1,0,0.0,0.0,0.00011557338158143886,0.0,0.0034190339114992608
781,thedrag0nspirit,115526195,0.0,0,0,0.0,0.0,0.000112598494271797,0.0,0.0
782,nikfury27,157052646,0.0,0,0,0.0,0.0,0.000112598494271797,0.0,0.0
783,mishithaverma,180770638,0.0,0,0,0.0,0.0,0.000112598494271797,0.0,0.0
784,razi30,179963905,0.0,0,0,0.0,0.0,0.000112598494271797,0.0,0.0
785,deepak-qc,169584099,8.250825082508251e-05,1,0,0.0,0.0,0.00011507947919030067,0.0,0.00023251190932483244
786,mmkal,15040698,0.00024752475247524753,3,0,0.0,0.0,0.00012401133987800854,0.6666666666666666,0.004480838986520182
787,Kancharla-Prasad,178399329,0.0,0,0,0.0,0.0,0.000112598494271797,0.0,0.0
788,sarojkr0097,104339090,0.0,0,0,0.0,0.0,0.000112598494271797,0.0,0.0
789,Manoranjan16,123184431,0.0,0,0,0.0,0.0,0.000112598494271797,0.0,0.0
790,zmatez,43961846,0.00016501650165016502,2,0,0.0,0.0,0.00011574996600577872,1.0,0.0034190339114992608
791,PaulIsProgramming,9249400,0.0,0,0,0.0,0.0,0.000112598494271797,0.0,0.0
792,veer1234-max,180453060,0.00016501650165016502,2,0,0.0,0.0,0.00021078823718250866,0.0,0.00023251190932483244
793,saifulla15,104437948,8.250825082508251e-05,1,0,0.0,0.0,0.00011438342665758211,0.0,0.002051420346899556
794,IamLizu,26184316,0.00825082508250825,4,96,0.0012312019049359447,0.23015404780536963,0.0003473377055702348,0.014727540500736377,0.03378768175664419
795,osenoah,117799165,0.0,0,0,0.0,0.0,0.000112598494271797,0.0,0.0
796,Risha188,178735513,8.250825082508251e-05,1,0,0.0,0.0,0.00011438342665758211,0.0,0.002051420346899556
797,Mouri-P,79805286,8.250825082508251e-05,0,1,0.0,0.00016501650165016502,0.000112598494271797,0.0,0.0
798,Yashraj950,173470441,8.250825082508251e-05,1,0,0.0,0.0,0.00011507947919030067,0.0,0.00023251190932483244
799,ananyag-git,91246403,8.250825082508251e-05,1,0,0.0,0.0,0.00011427760036443188,0.0,3.489661345712941e-05
800,saurav-coderr,175497735,8.250825082508251e-05,1,0,0.0,0.0,0.00011438342665758211,0.0,0.002051420346899556
801,ItsRLuo,5624595,0.00033003300330033004,4,0,0.0,0.0,0.000287430216501649,0.16666666666666666,0.004306399380962206
802,bengrah-miller,11442626,0.0,0,0,0.0,0.0,0.000112598494271797,0.0,0.0
803,sanketInTech,179702290,8.250825082508251e-05,1,0,0.0,0.0,0.00011438342665758211,0.0,0.002051420346899556
804,venkatsaivikram,91772961,8.250825082508251e-05,1,0,0.0,0.0,0.00020830725226400498,0.0,0.0
805,missarushi-coder,179399149,8.250825082508251e-05,1,0,0.0,0.0,0.00011438342665758211,0.0,0.002051420346899556
806,Harsh-Redasani,179276075,8.250825082508251e-05,1,0,0.0,0.0,0.00012154187185922839,0.0,0.0038976434182850443
807,abdul-ahad-26,165171056,0.0,0,0,0.0,0.0,0.000112598494271797,0.0,0.0
808,Harshal6354,143108499,8.250825082508251e-05,1,0,0.0,0.0,0.00011507947919030067,0.0,0.00023251190932483244
809,Aditya6511,160876767,0.0,0,0,0.0,0.0,0.000112598494271797,0.0,0.0
810,aagamezl,45150637,0.0004950495049504951,5,1,1.9714990901900888e-05,0.19050133904085248,0.00023474722612965942,0.9,0.02256392886765627
811,shravanchinchkar,96539205,0.0,0,0,0.0,0.0,0.000112598494271797,0.0,0.0
812,carpasse,1588321,0.0004950495049504951,3,3,0.0,0.19878892273555712,0.00013840962948763843,1.0,0.015918983444194172
813,Abubakkar-Khan,178040325,8.250825082508251e-05,1,0,0.0,0.0,0.00011507947919030067,0.0,0.00023251190932483244
814,NicoAdrian,38386685,0.00016501650165016502,2,0,0.0,0.0,0.00012787006891216122,0.0,0.0003100158790997766
815,himanshukandari14,143579909,8.250825082508251e-05,1,0,0.0,0.0,0.00011841807637114598,0.0,0.0009630043570849591
816,Skylynn19,145381041,8.250825082508251e-05,1,0,0.0,0.0,0.00011427760036443188,0.0,3.489661345712941e-05
817,AbhishekBhujbal,173450577,0.0,0,0,0.0,0.0,0.000112598494271797,0.0,0.0
818,AtizazHoney,176679532,0.0,0,0,0.0,0.0,0.000112598494271797,0.0,0.0
819,Palaksarna,147578836,0.0,0,0,0.0,0.0,0.000112598494271797,0.0,0.0
820,juleesahu,177638142,8.250825082508251e-05,1,0,0.0,0.0,0.00011438342665758211,0.0,0.002051420346899556
821,shravanic03,150061852,8.250825082508251e-05,1,0,0.0,0.0,0.00011425248421746611,0.0,0.0001550079395498883
822,ManishSonawane9,174706788,8.250825082508251e-05,1,0,0.0,0.0,0.00011425248421746611,0.0,0.0001550079395498883
823,ShubhangiHindole,178274063,0.00016501650165016502,2,0,0.0,0.0,0.00011603741660325123,1.0,0.0022064282864494443
824,MHassanAli1,177739902,8.250825082508251e-05,1,0,0.0,0.0,0.00012154187185922839,0.0,0.0038976434182850443
825,AbhilashK3107,138849776,8.250825082508251e-05,1,0,0.0,0.0,0.00011425248421746611,0.0,0.0001550079395498883
826,Ranjay6126,122745573,0.00016501650165016502,2,0,0.0,0.0,0.0001231958618048975,1.0,0.004052651357834933
827,Sanjeev14-yadav,176661428,8.250825082508251e-05,1,0,0.0,0.0,0.00011438342665758211,0.0,0.002051420346899556
828,benmccann,322311,0.00033003300330033004,3,1,6.72962399156473e-07,0.00016501650165016502,0.00022618776888603251,0.3333333333333333,0.009915106275307665
829,sid5846,85763181,0.0,0,0,0.0,0.0,0.000112598494271797,0.0,0.0
830,oceanusXXD,116332761,0.00016501650165016502,2,0,0.0,0.0,0.00012473867344516286,0.0,0.0
831,SurjeetSingh-dev,177296279,8.250825082508251e-05,1,0,0.0,0.0,0.00012154187185922839,0.0,0.0038976434182850443
832,ParthSonawaneDev,177397707,8.250825082508251e-05,1,0,0.0,0.0,0.00011438342665758211,0.0,0.002051420346899556
833,IshaanMNNIT,177385026,0.0,0,0,0.0,0.0,0.000112598494271797,0.0,0.0
834,kcshubarna6,164063054,0.00016501650165016502,2,0,0.0,0.0,0.0001231958618048975,1.0,0.004052651357834933
835,SiddharthS15,121181517,0.0,0,0,0.0,0.0,0.000112598494271797,0.0,0.0
836,ajaychavan444,177290106,0.0,0,0,0.0,0.0,0.000112598494271797,0.0,0.0
837,Aryainguz,117257768,0.00033003300330033004,4,0,0.0,0.0,0.00022489972426834195,0.16666666666666666,0.0035740418510491487
838,Sunder-Kumar,146450563,8.250825082508251e-05,1,0,0.0,0.0,0.00012154187185922839,0.0,0.0038976434182850443
839,Wajeeh1997,101329350,8.250825082508251e-05,1,0,0.0,0.0,0.00012154187185922839,0.0,0.0038976434182850443
840,hiteshpanditpatil,177111709,8.250825082508251e-05,1,0,0.0,0.0,0.00012154187185922839,0.0,0.0038976434182850443
841,MummadiKarthik,131574850,0.0,0,0,0.0,0.0,0.000112598494271797,0.0,0.0
842,Mayank1705-web,177097664,0.00016501650165016502,2,0,0.0,0.0,0.0001231958618048975,1.0,0.004052651357834933
843,Kalyani002005,176904691,8.250825082508251e-05,1,0,0.0,0.0,0.00011438342665758211,0.0,0.002051420346899556
844,Suhailsaif,40312886,8.250825082508251e-05,1,0,0.0,0.0,0.00011438342665758211,0.0,0.002051420346899556
845,dhrrruvsharma,150927680,8.250825082508251e-05,1,0,0.0,0.0,0.00011438342665758211,0.0,0.002051420346899556
846,Xenoy01,146858537,8.250825082508251e-05,1,0,0.0,0.0,0.0001177398347138084,0.0,0.001774930489422354
847,ankitsharma1105,154355162,8.250825082508251e-05,1,0,0.0,0.0,0.0001177398347138084,0.0,0.001774930489422354
848,evearun,16605113,8.250825082508251e-05,1,0,0.0,0.0,0.00011438342665758211,0.0,0.002051420346899556
849,Hacker-Aviii,124346889,8.250825082508251e-05,1,0,0.0,0.0,0.00012154187185922839,0.0,0.0038976434182850443
850,tom-vism,142388200,0.00024752475247524753,3,0,0.0,0.0,0.00013043215937454114,0.6666666666666666,0.0026158557664593017
851,Deep7704,115365676,0.0,0,0,0.0,0.0,0.000112598494271797,0.0,0.0
852,Mohit-Raj-Saxena,152036269,8.250825082508251e-05,1,0,0.0,0.0,0.00011438342665758211,0.0,0.002051420346899556
853,ADARSH0104,119598600,8.250825082508251e-05,1,0,0.0,0.0,0.00011438342665758211,0.0,0.002051420346899556
854,Abhinav7585,162537556,0.0,0,0,0.0,0.0,0.000112598494271797,0.0,0.0
855,mj19-git,175649758,8.250825082508251e-05,1,0,0.0,0.0,0.00012154187185922839,0.0,0.0038976434182850443
856,Nazmeenk2210,148086352,0.0,0,0,0.0,0.0,0.000112598494271797,0.0,0.0
857,VAIBHAV20005,98769740,0.0,0,0,0.0,0.0,0.000112598494271797,0.0,0.0
858,AffanMansuri,103258276,0.0,0,0,0.0,0.0,0.000112598494271797,0.0,0.0
859,Gaurav18982,146445435,0.00024752475247524753,3,0,0.0,0.0,0.00014399160334900823,0.3333333333333333,0.004207659297384821
860,bakkarol,31173565,0.0,0,0,0.0,0.0,0.000112598494271797,0.0,0.0
861,Rishi-Mehta1,158579227,0.0,0,0,0.0,0.0,0.000112598494271797,0.0,0.0
862,000adarshkumar000,111629630,8.250825082508251e-05,1,0,0.0,0.0,0.00011438342665758211,0.0,0.002051420346899556
863,rayychandana,175487573,0.0,0,0,0.0,0.0,0.000112598494271797,0.0,0.0
864,ritanshu747,73697511,0.00016501650165016502,2,0,0.0,0.0,0.0001500259945671917,1.0,0.015745581612690063
865,Alok594,175139226,0.0,0,0,0.0,0.0,0.000112598494271797,0.0,0.0
866,rritik772,54989885,0.00016501650165016502,2,0,0.0,0.0,0.00017101234093897706,1.0,0.030976134206846657
867,Sahil-Malaiya,173905001,8.250825082508251e-05,1,0,0.0,0.0,0.00012154187185922839,0.0,0.0038976434182850443
868,polyglot-k,126179088,0.00016501650165016502,2,0,0.0,0.0,0.00011975402434284541,1.0,0.005405489509527252
869,darkcoder2003,174411086,0.0,0,0,0.0,0.0,0.000112598494271797,0.0,0.0
870,tomasz13nocon,11395615,0.00024752475247524753,3,0,0.0,0.0,0.00030758587502778317,0.0,0.004102840693799112
871,Rajshekhar9792,144524268,8.250825082508251e-05,1,0,0.0,0.0,0.0001177398347138084,0.0,0.001774930489422354
872,Vishal-coder987,174759409,8.250825082508251e-05,1,0,0.0,0.0,0.00011427760036443188,0.0,3.489661345712941e-05
873,atulkrsdevops,118390308,8.250825082508251e-05,1,0,0.0,0.0,0.00012154187185922839,0.0,0.0038976434182850443
874,trijalayadav,172474886,8.250825082508251e-05,1,0,0.0,0.0,0.00011427760036443188,0.0,3.489661345712941e-05
875,upendraPal,80110703,8.250825082508251e-05,1,0,0.0,0.0,0.00011427760036443188,0.0,3.489661345712941e-05
876,shubhamf2004,147272215,0.00016501650165016502,2,0,0.0,0.0,0.00021725062985143636,0.0,0.0038976434182850443
877,harsh7913,97553318,0.0,0,0,0.0,0.0,0.000112598494271797,0.0,0.0
878,AMIT-NAIKK,174044119,8.250825082508251e-05,1,0,0.0,0.0,0.0001160902435314064,0.0,0.0005778026142509755
879,Ishikarao30,158798613,0.0,0,0,0.0,0.0,0.000112598494271797,0.0,0.0
880,Hari-Shankar-Karthik,143477305,0.00033003300330033004,4,0,0.0,0.0,0.00021192275901979907,0.3333333333333333,0.0022064282864494443
881,harshitshesh,68332189,0.0,0,0,0.0,0.0,0.000112598494271797,0.0,0.0
882,Charlie15082020,172357260,8.250825082508251e-05,1,0,0.0,0.0,0.00012154187185922839,0.0,0.0038976434182850443
883,Kartikaydon,115790517,8.250825082508251e-05,1,0,0.0,0.0,0.00012154187185922839,0.0,0.0038976434182850443
884,Sarika-Dalal,173683870,8.250825082508251e-05,1,0,0.0,0.0,0.00012154187185922839,0.0,0.0038976434182850443
885,wannawatchmecode,134808496,0.00033003300330033004,4,0,0.0,0.0,0.00013043735342947388,0.5,0.005610884531509807
886,TheDevMinerTV,29845135,0.0007425742574257426,9,0,0.0,0.0,0.000760590428618327,0.1111111111111111,0.010273449398222315
887,utkarshkumar360,90142751,0.0,0,0,0.0,0.0,0.000112598494271797,0.0,0.0
888,astha-gh,158862785,0.0,0,0,0.0,0.0,0.000112598494271797,0.0,0.0
889,nehabura06,143723616,8.250825082508251e-05,1,0,0.0,0.0,0.00011427760036443188,0.0,3.489661345712941e-05
890,khushi-nexotips,166683739,0.00016501650165016502,2,0,0.0,0.0,0.0002117990015236144,0.0,0.0005778026142509755
891,SahilPatel010,173133482,0.0,0,0,0.0,0.0,0.000112598494271797,0.0,0.0
892,ideas-rinki,173531246,8.250825082508251e-05,1,0,0.0,0.0,0.00012154187185922839,0.0,0.0038976434182850443
893,Sana-Shah-een,150586586,0.0,0,0,0.0,0.0,0.000112598494271797,0.0,0.0
894,shahilahamad,173155893,8.250825082508251e-05,1,0,0.0,0.0,0.00011427760036443188,0.0,3.489661345712941e-05
895,Dhruvsingh9999,173377506,8.250825082508251e-05,1,0,0.0,0.0,0.00012154187185922839,0.0,0.0038976434182850443
896,akshali2222,55526089,8.250825082508251e-05,1,0,0.0,0.0,0.00012154187185922839,0.0,0.0038976434182850443
897,KaidiMohammed,43373719,8.250825082508251e-05,1,0,0.0,0.0,0.00011557338158143886,0.0,0.0034190339114992608
898,SrushtiHadke,165546591,0.0,0,0,0.0,0.0,0.000112598494271797,0.0,0.0
899,Saketraj234,172898876,8.250825082508251e-05,1,0,0.0,0.0,0.00012154187185922839,0.0,0.0038976434182850443
900,tushar-26,155763104,8.250825082508251e-05,1,0,0.0,0.0,0.0001160902435314064,0.0,0.0005778026142509755
901,IndrasenaPolaka,140900615,8.250825082508251e-05,1,0,0.0,0.0,0.00011427760036443188,0.0,3.489661345712941e-05
902,siddhsql,127623723,0.00016501650165016502,2,0,0.0,0.0,0.00012092249363522543,0.0,0.0013482060999189427
903,AMAN-BAHETI,117350195,0.0,0,0,0.0,0.0,0.000112598494271797,0.0,0.0
904,Rupon100,111241537,0.0,0,0,0.0,0.0,0.000112598494271797,0.0,0.0
905,pstephenwille,498165,0.00016501650165016502,2,0,0.0,0.0,0.00012034567838253638,1.0,0.0046498492924229185
906,hina143khan,106019122,8.250825082508251e-05,1,0,0.0,0.0,0.00011427760036443188,0.0,3.489661345712941e-05
907,Aarjav-2003,153229482,8.250825082508251e-05,1,0,0.0,0.0,0.00012154187185922839,0.0,0.0038976434182850443
908,Dangi78788,143436517,8.250825082508251e-05,1,0,0.0,0.0,0.00012154187185922839,0.0,0.0038976434182850443
909,cSarcasme,39191127,8.250825082508251e-05,1,0,0.0,0.0,0.00012116739500848267,0.0,0.00295821748237059
910,jcamara-dsg,59695083,0.00024752475247524753,3,0,0.0,0.0,0.00018204618779528008,0.0,0.0001550079395498883
911,rupesh5320,108029760,0.0,0,0,0.0,0.0,0.000112598494271797,0.0,0.0
912,NicolasPL64,31411531,0.00016501650165016502,2,0,0.0,0.0,0.00021128213957364683,0.0,0.0034190339114992608
913,Binarybard12,137629475,8.250825082508251e-05,1,0,0.0,0.0,0.00012154187185922839,0.0,0.0038976434182850443
914,Jasmita-Mukherjee,76439174,0.0,0,0,0.0,0.0,0.000112598494271797,0.0,0.0
915,kunal1605,56274290,0.0,0,0,0.0,0.0,0.000112598494271797,0.0,0.0
916,MaurovicCachiaSE,80471197,0.00016501650165016502,2,0,0.0,0.0,0.00021247209449750358,0.0,0.004786647476098965
917,CodeWithNeerajOfficial,167992513,0.0,0,0,0.0,0.0,0.000112598494271797,0.0,0.0
918,Sabeena31,131359833,8.250825082508251e-05,1,0,0.0,0.0,0.00011557338158143886,0.0,0.0034190339114992608
919,meenakshismenon,156100000,8.250825082508251e-05,1,0,0.0,0.0,0.00012154187185922839,0.0,0.0038976434182850443
920,FarheenSayed,169084302,8.250825082508251e-05,1,0,0.0,0.0,0.00012154187185922839,0.0,0.0038976434182850443
921,JanviGovani,119665864,0.0,0,0,0.0,0.0,0.000112598494271797,0.0,0.0
922,amankush1008,97824977,8.250825082508251e-05,1,0,0.0,0.0,0.00012154187185922839,0.0,0.0038976434182850443
923,adarshRsinha,93790691,8.250825082508251e-05,1,0,0.0,0.0,0.00011557338158143886,0.0,0.0034190339114992608
924,Priyanshuchauhan17,157233004,8.250825082508251e-05,1,0,0.0,0.0,0.00011438342665758211,0.0,0.002051420346899556
925,mykola-mokhnach,7767781,8.250825082508251e-05,1,0,0.0,0.0,0.00011557338158143886,0.0,0.0034190339114992608
926,almic,21991767,0.0006600660066006601,8,0,0.0,0.0,0.00034132385500530184,0.35714285714285715,0.013943613041492596
927,Ishan402,71957614,8.250825082508251e-05,1,0,0.0,0.0,0.00011438342665758211,0.0,0.002051420346899556
928,suchitra2424,151764486,8.250825082508251e-05,1,0,0.0,0.0,0.00011854826889108071,0.0,0.0068380678229985215
929,Abhaymaurya1401,156987222,8.250825082508251e-05,1,0,0.0,0.0,0.00011438342665758211,0.0,0.002051420346899556
930,Pratiksha-First,124136856,0.00024752475247524753,3,0,0.0,0.0,0.00030580094264199805,0.0,0.002051420346899556
931,smit-m-patel,169034484,8.250825082508251e-05,1,0,0.0,0.0,0.00011438342665758211,0.0,0.002051420346899556
932,Aravind526,68600400,0.0,0,0,0.0,0.0,0.000112598494271797,0.0,0.0
933,igauravupadhyay,169790319,8.250825082508251e-05,1,0,0.0,0.0,0.00012154187185922839,0.0,0.0038976434182850443
934,gitcatgattu,155733307,8.250825082508251e-05,1,0,0.0,0.0,0.00011438342665758211,0.0,0.002051420346899556
935,binodyogni,169750598,0.0,0,0,0.0,0.0,0.000112598494271797,0.0,0.0
936,Codexnever,132165121,0.00016501650165016502,1,1,9.90443985808054e-07,0.00016501650165016502,0.00017222101152133962,0.0,0.025984289455233626
937,dnyaneshwarthombre,101245136,0.0,0,0,0.0,0.0,0.000112598494271797,0.0,0.0
938,AbhigyannSingh,166612266,0.0,0,0,0.0,0.0,0.000112598494271797,0.0,0.0
939,anishgarg11,106441012,8.250825082508251e-05,1,0,0.0,0.0,0.00011438342665758211,0.0,0.002051420346899556
940,varmasana80,169576840,8.250825082508251e-05,1,0,0.0,0.0,0.00012154187185922839,0.0,0.0038976434182850443
941,developershailesh2,134313246,8.250825082508251e-05,1,0,0.0,0.0,0.00011427760036443188,0.0,3.489661345712941e-05
942,santoshsahu01,157943361,0.0,0,0,0.0,0.0,0.000112598494271797,0.0,0.0
943,Ravicse11,137975241,0.0,0,0,0.0,0.0,0.000112598494271797,0.0,0.0
944,jyotsnaparauha,95178969,8.250825082508251e-05,1,0,0.0,0.0,0.00012154187185922839,0.0,0.0038976434182850443
945,raksbisht,15016564,0.0004950495049504951,6,0,0.0,0.0,0.00025371266059949206,0.13333333333333333,0.009482155483703235
946,ProjectFlinn,86251992,8.250825082508251e-05,1,0,0.0,0.0,0.00011557338158143886,0.0,0.0034190339114992608
947,Krish-Gupta123,168970924,8.250825082508251e-05,1,0,0.0,0.0,0.00011438342665758211,0.0,0.002051420346899556
948,bhairabmahato,94827250,0.0,0,0,0.0,0.0,0.000112598494271797,0.0,0.0
949,Dipak12221,145249420,0.0,0,0,0.0,0.0,0.000112598494271797,0.0,0.0
950,imrankhan7424,160642907,0.0,0,0,0.0,0.0,0.000112598494271797,0.0,0.0
951,AshishNainwal23,116368007,0.0,0,0,0.0,0.0,0.000112598494271797,0.0,0.0
952,neha5419,159942727,0.0,0,0,0.0,0.0,0.000112598494271797,0.0,0.0
953,jhay06,5191437,8.250825082508251e-05,1,0,0.0,0.0,0.00012116739500848267,0.0,0.00295821748237059
954,2004hitesh,140226332,8.250825082508251e-05,1,0,0.0,0.0,0.0001177398347138084,0.0,0.001774930489422354
955,vatsalgupta2004,152217514,0.0,0,0,0.0,0.0,0.000112598494271797,0.0,0.0
956,githammad7,144891696,8.250825082508251e-05,1,0,0.0,0.0,0.00012154187185922839,0.0,0.0038976434182850443
957,OliverJAsh,921609,0.0005775577557755776,6,1,0.00030797270187490775,0.17384448063613836,0.0003560942450752628,0.23809523809523808,0.008873680733996815
958,Inshiya1904,168347585,0.0,0,0,0.0,0.0,0.000112598494271797,0.0,0.0
959,yhojann-cl,2144779,0.0004950495049504951,6,0,0.0,0.0,0.0004954604096665403,0.0,0.0014868218362415302
960,gurleensandhu267,158033921,8.250825082508251e-05,1,0,0.0,0.0,0.00012288117515581978,0.0,0.003549860978844708
961,rohitnitj,148082988,0.0,0,0,0.0,0.0,0.000112598494271797,0.0,0.0
962,SuryaPratap03,166307981,0.0,0,0,0.0,0.0,0.000112598494271797,0.0,0.0
963,siddesh2,72381595,0.0,0,0,0.0,0.0,0.000112598494271797,0.0,0.0
964,Ranjith310801,167056615,8.250825082508251e-05,1,0,0.0,0.0,0.00011427760036443188,0.0,3.489661345712941e-05
965,Amitkumarsingh27,88762645,8.250825082508251e-05,1,0,0.0,0.0,0.00011427760036443188,0.0,3.489661345712941e-05
966,tetarwalsachinkumar,166603008,8.250825082508251e-05,1,0,0.0,0.0,0.00011438342665758211,0.0,0.002051420346899556
967,gauravkumargoriyan,167415301,0.0,0,0,0.0,0.0,0.000112598494271797,0.0,0.0
968,varunsethi1121,149794469,8.250825082508251e-05,1,0,0.0,0.0,0.00012154187185922839,0.0,0.0038976434182850443
969,ram22git,151539484,8.250825082508251e-05,1,0,0.0,0.0,0.00012154187185922839,0.0,0.0038976434182850443
970,Tanavya,17531555,8.250825082508251e-05,1,0,0.0,0.0,0.00020830725226400498,0.0,0.0
971,GregLtrnr,93837236,0.00016501650165016502,2,0,0.0,0.0,0.00021128213957364683,0.0,0.0034190339114992608
972,sarthakkaiser11,115922815,0.0,0,0,0.0,0.0,0.000112598494271797,0.0,0.0
973,79faiz,166205231,8.250825082508251e-05,1,0,0.0,0.0,0.00011427760036443188,0.0,3.489661345712941e-05
974,alexhanga,113522899,0.00016501650165016502,2,0,0.0,0.0,0.00011975402434284541,1.0,0.005405489509527252
975,Rakesh-Siswa,146774022,8.250825082508251e-05,1,0,0.0,0.0,0.00012154187185922839,0.0,0.0038976434182850443
976,sasikumarreddy1225,148186155,8.250825082508251e-05,1,0,0.0,0.0,0.00012154187185922839,0.0,0.0038976434182850443
977,saketh169,147064850,8.250825082508251e-05,1,0,0.0,0.0,0.00011438342665758211,0.0,0.002051420346899556
978,geraldsamosir,7693125,0.00016501650165016502,2,0,0.0,0.0,0.00011648831684330795,1.0,0.0034721364734435966
979,etroynov,4591518,0.0004950495049504951,4,2,2.3580716052856828e-06,0.00033003300330033004,0.00013492284240273578,0.4666666666666667,0.009258145342951182
980,Ivaylo-Iv,92534344,0.00016501650165016502,2,0,0.0,0.0,0.00013030263373857415,1.0,0.006554233386236955
981,galaxine-senpai,70488944,0.00016501650165016502,2,0,0.0,0.0,0.00012134397943282253,1.0,0.00295821748237059
982,sanukumar1991,61706189,8.250825082508251e-05,1,0,0.0,0.0,0.00011438342665758211,0.0,0.002051420346899556
983,inigomarquinez,25435858,0.00024752475247524753,2,1,0.0,0.19477515387600247,0.0001358462851568504,1.0,0.011829728438531178
984,rafaell-lycan,1516450,0.0007425742574257426,6,3,0.00041162793091026724,0.14616030533094462,0.0004770632213260112,0.1388888888888889,0.00731732498391825
985,Papayd60,137681046,8.250825082508251e-05,1,0,0.0,0.0,0.00011438342665758211,0.0,0.002051420346899556
986,kisshore04,134697630,0.00024752475247524753,3,0,0.0,0.0,0.00021752350196830477,0.3333333333333333,0.0027352271291994083
987,dhdharmendra,71723101,0.00016501650165016502,2,0,0.0,0.0,0.00011900094187611312,1.0,0.004602320904447497
988,Shivendra137,156521000,8.250825082508251e-05,1,0,0.0,0.0,0.00012154187185922839,0.0,0.0038976434182850443
989,ronaldl29,35465493,8.250825082508251e-05,1,0,0.0,0.0,0.00011277507869613686,0.0,0.0
990,Kaustuv1673,164555458,8.250825082508251e-05,1,0,0.0,0.0,0.0001195128999583545,0.0,0.0010142666047448677
991,JaskaranSingh1255,100949802,8.250825082508251e-05,1,0,0.0,0.0,0.00012154187185922839,0.0,0.0038976434182850443
992,uxrajk,142461662,8.250825082508251e-05,1,0,0.0,0.0,0.00011438342665758211,0.0,0.002051420346899556
993,sharmavikasfzr,160248306,8.250825082508251e-05,1,0,0.0,0.0,0.00011438342665758211,0.0,0.002051420346899556
994,harshal-patil2005,158513600,8.250825082508251e-05,1,0,0.0,0.0,0.00011438342665758211,0.0,0.002051420346899556
995,codewprincee,38320278,0.0,0,0,0.0,0.0,0.000112598494271797,0.0,0.0
996,a-tharva2004,150817653,8.250825082508251e-05,1,0,0.0,0.0,0.0001177398347138084,0.0,0.001774930489422354
997,SatJam,157732071,0.0,0,0,0.0,0.0,0.000112598494271797,0.0,0.0
998,MOHAMMADHASINA,142612151,8.250825082508251e-05,1,0,0.0,0.0,0.0001177398347138084,0.0,0.001774930489422354
999,Adams880,22082031,8.250825082508251e-05,1,0,0.0,0.0,0.00011557338158143886,0.0,0.0034190339114992608
1000,jay-herrera,8452520,8.250825082508251e-05,1,0,0.0,0.0,0.00011557338158143886,0.0,0.0034190339114992608
1001,robertlario,8182531,0.00016501650165016502,2,0,0.0,0.0,0.0002142570268832887,0.0,0.0068380678229985215
1002,AlirezaEthDev,67728013,8.250825082508251e-05,1,0,0.0,0.0,0.00011854826889108071,0.0,0.0068380678229985215
1003,marco-ippolito,36735501,0.00041254125412541255,3,2,1.3617470015692772e-08,0.1947913392801803,0.00015212239937652174,0.8333333333333334,0.0208855989545818
1004,susobhan-seal,67822699,8.250825082508251e-05,1,0,0.0,0.0,0.00011438342665758211,0.0,0.002051420346899556
1005,aliimmran2008,135059545,8.250825082508251e-05,1,0,0.0,0.0,0.0001177398347138084,0.0,0.001774930489422354
1006,chenqiongqiong,19339074,8.250825082508251e-05,0,1,0.0,0.19057146634465189,0.000112598494271797,0.0,0.0
1007,drobnikj,11837643,0.00033003300330033004,4,0,0.0,0.0,0.00023736251329144615,0.5,0.015748242560678822
1008,sairaghavaaditya,143815769,8.250825082508251e-05,1,0,0.0,0.0,0.00012154187185922839,0.0,0.0038976434182850443
1009,kavika-1,7366181,0.00016501650165016502,2,0,0.0,0.0,0.00021485200434521708,0.0,0.0075218746052983735
1010,PrajjwalGurjar,85443621,0.0,0,0,0.0,0.0,0.000112598494271797,0.0,0.0
1011,mohdshariq-0033,162874953,0.0,0,0,0.0,0.0,0.000112598494271797,0.0,0.0
1012,musharafkhalil22,161101071,8.250825082508251e-05,1,0,0.0,0.0,0.00011438342665758211,0.0,0.002051420346899556
1013,AnkitKumarh15,95964958,8.250825082508251e-05,1,0,0.0,0.0,0.00011438342665758211,0.0,0.002051420346899556
1014,Karlex1,104476272,8.250825082508251e-05,1,0,0.0,0.0,0.00011557338158143886,0.0,0.0034190339114992608
1015,SarthakParikh,59950065,8.250825082508251e-05,1,0,0.0,0.0,0.00012750412358418267,0.0,0.0064960723638084064
1016,srj00999,108576373,8.250825082508251e-05,1,0,0.0,0.0,0.00011427760036443188,0.0,3.489661345712941e-05
1017,aishxfriied,124557212,0.00024752475247524753,3,0,0.0,0.0,0.0003129593878436443,0.0,0.0038976434182850443
1018,prashantht314,162868533,0.0,0,0,0.0,0.0,0.000112598494271797,0.0,0.0
1019,FDrag0n,34733637,0.00016501650165016502,2,0,0.0,0.0,0.00021009218464979008,0.0,0.002051420346899556
1020,Shruti-Ramenahalli,93712099,0.00024752475247524753,3,0,0.0,0.0,0.00012258630586236503,0.6666666666666666,0.0034190339114992608
1021,dulguun0225,4142584,8.250825082508251e-05,1,0,0.0,0.0,0.00011943483412838329,0.0,0.0
1022,AdityaNeupane,162954424,8.250825082508251e-05,1,0,0.0,0.0,0.00012154187185922839,0.0,0.0038976434182850443
1023,Ameytale123,157681556,8.250825082508251e-05,1,0,0.0,0.0,0.00011438342665758211,0.0,0.002051420346899556
1024,sukhass,162527292,8.250825082508251e-05,1,0,0.0,0.0,0.00011438342665758211,0.0,0.002051420346899556
1025,cainbryce,121649018,0.00016501650165016502,2,0,0.0,0.0,0.00012240972143802515,1.0,0.0034190339114992608
1026,KhushbooYelne,144230344,8.250825082508251e-05,1,0,0.0,0.0,0.00011438342665758211,0.0,0.002051420346899556
1027,JasonKleban,17498172,8.250825082508251e-05,1,0,0.0,0.0,0.00011557338158143886,0.0,0.0034190339114992608
1028,nayabshah,77058329,8.250825082508251e-05,1,0,0.0,0.0,0.00012459495530315693,0.0,0.004141504475318826
1029,akshat26-02,153357505,8.250825082508251e-05,1,0,0.0,0.0,0.00012154187185922839,0.0,0.0038976434182850443
1030,karan55555,131268258,8.250825082508251e-05,1,0,0.0,0.0,0.00011438342665758211,0.0,0.002051420346899556
1031,waqasyounas302,160921475,0.0,0,0,0.0,0.0,0.000112598494271797,0.0,0.0
1032,ayush9009,97290036,8.250825082508251e-05,1,0,0.0,0.0,0.00012154187185922839,0.0,0.0038976434182850443
1033,ayush9358,147298195,8.250825082508251e-05,1,0,0.0,0.0,0.00012154187185922839,0.0,0.0038976434182850443
1034,anjalisrgi,161213844,8.250825082508251e-05,1,0,0.0,0.0,0.00012154187185922839,0.0,0.0038976434182850443
1035,manojgudekar21,120514176,8.250825082508251e-05,1,0,0.0,0.0,0.00011438342665758211,0.0,0.002051420346899556
1036,ybico,2661994,0.00016501650165016502,1,1,5.547896950752369e-07,0.00016501650165016502,0.00011557338158143886,0.0,0.0034190339114992608
1037,mallanagoudagp,159603831,8.250825082508251e-05,1,0,0.0,0.0,0.00011438342665758211,0.0,0.002051420346899556
1038,vatsalkevadiya08141,125442773,8.250825082508251e-05,1,0,0.0,0.0,0.00012154187185922839,0.0,0.0038976434182850443
1039,blpmanoj15,161309405,8.250825082508251e-05,1,0,0.0,0.0,0.00012154187185922839,0.0,0.0038976434182850443
1040,urmilapatil84,160595763,8.250825082508251e-05,1,0,0.0,0.0,0.00012154187185922839,0.0,0.0038976434182850443
1041,SuperexMack,146699961,8.250825082508251e-05,1,0,0.0,0.0,0.00011438342665758211,0.0,0.002051420346899556
1042,walterhydra,160340897,8.250825082508251e-05,1,0,0.0,0.0,0.00011539700442618847,0.0,5.816102242854902e-05
1043,kartikeysh,61411338,0.00016501650165016502,2,0,0.0,0.0,0.00013198173983120903,1.0,0.0065891299996940845
1044,harshithv479,143301521,8.250825082508251e-05,1,0,0.0,0.0,0.00011539700442618847,0.0,5.816102242854902e-05
1045,pratikpawar2679,111550955,8.250825082508251e-05,1,0,0.0,0.0,0.00012154187185922839,0.0,0.0038976434182850443
1046,SauravChaudhary26,112715245,8.250825082508251e-05,1,0,0.0,0.0,0.00011415978963556695,0.0,0.00042177958463654756
1047,Tasreena,159223568,8.250825082508251e-05,1,0,0.0,0.0,0.00012154187185922839,0.0,0.0038976434182850443
1048,wizhaaa,46132945,8.250825082508251e-05,1,0,0.0,0.0,0.00012750412358418267,0.0,0.0064960723638084064
1049,El-Foz,87238889,0.00016501650165016502,2,0,0.0,0.0,0.00022321288157639064,0.0,0.0064960723638084064
1050,ShookTea,4903587,0.0,0,0,0.0,0.0,0.000112598494271797,0.0,0.0
1051,aminya,16418197,0.0005775577557755776,7,0,0.0,0.0,0.0005042071377797506,0.047619047619047616,0.005693444611569998
1052,taylordwright44,11287407,0.0005775577557755776,6,1,0.00020652564120753915,0.12136890219000153,0.00059773542770359,0.26666666666666666,0.008446359602652685
1053,neeldoshii,60827173,8.250825082508251e-05,1,0,0.0,0.0,0.00011557338158143886,0.0,0.0034190339114992608
1054,codeguyakash,80571893,0.00024752475247524753,3,0,0.0,0.0,0.0002094972071878617,0.0,0.0013676135645997042
1055,QuantGeekDev,58406316,0.0004950495049504951,2,4,0.0003084511614106729,0.150785988479203,0.0006445229193835757,0.4,0.010432465193859694
1056,CBID2,105683440,0.0029702970297029703,32,4,0.003153136096363359,0.19882264435094907,0.0024152001423442698,0.040998217468805706,0.04129797561953676
1057,mikegwhit,2973130,0.0007425742574257426,6,3,6.2852686799758855e-06,0.0005280528052805281,0.0005448047361850813,0.1388888888888889,0.0029694096222932214
1058,mRcOol7,98140974,0.00033003300330033004,4,0,0.0,0.0,0.00026114370004743905,0.16666666666666666,0.0034381931035936545
1059,chriswilty,15246391,8.250825082508251e-05,1,0,0.0,0.0,0.00011363935784764363,0.0,0.0002811863897576984
1060,S-Ayush,95900009,0.00016501650165016502,2,0,0.0,0.0,0.00022321288157639064,0.0,0.0064960723638084064
1061,Congelli501,820621,0.00016501650165016502,1,1,0.0,0.00016501650165016502,0.00011520065321141358,1.0,0.000702965974394246
1062,friwid,50137120,8.250825082508251e-05,1,0,0.0,0.0,0.00011832324393895347,0.0,0.0015465251436673412
1063,DmytroKondrashov,61388150,8.250825082508251e-05,1,0,0.0,0.0,0.00011624151678726022,0.0,0.0009841523641519443
1064,Bunpasi,58082391,0.00016501650165016502,2,0,0.0,0.0,0.00011480735363745148,0.0,3.489661345712941e-05
1065,lukeed,5855893,0.00024752475247524753,3,0,0.0,0.0,0.0001229736294104215,0.3333333333333333,0.004985450467276928
1066,clintonksang,55794066,0.00016501650165016502,2,0,0.0,0.0,0.00013308740838627637,1.0,0.008498252810964333
1067,rhodgkins,1810588,0.0005775577557755776,6,1,1.7529468997010127e-06,0.00016501650165016502,0.0003415144122423147,0.3333333333333333,0.01642947259068721
1068,ThomasCode92,108367944,0.00016501650165016502,2,0,0.0,0.0,0.00020986854762777493,0.0,0.00042177958463654756
1069,Mubashir2611,108177382,8.250825082508251e-05,1,0,0.0,0.0,0.00011415978963556695,0.0,0.00042177958463654756
1070,joeyguerra,105057,0.0007425742574257426,0,9,0.0,0.2092382903025033,0.000112598494271797,0.19444444444444445,0.0
1071,debuger001,62402545,8.250825082508251e-05,1,0,0.0,0.0,0.00011832324393895347,0.0,0.0015465251436673412
1072,Chall-T,68809639,0.00016501650165016502,2,0,0.0,0.0,0.00020934811583985162,0.0,0.0002811863897576984
1073,mctrafik,1694347,0.00041254125412541255,5,0,0.0,0.0,0.0005837424008446619,0.3,0.006738657082058036
1074,kumaran005,65108734,8.250825082508251e-05,1,0,0.0,0.0,0.00011520065321141358,0.0,0.000702965974394246
1075,RobertSandiford,8287382,8.250825082508251e-05,1,0,0.0,0.0,0.00011363935784764363,0.0,0.0002811863897576984
1076,AtilMohAmine,86023602,0.00033003300330033004,2,2,1.939127730234651e-05,0.0003712871287128713,0.00012388073066686635,0.16666666666666666,0.0029524570924558333
1077,MathurAditya724,57684218,0.0,0,0,0.0,0.0,0.000112598494271797,0.0,0.0
1078,Et7f3,29592775,8.250825082508251e-05,1,0,0.0,0.0,0.00011363935784764363,0.0,0.0002811863897576984
1079,premsai-konduru,98349284,0.00016501650165016502,2,0,0.0,0.0,0.00021725062985143636,0.0,0.0038976434182850443
1080,Raj-Pavara,151735565,0.0,0,0,0.0,0.0,0.000112598494271797,0.0,0.0
1081,rallets,379999,8.250825082508251e-05,1,0,0.0,0.0,0.00011676194857518352,0.0,0.0011247455590307936
1082,AntonyAsatiani,22233083,8.250825082508251e-05,1,0,0.0,0.0,0.00011520065321141358,0.0,0.000702965974394246
1083,RegijusBorodinas,78727450,8.250825082508251e-05,1,0,0.0,0.0,0.00011468022142349027,0.0,0.0005623727795153968
1084,talhameer,15572654,8.250825082508251e-05,1,0,0.0,0.0,0.00011728238036310684,0.0,0.0012653387539096428
1085,KGLikith,150937474,0.0,0,0,0.0,0.0,0.000112598494271797,0.0,0.0
1086,JAYyadav2535,142379242,8.250825082508251e-05,1,0,0.0,0.0,0.00011415978963556695,0.0,0.00042177958463654756
1087,LJ1102,1521958,0.00041254125412541255,5,0,0.0,0.0,0.00040211099830729757,0.0,0.0016151503779710194
1088,oleaasbo,12031720,0.0,0,0,0.0,0.0,0.000112598494271797,0.0,0.0
1089,GwangIl-Park,40749130,8.250825082508251e-05,1,0,0.0,0.0,0.00016524782604701268,0.0,1.3545005299225919e-05
1090,vakhid-shagmanov,46527302,0.00016501650165016502,2,0,0.0,0.0,0.00011659468563593995,0.0,0.0009841523641519443
1091,ckng0221,79681367,8.250825082508251e-05,1,0,0.0,0.0,0.00012750412358418267,0.0,0.0064960723638084064
1092,htmujahid,58030954,8.250825082508251e-05,1,0,0.0,0.0,0.00011539700442618847,0.0,5.816102242854902e-05
1093,PrincOfHope,149562935,0.00016501650165016502,2,0,0.0,0.0,0.000304016010256213,0.0,0.0
1094,anantyadunath,14962743,8.250825082508251e-05,1,0,0.0,0.0,0.00011520065321141358,0.0,0.000702965974394246
1095,chiahao-codes,58504734,0.00041254125412541255,5,0,0.0,0.0,0.00033764450132843233,0.0,7.965384291650411e-05
1096,fbritoferreira,12714498,0.00016501650165016502,2,0,0.0,0.0,0.00016149373684374763,0.0,0.0002811863897576984
1097,Deepsutariy,100339197,0.00024752475247524753,3,0,0.0,0.0,0.00022775530280263773,0.3333333333333333,0.008217066421206636
1098,JeensmLill,143064341,8.250825082508251e-05,1,0,0.0,0.0,0.000160452873267901,0.0,0.0
1099,Bader-Idris,93044377,8.250825082508251e-05,1,0,0.0,0.0,0.00011520065321141358,0.0,0.000702965974394246
1100,benfosterlitmos,115749100,0.0011551155115511551,14,0,0.0,0.0,0.001253745434621608,0.01098901098901099,0.005457430671730078
1101,iAlusion,34107851,0.00033003300330033004,4,0,0.0,0.0,0.0003448623071743803,0.0,0.0038976434182850443
1102,christianblais,596120,0.00033003300330033004,4,0,0.0,0.0,0.00025317553862049615,0.16666666666666666,0.005478044280804424
1103,Osmangazi,13166782,0.00016501650165016502,2,0,0.0,0.0,0.00020848383668834483,0.0,0.0
1104,robkebab,58490986,0.00016501650165016502,2,0,0.0,0.0,0.00013048857286889718,1.0,0.009234733835974273
1105,zhravan,47430686,0.00024752475247524753,3,0,0.0,0.0,0.00030732399014755116,0.0,0.0003100158790997766
1106,nandeshwar7678,140430519,8.250825082508251e-05,1,0,0.0,0.0,0.00020830725226400498,0.0,0.0
1107,gkm0001,121250607,8.250825082508251e-05,1,0,0.0,0.0,0.00020830725226400498,0.0,0.0
1108,mehdux,45064790,0.00016501650165016502,2,0,0.0,0.0,0.0002086604211126847,0.0,0.0
1109,tufanobenjamin,98603546,0.00024752475247524753,3,0,0.0,0.0,0.0002117461745954592,0.3333333333333333,0.0022064282864494443
1110,ralexander-phi,3751418,8.250825082508251e-05,1,0,0.0,0.0,0.00011624151678726022,0.0,0.0009841523641519443
1111,marcosc90,8364242,0.0,0,0,0.0,0.0,0.000112598494271797,0.0,0.0
1112,XiaoTYUT,72398729,8.250825082508251e-05,1,0,0.0,0.0,0.00020830725226400498,0.0,0.0
1113,xkeshav,415219,8.250825082508251e-05,1,0,0.0,0.0,0.00011624151678726022,0.0,0.0009841523641519443
1114,hktalent,18223385,8.250825082508251e-05,1,0,0.0,0.0,0.00020830725226400498,0.0,0.0
1115,jfbrennan,1817868,0.00016501650165016502,1,1,0.0,0.00016501650165016502,0.00011624151678726022,1.0,0.0009841523641519443
1116,kristof-low,115877253,0.00016501650165016502,2,0,0.0,0.0,0.00011653969948328044,1.0,0.0031570067138359556
1117,akosma,55348,0.0,0,0,0.0,0.0,0.000112598494271797,0.0,0.0
1118,sivathedev16,140049692,0.00016501650165016502,2,0,0.0,0.0,0.00015202578397548893,1.0,0.0008642256934953476
1119,SHarpreetSingh,99388821,0.00016501650165016502,1,1,1.4124720773777313e-05,0.00016501650165016502,0.00011520065321141358,0.0,0.000702965974394246
1120,randomprogramming,48063901,0.00024752475247524753,3,0,0.0,0.0,0.00031131182153209386,0.0,1.9177348339432243e-05
1121,Apkovy,86667438,8.250825082508251e-05,1,0,0.0,0.0,0.00011277507869613686,0.0,0.0
1122,guyroyse,271880,0.00016501650165016502,2,0,0.0,0.0,0.00011712547678669177,0.0,0.0
1123,ennas-de,70843998,8.250825082508251e-05,1,0,0.0,0.0,0.00012750412358418267,0.0,0.0064960723638084064
1124,aaferna,38817071,0.00024752475247524753,3,0,0.0,0.0,0.0002136683696325235,0.3333333333333333,0.00503418428947028
1125,Khemendra-Bhardwaj,96744122,8.250825082508251e-05,1,0,0.0,0.0,0.00011520065321141358,0.0,0.000702965974394246
1126,benjaminPla,85419447,0.00016501650165016502,2,0,0.0,0.0,0.00026131769586094586,0.0,0.007776043969710653
1127,Vibha6419,68995104,0.00041254125412541255,4,1,4.890883964337843e-06,0.00016501650165016502,0.0003592675009710452,0.1,0.0007165109796934719
1128,RjManhas,117674421,0.00016501650165016502,2,0,0.0,0.0,0.000232234441762057,0.0,0.0
1129,bajracharyaritika08,98607467,0.0009900990099009901,12,0,0.0,0.0,0.0013840069636557402,0.0,0.003900930560052377
1130,dqh-au,1055795,0.00016501650165016502,2,0,0.0,0.0,0.0001196049329948353,0.0,0.004319062334685247
1131,tytech039,107938098,8.250825082508251e-05,0,1,0.0,0.00022002200220022002,0.000112598494271797,0.0,0.0
1132,kross-italk,50964932,8.250825082508251e-05,1,0,0.0,0.0,0.00011520065321141358,0.0,0.000702965974394246
1133,Bhupi2508,47639636,0.00024752475247524753,2,1,5.257478215225379e-06,0.00016501650165016502,0.00021128213957364683,0.0,0.0034190339114992608
1134,rmacklin,1863540,0.0014851485148514852,18,0,0.0,0.0,0.001321860227156034,0.0392156862745098,0.0072165109473144315
1135,staplespeter,26435147,0.00033003300330033004,4,0,0.0,0.0,0.00030734406641453455,0.16666666666666666,0.0034190339114992608
1136,ehtisham2022skipq,120746840,8.250825082508251e-05,1,0,0.0,0.0,0.00011539700442618847,0.0,5.816102242854902e-05
1137,dnechay,15381780,8.250825082508251e-05,1,0,0.0,0.0,0.00011295166312047674,0.0,0.0
1138,aminxare,83465845,8.250825082508251e-05,1,0,0.0,0.0,0.00011520065321141358,0.0,0.000702965974394246
1139,gvanastasov,14071890,8.250825082508251e-05,1,0,0.0,0.0,0.0001157210849993369,0.0,0.0008435591692730951
1140,PatrickSilvaMenezes,61638765,8.250825082508251e-05,1,0,0.0,0.0,0.00020830725226400498,0.0,0.0
1141,XanderEndre,45239432,8.250825082508251e-05,1,0,0.0,0.0,0.00011520065321141358,0.0,0.000702965974394246
1142,riddlew,6940264,0.00024752475247524753,3,0,0.0,0.0,0.0002184640313945162,0.3333333333333333,0.0023556962419502593
1143,hossainchisty,62835101,0.0004950495049504951,6,0,0.0,0.0,0.0004567448320010656,0.0,0.0013676135645997042
1144,AngeloCore,62988428,0.00024752475247524753,3,0,0.0,0.0,0.00021212685920380807,0.0,0.0009841523641519443
1145,ganeshkbhat,3424344,0.00016501650165016502,2,0,0.0,0.0,0.00021403200193116146,0.0,0.0015465251436673412
1146,Nicaneri,113412602,8.250825082508251e-05,1,0,0.0,0.0,0.00011539700442618847,0.0,5.816102242854902e-05
1147,cutemurphy2022,99057716,8.250825082508251e-05,1,0,0.0,0.0,0.00011520065321141358,0.0,0.000702965974394246
1148,Kearsan,13570676,0.00016501650165016502,2,0,0.0,0.0,0.00011537723763575345,0.0,0.000702965974394246
1149,FAXES,31368070,0.00016501650165016502,2,0,0.0,0.0,0.00011503339027217,0.0,0.0005623727795153968
1150,harish0609,72744581,0.00016501650165016502,2,0,0.0,0.0,0.0001138159422719835,0.0,0.0002811863897576984
1151,duckytutorials,92290826,8.250825082508251e-05,1,0,0.0,0.0,0.00011520065321141358,0.0,0.000702965974394246
1152,henriquedevelops,47286998,0.00024752475247524753,3,0,0.0,0.0,0.00023388843170772607,0.0,0.0001550079395498883
1153,Feeco-Li,46255758,8.250825082508251e-05,1,0,0.0,0.0,0.00020830725226400498,0.0,0.0
1154,xonaman,45240351,8.250825082508251e-05,1,0,0.0,0.0,0.00011624151678726022,0.0,0.0009841523641519443
1155,notthelewis,43108320,0.00016501650165016502,2,0,0.0,0.0,0.00012094397926670215,1.0,0.006773103074126956
1156,CalebJamesStevens,61043345,0.00016501650165016502,2,0,0.0,0.0,0.000256161631260109,0.0,0.0
1157,Bernice55231,78245731,0.0005775577557755776,7,0,0.0,0.0,0.0003229116161656696,0.3333333333333333,0.02442575224074447
1158,freezer71,68165179,8.250825082508251e-05,1,0,0.0,0.0,0.00011520065321141358,0.0,0.000702965974394246
1159,wtaiatella,51032625,0.00016501650165016502,2,0,0.0,0.0,0.00020130569887890113,0.0,0.0
1160,suman313,46757114,0.00024752475247524753,1,2,5.446988006277109e-08,0.00033003300330033004,0.00020830725226400498,0.0,0.0
1161,rluvaton,16746759,0.00033003300330033004,3,1,0.0,0.1947913392801803,0.00011877772500835788,0.6666666666666666,0.0010903574880406167
1162,DinoFengz,97534094,0.0,0,0,0.0,0.0,0.000112598494271797,0.0,0.0
1163,FadhiliNjagi,54543510,0.0,0,0,0.0,0.0,0.000112598494271797,0.0,0.0
1164,hirshant,108320456,0.00016501650165016502,2,0,0.0,0.0,0.00020986854762777493,0.0,0.00042177958463654756
1165,Abinashkhuntia,97158228,0.0,0,0,0.0,0.0,0.000112598494271797,0.0,0.0
1166,Abdul8057,115917722,8.250825082508251e-05,1,0,0.0,0.0,0.00011415978963556695,0.0,0.00042177958463654756
1167,nbkhope,13649002,0.00016501650165016502,2,0,0.0,0.0,0.0004929376568291998,1.0,0.0010954778463861793
1168,Rockstar108,54064164,0.0,0,0,0.0,0.0,0.000112598494271797,0.0,0.0
1169,shivamsurya5,95014732,0.00024752475247524753,3,0,0.0,0.0,0.00021632999192860799,0.3333333333333333,0.00044886959523499943
1170,Joepolymath,65833013,0.0,0,0,0.0,0.0,0.000112598494271797,0.0,0.0
1171,sanjarbek-ismatov,65501439,8.250825082508251e-05,1,0,0.0,0.0,0.00011539700442618847,0.0,5.816102242854902e-05
1172,debadutta98,62756279,0.0006600660066006601,7,1,0.0002054989704284837,0.1738702697595082,0.001324638657924667,0.2857142857142857,0.018241625565296276
1173,koloer-blus,77950278,0.00016501650165016502,2,0,0.0,0.0,0.0002968378724467692,0.0,0.0
1174,gxxcastillo,530233,8.250825082508251e-05,1,0,0.0,0.0,0.00011520065321141358,0.0,0.000702965974394246
1175,lukeescude,11986333,8.250825082508251e-05,1,0,0.0,0.0,0.00011363935784764363,0.0,0.0002811863897576984
1176,nrequejo,60115295,8.250825082508251e-05,1,0,0.0,0.0,0.00011295166312047674,0.0,0.0
1177,zayro,6652313,8.250825082508251e-05,1,0,0.0,0.0,0.00011520065321141358,0.0,0.000702965974394246
1178,skeddles,2721332,8.250825082508251e-05,1,0,0.0,0.0,0.00011520065321141358,0.0,0.000702965974394246
1179,vilnytskyi,12172171,8.250825082508251e-05,1,0,0.0,0.0,0.00011624151678726022,0.0,0.0009841523641519443
1180,ChewSW28,98095959,8.250825082508251e-05,1,0,0.0,0.0,0.00011520065321141358,0.0,0.000702965974394246
1181,pzi,2037851,0.00041254125412541255,5,0,0.0,0.0,0.0007060920939886421,0.0,0.0021625716793538478
1182,NazCodeland,113494366,0.00024752475247524753,2,1,2.7234940031385545e-08,0.00016501650165016502,0.00020848383668834483,0.3333333333333333,0.0
1183,Lordfirespeed,28568841,0.00024752475247524753,2,1,1.3617470015692772e-08,0.00016501650165016502,0.00011589766942367676,0.3333333333333333,0.0008435591692730951
1184,ytkang,2437069,0.00041254125412541255,5,0,0.0,0.0,0.00027678512502837056,0.4,0.0018626410722880331
1185,elf01b,77315795,0.0,0,0,0.0,0.0,0.000112598494271797,0.0,0.0
1186,AlexChadwickP,42715369,0.00016501650165016502,2,0,0.0,0.0,0.00011445418478877174,0.0,3.489661345712941e-05
1187,searchableguy,73341821,8.250825082508251e-05,1,0,0.0,0.0,0.00011624151678726022,0.0,0.0009841523641519443
1188,me-nkr,60778845,8.250825082508251e-05,1,0,0.0,0.0,0.00011624151678726022,0.0,0.0009841523641519443
1189,SaekiTominaga,4138486,0.00033003300330033004,3,1,1.5861585049688748e-06,0.00016501650165016502,0.00012092011578650505,0.5,0.0030472802332039274
1190,zwhs-co,69192565,8.250825082508251e-05,1,0,0.0,0.0,0.00011624151678726022,0.0,0.0009841523641519443
1191,attilaorosz,20186127,8.250825082508251e-05,1,0,0.0,0.0,0.00011468022142349027,0.0,0.0005623727795153968
1192,velara3,1084127,0.00016501650165016502,2,0,0.0,0.0,0.00011657305610421723,1.0,0.0007826198173107501
1193,shangTou,16499087,0.00016501650165016502,2,0,0.0,0.0,0.00012769748846895118,1.0,0.0008525891728059124
1194,talhatanveer12,78445899,8.250825082508251e-05,1,0,0.0,0.0,0.00011415978963556695,0.0,0.00042177958463654756
1195,guisaulo,11816351,8.250825082508251e-05,1,0,0.0,0.0,0.00011624151678726022,0.0,0.0009841523641519443
1196,shubanker,12107685,8.250825082508251e-05,1,0,0.0,0.0,0.00011468022142349027,0.0,0.0005623727795153968
1197,abenhamdine,7466144,0.0009900990099009901,5,7,0.0006160479742264876,0.19095136664204054,0.00036619781998461446,0.22727272727272727,0.0026299968626080326
1198,vcsjones,361677,0.00033003300330033004,4,0,0.0,0.0,0.0002554781693333477,0.5,0.0012040257749610724
1199,MaddyGuthridge,31365175,8.250825082508251e-05,1,0,0.0,0.0,0.00011624151678726022,0.0,0.0009841523641519443
1200,mohamed-bahaa21,48733136,8.250825082508251e-05,1,0,0.0,0.0,0.00011520065321141358,0.0,0.000702965974394246
1201,dylanh724,8840024,0.00033003300330033004,4,0,0.0,0.0,0.00022292534824270899,0.3333333333333333,0.0010388190582612173
1202,armujahid,3725386,0.0004950495049504951,6,0,0.0,0.0,0.00034418216897104224,0.3333333333333333,0.0009469706900096405
1203,developingdhruv,106263552,8.250825082508251e-05,1,0,0.0,0.0,0.00011520065321141358,0.0,0.000702965974394246
1204,Sirherobrine23,50121801,8.250825082508251e-05,1,0,0.0,0.0,0.00011520065321141358,0.0,0.000702965974394246
1205,kamronbatman,3953314,0.00016501650165016502,1,1,0.0,0.00016501650165016502,0.00011624151678726022,1.0,0.0009841523641519443
1206,PixelNinja132,41830820,8.250825082508251e-05,1,0,0.0,0.0,0.00011363935784764363,0.0,0.0002811863897576984
1207,hhorak,1405588,8.250825082508251e-05,1,0,0.0,0.0,0.00011624151678726022,0.0,0.0009841523641519443
1208,theabhinavdas,6317549,8.250825082508251e-05,1,0,0.0,0.0,0.00011624151678726022,0.0,0.0009841523641519443
1209,vaibhav0806,93519170,8.250825082508251e-05,1,0,0.0,0.0,0.00011539700442618847,0.0,5.816102242854902e-05
1210,jman13378,101841938,0.00024752475247524753,3,0,0.0,0.0,0.00016882516216204215,0.6666666666666666,0.0012095024545948384
1211,blazmrak,25981532,8.250825082508251e-05,1,0,0.0,0.0,0.0001157210849993369,0.0,0.0008435591692730951
1212,cmw-big,45275792,0.00016501650165016502,2,0,0.0,0.0,0.00020848383668834483,0.0,0.0
1213,peter-batley-depop,105213279,0.00016501650165016502,2,0,0.0,0.0,0.000256161631260109,0.0,0.0
1214,ThomasRinsma,3109710,8.250825082508251e-05,1,0,0.0,0.0,0.00011624151678726022,0.0,0.0009841523641519443
1215,yaniv-peretz,29729128,0.0,0,0,0.0,0.0,0.000112598494271797,0.0,0.0
1216,anonrig,1935246,0.00024752475247524753,2,1,3.1129835740928937e-06,0.00016501650165016502,0.00015230789042138272,0.3333333333333333,0.002108897923182738
1217,shakaran,14254,8.250825082508251e-05,1,0,0.0,0.0,0.00011520065321141358,0.0,0.000702965974394246
1218,sashashura,93376818,8.250825082508251e-05,1,0,0.0,0.0,0.00011624151678726022,0.0,0.0009841523641519443
1219,gustavotemple,8224221,8.250825082508251e-05,1,0,0.0,0.0,0.00011624151678726022,0.0,0.0009841523641519443
1220,thoriqadillah,44075782,8.250825082508251e-05,1,0,0.0,0.0,0.00011624151678726022,0.0,0.0009841523641519443
1221,anthonyma94,52266992,8.250825082508251e-05,1,0,0.0,0.0,0.00011520065321141358,0.0,0.000702965974394246
1222,0522skylar,56965332,0.00016501650165016502,2,0,0.0,0.0,0.00021090941120362156,0.0,0.000702965974394246
1223,NikkiHmltn,65046641,8.250825082508251e-05,1,0,0.0,0.0,0.00011363935784764363,0.0,0.0002811863897576984
1224,coolaj86,122831,8.250825082508251e-05,1,0,0.0,0.0,0.00011624151678726022,0.0,0.0009841523641519443
1225,huadongzhou,49564680,0.0,0,0,0.0,0.0,0.000112598494271797,0.0,0.0
1226,lukas2,213249,8.250825082508251e-05,1,0,0.0,0.0,0.00011468022142349027,0.0,0.0005623727795153968
1227,rLukoyanov,105169805,8.250825082508251e-05,1,0,0.0,0.0,0.00011520065321141358,0.0,0.000702965974394246
1228,Tzvetelin88,9692941,0.00016501650165016502,2,0,0.0,0.0,0.00011919147712346326,1.0,0.0007962388044922489
1229,SyedImam1998,52135949,0.00016501650165016502,2,0,0.0,0.0,0.00021090941120362156,0.0,0.000702965974394246
1230,sidiik,78619091,0.0,0,0,0.0,0.0,0.000112598494271797,0.0,0.0
1231,napondo,22894596,0.0,0,0,0.0,0.0,0.000112598494271797,0.0,0.0
1232,alisson-acioli,12742051,8.250825082508251e-05,1,0,0.0,0.0,0.00021140382289611473,0.0,1.806000706563456e-05
1233,Johan511,69986621,0.00016501650165016502,1,1,2.7234940031385545e-08,0.00016501650165016502,0.00012627117398496956,0.0,0.0
1234,Jesse0502,85474982,8.250825082508251e-05,1,0,0.0,0.0,0.00020830725226400498,0.0,0.0
1235,LazyTurtleV,49334583,8.250825082508251e-05,1,0,0.0,0.0,0.00011728238036310684,0.0,0.0012653387539096428
1236,xingyezhizhang,50763830,8.250825082508251e-05,1,0,0.0,0.0,0.00011520065321141358,0.0,0.000702965974394246
1237,wireva,46248939,0.00016501650165016502,2,0,0.0,0.0,0.00021299113835531483,0.0,0.0012653387539096428
1238,aceamarco,39501599,8.250825082508251e-05,1,0,0.0,0.0,0.00011624151678726022,0.0,0.0009841523641519443
1239,allan-bonadio,1013152,0.00033003300330033004,4,0,0.0,0.0,0.0001749467053622487,0.5,0.000876165525407554
1240,alfonsograziano,13763335,0.0005775577557755776,7,0,0.0,0.0,0.000353534498219089,0.047619047619047616,0.0049252768225261315
1241,mleblebici,19292195,0.00041254125412541255,5,0,0.0,0.0,0.0003721618876454113,0.0,0.0011247455590307936
1242,Segmentational,60639231,0.0009075907590759076,5,6,1.625730511310357e-05,0.0012506513809275664,0.0001784167075738317,0.05454545454545454,0.006526109275429438
1243,SKFrozenCloud,39242670,0.00033003300330033004,4,0,0.0,0.0,0.0005097449320988755,0.0,1.8910522652159497e-05
1244,zizifn,1803942,0.00033003300330033004,4,0,0.0,0.0,0.00030988985127137955,0.16666666666666666,0.002632952318509347
1245,The-Developer-Nate,67196220,8.250825082508251e-05,1,0,0.0,0.0,0.00011520065321141358,0.0,0.000702965974394246
1246,nitcord,72227790,8.250825082508251e-05,1,0,0.0,0.0,0.00012040497109064673,0.0,0.002108897923182738
1247,0ss,73670999,0.00016501650165016502,1,1,1.4133799087121109e-05,0.00016501650165016502,0.00011520065321141358,0.0,0.000702965974394246
1248,Degubi,13366932,0.0006600660066006601,8,0,0.0,0.0,0.0007135765236473218,0.0,0.00034106612663404196
1249,GeorgeTailor,6958936,8.250825082508251e-05,1,0,0.0,0.0,0.00011363935784764363,0.0,0.0002811863897576984
1250,bdombro,3165897,8.250825082508251e-05,1,0,0.0,0.0,0.00011468022142349027,0.0,0.0005623727795153968
1251,REALSTEVEIG,101066723,0.00016501650165016502,2,0,0.0,0.0,0.00021403200193116146,0.0,0.0015465251436673412
1252,Hatsune-Mikun,47102682,0.00016501650165016502,2,0,0.0,0.0,0.00015358875825159402,1.0,0.0005985697367247964
1253,tanishq-mishra,56171381,8.250825082508251e-05,1,0,0.0,0.0,0.00011520065321141358,0.0,0.000702965974394246
1254,LeoFC97,33994116,8.250825082508251e-05,1,0,0.0,0.0,0.00011884367572687678,0.0,0.0016871183385461903
1255,touhidurrr,46617994,0.0013201320132013201,16,0,0.0,0.0,0.0016647018741550584,0.058333333333333334,0.006020323218345031
1256,alxdrg,13302249,0.00016501650165016502,2,0,0.0,0.0,0.0001282179202568745,1.0,0.0009931823676847618
1257,nicokaiser,238631,0.00016501650165016502,2,0,0.0,0.0,0.00016721848651090408,0.0,0.0018277115334250395
1258,jared-leddy,57743183,0.00041254125412541255,5,0,0.0,0.0,0.0003807397371020165,0.0,6.117865445380384e-05
1259,wirekang,43294688,8.250825082508251e-05,1,0,0.0,0.0,0.00020830725226400498,0.0,0.0
1260,mk-pmb,3442602,0.00016501650165016502,1,1,0.0,0.19563670312950174,0.00011363935784764363,1.0,0.0002811863897576984
1261,abdallaoui-dev,91975214,8.250825082508251e-05,1,0,0.0,0.0,0.00011624151678726022,0.0,0.0009841523641519443
1262,SRachamim,1595323,8.250825082508251e-05,1,0,0.0,0.0,0.00011624151678726022,0.0,0.0009841523641519443
1263,magicmark,1590756,8.250825082508251e-05,1,0,0.0,0.0,0.00011520065321141358,0.0,0.000702965974394246
1264,deshanm,20860900,0.0,0,0,0.0,0.0,0.000112598494271797,0.0,0.0
1265,minghaopu63,34659893,8.250825082508251e-05,1,0,0.0,0.0,0.00011728238036310684,0.0,0.0012653387539096428
1266,Hashen110,37979557,0.00016501650165016502,1,1,0.0,0.00016501650165016502,0.00014226310618342596,1.0,0.008013812108094405
1267,16BitS3G4l,41275280,8.250825082508251e-05,1,0,0.0,0.0,0.00011624151678726022,0.0,0.0009841523641519443
1268,RobotoSkunk,49355293,0.0,0,0,0.0,0.0,0.000112598494271797,0.0,0.0
1269,YuryShkoda,25773492,0.00033003300330033004,4,0,0.0,0.0,0.00023554778660880632,0.3333333333333333,0.009814670588203987
1270,maggie44,64841595,0.00016501650165016502,1,1,1.9364042362315122e-05,0.00016501650165016502,0.0001193641075148001,0.0,0.0018277115334250395
1271,lqqyt2423,6959784,8.250825082508251e-05,1,0,0.0,0.0,0.00012144583466649336,0.0,0.002390084312940437
1272,netcode,286371,8.250825082508251e-05,1,0,0.0,0.0,0.00011624151678726022,0.0,0.0009841523641519443
1273,HaloWang,7344724,8.250825082508251e-05,1,0,0.0,0.0,0.00011363935784764363,0.0,0.0002811863897576984
1274,JoShMiQueL,26714939,0.00024752475247524753,3,0,0.0,0.0,0.00030661816919582953,0.0,0.000702965974394246
1275,grisu48,1527829,8.250825082508251e-05,1,0,0.0,0.0,0.0001261297207578032,0.0,0.003655423066850079
1276,andvea,36574883,0.00033003300330033004,4,0,0.0,0.0,0.00013194006856582783,0.6666666666666666,0.01218896697950006
1277,denizy97,44759493,0.00016501650165016502,2,0,0.0,0.0,0.00012816602023716874,1.0,0.006181010255198669
1278,floftar,5424095,8.250825082508251e-05,1,0,0.0,0.0,0.00011624151678726022,0.0,0.0009841523641519443
1279,VladimirMikulic,35997844,8.250825082508251e-05,1,0,0.0,0.0,0.00011520065321141358,0.0,0.000702965974394246
1280,kevincolten,4411115,8.250825082508251e-05,1,0,0.0,0.0,0.000160452873267901,0.0,0.0
1281,yahavi,11367982,0.0,0,0,0.0,0.0,0.000112598494271797,0.0,0.0
1282,Mastergamer433,75840421,0.00016501650165016502,2,0,0.0,0.0,0.00011608357533311292,0.0,0.000702965974394246
1283,ghousemohamed,56545288,0.00024752475247524753,3,0,0.0,0.0,0.00015048382016698953,1.0,0.0018839183594765345
1284,HanMoeHtet,59571458,8.250825082508251e-05,1,0,0.0,0.0,0.00011520065321141358,0.0,0.000702965974394246
1285,jmargieh,7428661,8.250825082508251e-05,1,0,0.0,0.0,0.00011520065321141358,0.0,0.000702965974394246
1286,bali182,3879181,8.250825082508251e-05,1,0,0.0,0.0,0.00011624151678726022,0.0,0.0009841523641519443
1287,EvanHahn,777712,0.0008250825082508251,6,4,0.00014804090131208811,0.18696115623685514,0.00032262158548443474,0.3111111111111111,0.04044397751488135
1288,CommanderRoot,4395417,8.250825082508251e-05,1,0,0.0,0.0,0.00011624151678726022,0.0,0.0009841523641519443
1289,jeanpierrecarvalho,90358872,8.250825082508251e-05,1,0,0.0,0.0,0.00011520065321141358,0.0,0.000702965974394246
1290,khafidprayoga,49889543,8.250825082508251e-05,1,0,0.0,0.0,0.00011624151678726022,0.0,0.0009841523641519443
1291,mmito,45098081,8.250825082508251e-05,1,0,0.0,0.0,0.00011624151678726022,0.0,0.0009841523641519443
1292,cdaringe,1003261,8.250825082508251e-05,1,0,0.0,0.0,0.00011728238036310684,0.0,0.0012653387539096428
1293,verbose117,72091386,0.00016501650165016502,2,0,0.0,0.0,0.00014235299943707628,0.0,0.0001502712029875048
1294,tjarbo,16938041,0.0005775577557755776,6,1,1.5785241552000438e-06,0.00016501650165016502,0.00044500853280414227,0.14285714285714285,0.02324059579952232
1295,hamidoujand,66955541,0.0,0,0,0.0,0.0,0.000112598494271797,0.0,0.0
1296,ryouaki,9922563,0.00024752475247524753,2,1,2.7234940031385545e-08,0.00016501650165016502,0.00021090941120362156,0.3333333333333333,0.000702965974394246
1297,rafaelbellintani,9978368,0.00016501650165016502,2,0,0.0,0.0,0.00011810091860511686,0.0,0.000702965974394246
1298,hrueger,18656830,8.250825082508251e-05,1,0,0.0,0.0,0.00011808810584301156,0.0,0.00031861537166601644
1299,apeltop,23271922,0.00024752475247524753,3,0,0.0,0.0,0.00013004779078061267,0.6666666666666666,0.001099387491573434
1300,PatrickLumenus,49834365,8.250825082508251e-05,1,0,0.0,0.0,0.00011624151678726022,0.0,0.0009841523641519443
1301,gh-andre,7843659,0.00033003300330033004,3,1,7.716566342225905e-08,0.00016501650165016502,0.0001301960783994157,0.5,0.004038701498120749
1302,moezbenrebah,57503360,0.0,0,0,0.0,0.0,0.000112598494271797,0.0,0.0
1303,Fischerfredl,2673788,0.00016501650165016502,2,0,0.0,0.0,0.00021299113835531483,0.0,0.0012653387539096428
1304,alexndr-n,40042353,8.250825082508251e-05,1,0,0.0,0.0,0.00011520065321141358,0.0,0.000702965974394246
1305,a-digitalarcana,94761559,8.250825082508251e-05,1,0,0.0,0.0,0.00011728238036310684,0.0,0.0012653387539096428
1306,naseemkullah,24660299,8.250825082508251e-05,1,0,0.0,0.0,0.00011520065321141358,0.0,0.000702965974394246
1307,shree-c,58801143,0.00016501650165016502,2,0,0.0,0.0,0.00011743946133492676,1.0,0.0007494947923370852
1308,carsonwah,25053707,8.250825082508251e-05,1,0,0.0,0.0,0.00011520065321141358,0.0,0.000702965974394246
1309,lublak,44057030,8.250825082508251e-05,1,0,0.0,0.0,0.00011832324393895347,0.0,0.0015465251436673412
1310,jatinseth2007,8512903,0.00016501650165016502,2,0,0.0,0.0,0.00031167893832532626,0.0,0.0018277115334250395
1311,Mruhankhan,71145148,8.250825082508251e-05,1,0,0.0,0.0,0.00011624151678726022,0.0,0.0009841523641519443
1312,snehahaldankar,18206617,8.250825082508251e-05,1,0,0.0,0.0,0.00011728238036310684,0.0,0.0012653387539096428
1313,natasha-955,99059221,8.250825082508251e-05,1,0,0.0,0.0,0.00011624151678726022,0.0,0.0009841523641519443
1314,thst71,49093997,0.00016501650165016502,2,0,0.0,0.0,0.00012393878382414557,1.0,0.0020932243431467197
1315,imjamesb,35933830,0.00024752475247524753,2,1,1.906445802196988e-07,0.000621985275450622,0.0001495224538022814,0.3333333333333333,0.0012716129624658187
1316,Nit-nit,94877880,8.250825082508251e-05,1,0,0.0,0.0,0.00011520065321141358,0.0,0.000702965974394246
1317,sal-420,37274311,0.00041254125412541255,5,0,0.0,0.0,0.0004182783868534055,0.0,0.000702965974394246
1318,Ricardo-Costa,13888035,8.250825082508251e-05,1,0,0.0,0.0,0.00011520065321141358,0.0,0.000702965974394246
1319,tarunsinghh,6620331,8.250825082508251e-05,1,0,0.0,0.0,0.00011624151678726022,0.0,0.0009841523641519443
1320,jimmywarting,1148376,0.0009075907590759076,7,4,0.0004557859900686576,0.24131346272366583,0.0013260090322161939,0.3888888888888889,0.006965391609062049
1321,caioagiani,56451511,8.250825082508251e-05,1,0,0.0,0.0,0.00011624151678726022,0.0,0.0009841523641519443
1322,shuaibw,57074038,0.00016501650165016502,2,0,0.0,0.0,0.00011537723763575345,0.0,0.000702965974394246
1323,Sebi2020,1862664,8.250825082508251e-05,1,0,0.0,0.0,0.00011832324393895347,0.0,0.0015465251436673412
1324,naseemkhan7021,35251956,0.00016501650165016502,2,0,0.0,0.0,0.00014710357254214959,0.0,0.000702965974394246
1325,Windrill,13634511,8.250825082508251e-05,1,0,0.0,0.0,0.00011520065321141358,0.0,0.000702965974394246
1326,rishabh-arya95,22667644,8.250825082508251e-05,1,0,0.0,0.0,0.00011415978963556695,0.0,0.00042177958463654756
1327,whitedxz,82805837,8.250825082508251e-05,1,0,0.0,0.0,0.00011624151678726022,0.0,0.0009841523641519443
1328,Taxi4you,41004207,8.250825082508251e-05,1,0,0.0,0.0,0.00011624151678726022,0.0,0.0009841523641519443
1329,plastikfan,49785914,0.00024752475247524753,3,0,0.0,0.0,0.00021732991940801093,0.0,0.0003111262581958702
1330,marsonya,16393876,0.0005775577557755776,2,5,4.0852410047078315e-08,0.1928363751972433,0.0001235794587921529,0.47619047619047616,0.0020283671525516624
1331,amirho1,53734934,8.250825082508251e-05,1,0,0.0,0.0,0.000160452873267901,0.0,0.0
1332,ItsRealmy,43610767,8.250825082508251e-05,1,0,0.0,0.0,0.00011520065321141358,0.0,0.000702965974394246
1333,ColtraneNadler,8130184,8.250825082508251e-05,1,0,0.0,0.0,0.00011624151678726022,0.0,0.0009841523641519443
1334,phyokyawdev,71428841,0.0,0,0,0.0,0.0,0.000112598494271797,0.0,0.0
1335,frankchen76,9618662,0.0,0,0,0.0,0.0,0.000112598494271797,0.0,0.0
1336,jsanz1209,25035827,0.00024752475247524753,3,0,0.0,0.0,0.00022686087086898956,0.0,0.000702965974394246
1337,loretoparisi,163333,8.250825082508251e-05,1,0,0.0,0.0,0.00012144583466649336,0.0,0.002390084312940437
1338,TarunavBA,89698728,8.250825082508251e-05,1,0,0.0,0.0,0.00011676194857518352,0.0,0.0011247455590307936
1339,loynoir,78727408,8.250825082508251e-05,1,0,0.0,0.0,0.00011520065321141358,0.0,0.000702965974394246
1340,xjamundx,246143,0.0009075907590759076,5,6,0.00029551875168747766,0.21152490316708986,0.00025025989605750496,0.13333333333333333,0.0025936543633446603
1341,jimburch,49823725,0.0004950495049504951,6,0,0.0,0.0,0.0004733295654493901,0.2,0.000740878371474036
1342,AnubhutiRoX,18062708,0.00024752475247524753,3,0,0.0,0.0,0.00021098795168953153,0.3333333333333333,0.00044504399360796717
1343,kkalavantavanich,21222656,0.00041254125412541255,5,0,0.0,0.0,0.0003239559715164969,0.2,0.0016020839651429977
1344,surajsgh,47916969,8.250825082508251e-05,1,0,0.0,0.0,0.000148051995643473,0.0,1.1898926436208136e-05
1345,yuan-jiang,9428354,0.00024752475247524753,3,0,0.0,0.0,0.00021378014530320637,0.3333333333333333,0.0010903574880406167
1346,Leonardo-KF,89053412,0.00016501650165016502,2,0,0.0,0.0,0.00011573040648443318,0.0,0.000702965974394246
1347,the-unfactoring-guru,70868650,8.250825082508251e-05,1,0,0.0,0.0,0.00011520065321141358,0.0,0.000702965974394246
1348,yandeu,20306025,0.00016501650165016502,2,0,0.0,0.0,0.0001269163017804909,1.0,0.0007171559799458159
1349,prkeshri,6885298,0.00016501650165016502,1,1,3.1256932127742067e-06,0.00016501650165016502,0.00011363935784764363,0.0,0.0002811863897576984
1350,touzoku,1285662,8.250825082508251e-05,1,0,0.0,0.0,0.00011676194857518352,0.0,0.0011247455590307936
1351,nfantone,476069,0.00041254125412541255,1,4,0.0,0.24755718416915087,0.00012404799360610995,0.5,0.0030930502873346825
1352,silicon-ninja,48326585,8.250825082508251e-05,1,0,0.0,0.0,0.00011624151678726022,0.0,0.0009841523641519443
1353,kokushkin,9853656,0.00016501650165016502,2,0,0.0,0.0,0.00023118855633491657,1.0,0.00034342360296326946
1354,frmdeveloper,80396521,0.00016501650165016502,2,0,0.0,0.0,0.0001311521128767816,0.0,0.000702965974394246
1355,hasnath1,72639949,8.250825082508251e-05,1,0,0.0,0.0,0.00011780281215103015,0.0,0.001405931948788492
1356,drewm,225402,8.250825082508251e-05,1,0,0.0,0.0,0.00011728238036310684,0.0,0.0012653387539096428
1357,idcmardelplata,1824670,0.0,0,0,0.0,0.0,0.000112598494271797,0.0,0.0
1358,jfriend00,6621575,8.250825082508251e-05,1,0,0.0,0.0,0.00012040497109064673,0.0,0.002108897923182738
1359,Gopakumar8075,87717039,0.0,0,0,0.0,0.0,0.000112598494271797,0.0,0.0
1360,TheWonderTaser,85213577,0.00016501650165016502,2,0,0.0,0.0,0.00011756880472467308,0.0,0.0001572585011789624
1361,kri7217,20268760,0.00016501650165016502,2,0,0.0,0.0,0.00022444063768962773,0.0,0.0043583890412443255
1362,meilleur102,42327867,0.00024752475247524753,3,0,0.0,0.0,0.0002829378589139154,0.3333333333333333,0.0004585445990201608
1363,nubianMONK,8815522,8.250825082508251e-05,1,0,0.0,0.0,0.00011624151678726022,0.0,0.0009841523641519443
1364,agus77fauzi,92657894,8.250825082508251e-05,1,0,0.0,0.0,0.00011520065321141358,0.0,0.000702965974394246
1365,agsimfzi,59557895,0.00016501650165016502,2,0,0.0,0.0,0.00018366710002734309,1.0,0.003445186704850231
1366,hgs-hcoard,38476451,8.250825082508251e-05,1,0,0.0,0.0,0.00011624151678726022,0.0,0.0009841523641519443
1367,deostroll,415336,8.250825082508251e-05,1,0,0.0,0.0,0.00011363935784764363,0.0,0.0002811863897576984
1368,ejcheng,68196762,0.0008250825082508251,1,9,6.397826636444583e-06,0.1984859421589915,0.00011624151678726022,0.2,0.0009841523641519443
1369,aamirshahx,1303176,8.250825082508251e-05,1,0,0.0,0.0,0.00011363935784764363,0.0,0.0002811863897576984
1370,KrishnenduDG,72221973,8.250825082508251e-05,1,0,0.0,0.0,0.00012040497109064673,0.0,0.002108897923182738
1371,VaasKahnGrim,29955667,0.00016501650165016502,2,0,0.0,0.0,0.0002119502747794682,0.0,0.0009841523641519443
1372,innoware-mx,77131502,8.250825082508251e-05,1,0,0.0,0.0,0.00011624151678726022,0.0,0.0009841523641519443
1373,lpizzinidev,15077781,8.250825082508251e-05,1,0,0.0,0.0,0.00011522948486361707,0.0,0.00018958267444748445
1374,Susccy,87642921,8.250825082508251e-05,1,0,0.0,0.0,0.000148051995643473,0.0,1.1898926436208136e-05
1375,byeze,7424138,8.250825082508251e-05,1,0,0.0,0.0,0.00011520065321141358,0.0,0.000702965974394246
1376,mac-chaffee,7581860,8.250825082508251e-05,1,0,0.0,0.0,0.00011624151678726022,0.0,0.0009841523641519443
1377,M-Barari,63962449,8.250825082508251e-05,1,0,0.0,0.0,0.00011520065321141358,0.0,0.000702965974394246
1378,MohammadXroid,20880352,8.250825082508251e-05,1,0,0.0,0.0,0.00011624151678726022,0.0,0.0009841523641519443
1379,Tofuburger,1637020,8.250825082508251e-05,1,0,0.0,0.0,0.00011624151678726022,0.0,0.0009841523641519443
1380,VeeVergil,89861726,0.00016501650165016502,2,0,0.0,0.0,0.00021090941120362156,0.0,0.000702965974394246
1381,applemate,538657,0.00024752475247524753,2,1,1.9610129499027286e-06,0.00016501650165016502,0.00012878824260987933,0.6666666666666666,0.0018023138146257011
1382,dillonm197,38864128,8.250825082508251e-05,1,0,0.0,0.0,0.00011520065321141358,0.0,0.000702965974394246
1383,skyfer77,26706121,8.250825082508251e-05,1,0,0.0,0.0,0.00011520065321141358,0.0,0.000702965974394246
1384,pmorch,159292,0.00016501650165016502,2,0,0.0,0.0,0.00020934811583985162,0.0,0.0002811863897576984
1385,GorlikItsMe,33355238,8.250825082508251e-05,1,0,0.0,0.0,0.00011363935784764363,0.0,0.0002811863897576984
1386,FabianEbert,47210515,0.00016501650165016502,2,0,0.0,0.0,0.0001236548922131913,1.0,0.0022604811867662526
1387,flawnn,19386703,8.250825082508251e-05,1,0,0.0,0.0,0.00011520065321141358,0.0,0.000702965974394246
1388,itsaamyth,59211195,0.00033003300330033004,4,0,0.0,0.0,0.00027944963945477215,0.0,0.0035148298719712297
1389,machine2maxin,76137535,8.250825082508251e-05,1,0,0.0,0.0,0.00011520065321141358,0.0,0.000702965974394246
1390,kavi2017,34532966,8.250825082508251e-05,1,0,0.0,0.0,0.0001162818811003451,0.0,0.0002654157442264782
1391,Rxntiongaming,82863537,0.00016501650165016502,2,0,0.0,0.0,0.00021199063909255308,0.0,0.0002654157442264782
1392,abdelrazekAli,78452508,8.250825082508251e-05,1,0,0.0,0.0,0.00011651640848794506,0.0,8.142543139996863e-05
1393,senguttuvang,1772791,8.250825082508251e-05,1,0,0.0,0.0,0.00011520065321141358,0.0,0.000702965974394246
1394,sato-sama-dono,85187151,0.00024752475247524753,3,0,0.0,0.0,0.00030661816919582953,0.0,0.000702965974394246
1395,xAl3xFx,16085957,8.250825082508251e-05,1,0,0.0,0.0,0.00011624151678726022,0.0,0.0009841523641519443
1396,mnummeli,7869159,0.00016501650165016502,2,0,0.0,0.0,0.0001517874586334594,0.0,0.0019683047283038887
1397,Coocktail,58650050,8.250825082508251e-05,1,0,0.0,0.0,0.0001162818811003451,0.0,0.0002654157442264782
1398,williamhorning,68466727,8.250825082508251e-05,1,0,0.0,0.0,0.00011520065321141358,0.0,0.000702965974394246
1399,c0ncentus,25374826,8.250825082508251e-05,1,0,0.0,0.0,0.00011522948486361707,0.0,0.00018958267444748445
1400,dimitrisal,17526510,8.250825082508251e-05,1,0,0.0,0.0,0.00011468022142349027,0.0,0.0005623727795153968
1401,zkeyoung,38270459,0.00024752475247524753,3,0,0.0,0.0,0.00012728315700175806,0.6666666666666666,0.004064765269121801
1402,da-source,73023767,0.00016501650165016502,2,0,0.0,0.0,0.00012256523872824994,1.0,0.002413348721911856
1403,AndrewHeaney,5108450,8.250825082508251e-05,1,0,0.0,0.0,0.00011624151678726022,0.0,0.0009841523641519443
1404,TheProgrammer21,52009814,8.250825082508251e-05,1,0,0.0,0.0,0.00011520065321141358,0.0,0.000702965974394246
1405,mamaev37,46979680,8.250825082508251e-05,1,0,0.0,0.0,0.00011520065321141358,0.0,0.000702965974394246
1406,leurs247,58610521,8.250825082508251e-05,1,0,0.0,0.0,0.00011624151678726022,0.0,0.0009841523641519443
1407,arnaudambro,31724752,0.00016501650165016502,2,0,0.0,0.0,0.00021908798916648334,0.0,0.0029614424836323103
1408,nikitaghule98,84223668,0.00024752475247524753,2,1,6.808735007846386e-08,0.00016501650165016502,0.00021093824285582506,0.0,0.00018958267444748445
1409,A25468451,38812759,0.00016501650165016502,2,0,0.0,0.0,0.00016305503220751758,0.0,0.000702965974394246
1410,omarcresp,27465620,8.250825082508251e-05,1,0,0.0,0.0,0.000160452873267901,0.0,0.0
1411,RayDeanTech,21373144,8.250825082508251e-05,1,0,0.0,0.0,0.00011363935784764363,0.0,0.0002811863897576984
1412,Jassi10000-zz,64856348,0.00024752475247524753,3,0,0.0,0.0,0.00015771029296665366,0.3333333333333333,0.0008925486488417305
1413,ElvisLee0725,6676387,8.250825082508251e-05,1,0,0.0,0.0,0.00011520065321141358,0.0,0.000702965974394246
1414,vitaliyirtlach,63682036,8.250825082508251e-05,1,0,0.0,0.0,0.00011728238036310684,0.0,0.0012653387539096428
1415,arunsingh28,48112517,8.250825082508251e-05,1,0,0.0,0.0,0.00011624151678726022,0.0,0.0009841523641519443
1416,withmask,44925389,8.250825082508251e-05,1,0,0.0,0.0,0.00011624151678726022,0.0,0.0009841523641519443
1417,nickgermaine,13626953,8.250825082508251e-05,1,0,0.0,0.0,0.00011624151678726022,0.0,0.0009841523641519443
1418,ridhwaans,1103336,8.250825082508251e-05,1,0,0.0,0.0,0.00011520065321141358,0.0,0.000702965974394246
1419,RevealedFrom,5305957,8.250825082508251e-05,1,0,0.0,0.0,0.00011520065321141358,0.0,0.000702965974394246
1420,Joooonny,68290416,0.00016501650165016502,2,0,0.0,0.0,0.00021403200193116146,0.0,0.0015465251436673412
1421,imagine3D-ai,69309676,0.00024752475247524753,3,0,0.0,0.0,0.0002119791064316717,0.3333333333333333,0.00047076906420518284
1422,harshit123hh,30870362,8.250825082508251e-05,1,0,0.0,0.0,0.00011624151678726022,0.0,0.0009841523641519443
1423,mouadTaoussi,50294614,8.250825082508251e-05,1,0,0.0,0.0,0.00011520065321141358,0.0,0.000702965974394246
1424,george6680,26359873,8.250825082508251e-05,1,0,0.0,0.0,0.00011520065321141358,0.0,0.000702965974394246
1425,Albertobar94,73672526,0.00016501650165016502,2,0,0.0,0.0,0.00012368464279000654,1.0,0.002436613130883276
1426,Vexxlol,40529545,0.00016501650165016502,2,0,0.0,0.0,0.00011557358885052833,0.0,5.816102242854902e-05
1427,saurabh-prakash,10282419,8.250825082508251e-05,1,0,0.0,0.0,0.00011520065321141358,0.0,0.000702965974394246
1428,NawafSwe,35840833,0.00016501650165016502,1,1,4.4252901582804355e-06,0.00016501650165016502,0.00011520065321141358,0.0,0.000702965974394246
1429,Darek79,23696140,0.00016501650165016502,2,0,0.0,0.0,0.0001311521128767816,0.0,0.000702965974394246
1430,aravindvnair99,22199259,0.006270627062706271,4,72,0.0010422113800587123,0.2296804798057701,0.0002798508906559726,0.024504504504504504,0.005071033023747227
1431,bmadone,23120972,0.00016501650165016502,2,0,0.0,0.0,0.00011747873157788173,1.0,0.0006205338019439459
1432,icepaq,62949848,0.00024752475247524753,2,1,2.042620502353916e-07,0.00016501650165016502,0.00013201155139677957,0.6666666666666666,0.004686104248944863
1433,tiziodcaio,61084118,0.00033003300330033004,4,0,0.0,0.0,0.00013508100954353513,0.3333333333333333,0.001063513897830258
1434,Anatoly03,44678124,8.250825082508251e-05,1,0,0.0,0.0,0.00012950841627567517,0.0,8.385003280473188e-06
1435,sagar03d,19644555,8.250825082508251e-05,1,0,0.0,0.0,0.00020830725226400498,0.0,0.0
1436,jashan510,3119871,8.250825082508251e-05,1,0,0.0,0.0,0.00011415978963556695,0.0,0.00042177958463654756
1437,hardikhari96,32766262,0.00033003300330033004,4,0,0.0,0.0,0.00033244616530190896,0.3333333333333333,0.0010996064187174994
1438,dimaslanjaka,12471057,8.250825082508251e-05,1,0,0.0,0.0,0.00011624151678726022,0.0,0.0009841523641519443
1439,Soteded,43409872,0.00016501650165016502,2,0,0.0,0.0,0.00013230692643006662,0.0,6.654602570902221e-05
1440,roced-spec,57605821,0.00024752475247524753,3,0,0.0,0.0,0.0002996863337870336,0.0,0.0
1441,CoelisMyName,63242816,8.250825082508251e-05,1,0,0.0,0.0,0.00021405802629506594,0.0,8.385003280473188e-06
1442,edcjian,48635933,0.00016501650165016502,2,0,0.0,0.0,0.0001164494006629165,0.0,0.00013399409220754278
1443,VoltrexKeyva,62040526,0.00016501650165016502,2,0,0.0,0.0,0.00011587816597115681,1.0,0.0003277152077005376
1444,eyedean,5694695,0.00016501650165016502,2,0,0.0,0.0,0.00020942665632576156,0.0,2.326440897141961e-05
1445,kailash360,75155230,8.250825082508251e-05,1,0,0.0,0.0,0.00011365089050852503,0.0,7.583306977899377e-05
1446,daniel-souza,5624392,0.00016501650165016502,2,0,0.0,0.0,0.0002119502747794682,0.0,0.0009841523641519443
1447,DominikPalo,1623257,0.00024752475247524753,3,0,0.0,0.0,0.00031129213665763076,0.0,0.00015121865831422746
1448,dsommerich,45643387,8.250825082508251e-05,1,0,0.0,0.0,0.00011728238036310684,0.0,0.0012653387539096428
1449,AakifurRahman,63335023,8.250825082508251e-05,1,0,0.0,0.0,0.00011520065321141358,0.0,0.000702965974394246
1450,adamreisnz,490562,0.0005775577557755776,5,2,2.18560393751869e-07,0.00033003300330033004,0.00024463268545613657,0.3333333333333333,0.003963837589800522
1451,tkesgar,2698543,0.0004950495049504951,6,0,0.0,0.0,0.0004656831070644557,0.13333333333333333,0.002408792324581909
1452,agarwalvaibhav0211,43950046,8.250825082508251e-05,1,0,0.0,0.0,0.00011875521661145822,0.0,0.00012795424934280785
1453,issuefiler,57908781,0.00016501650165016502,2,0,0.0,0.0,0.00016513675935921082,0.0,0.0012653387539096428
1454,Abhishek01039,56479665,8.250825082508251e-05,1,0,0.0,0.0,0.0001193641075148001,0.0,0.0018277115334250395
1455,SephReed,14002040,8.250825082508251e-05,1,0,0.0,0.0,0.00011520065321141358,0.0,0.000702965974394246
1456,lvillacin,55445461,0.00016501650165016502,2,0,0.0,0.0,0.00021222516648015304,0.0,8.142543139996863e-05
1457,phumzani101,72985020,0.00016501650165016502,2,0,0.0,0.0,0.0001164378680020351,1.0,0.0003393474121862474
1458,Abderrahmenla,29304794,0.00024752475247524753,3,0,0.0,0.0,0.00012603494510166803,0.6666666666666666,0.002683411449650797
1459,a2br,62328077,8.250825082508251e-05,1,0,0.0,0.0,0.00011520065321141358,0.0,0.000702965974394246
1460,sandylunar,6354754,8.250825082508251e-05,1,0,0.0,0.0,0.00012196626645441668,0.0,0.0025306775078192856
1461,prcongithub,604476,8.250825082508251e-05,1,0,0.0,0.0,0.00011728238036310684,0.0,0.0012653387539096428
1462,WhereCanI,49956203,8.250825082508251e-05,1,0,0.0,0.0,0.00011624151678726022,0.0,0.0009841523641519443
1463,looskie,50378828,0.00024752475247524753,3,0,0.0,0.0,0.00039972476824842094,0.0,0.0
1464,shivktyr,65708060,8.250825082508251e-05,1,0,0.0,0.0,0.00020830725226400498,0.0,0.0
1465,RELNO,14296774,0.00016501650165016502,2,0,0.0,0.0,0.0001173609208490168,1.0,0.001007416773123364
1466,simonppg,3270997,8.250825082508251e-05,1,0,0.0,0.0,0.00011624151678726022,0.0,0.0009841523641519443
1467,MatsG23,60609373,0.00016501650165016502,1,1,0.0,0.00022002200220022002,0.00011728238036310684,1.0,0.0012653387539096428
1468,EnbyAce,39498818,0.00016501650165016502,2,0,0.0,0.0,0.00011677127006027981,0.0,0.0009841523641519443
1469,emiliosanches,55329280,0.0005775577557755776,7,0,0.0,0.0,0.00042247594804844575,0.047619047619047616,0.002885004133647071
1470,firmanJS,5679509,0.00041254125412541255,1,4,6.972101417971161e-06,0.0006600660066006601,0.00011624151678726022,0.3,0.0009841523641519443
1471,HusseinMoHu,73659434,0.00041254125412541255,5,0,0.0,0.0,0.0001704857626667694,0.5,0.0023347339886280443
1472,lucasraziel,26093830,0.00016501650165016502,1,1,0.0,0.14377569779794466,0.00011728238036310684,1.0,0.0012653387539096428
1473,fangyibkk,16625249,0.00016501650165016502,2,0,0.0,0.0,0.00022586736506645348,1.0,0.0007214943496957807
1474,gebbber,36095842,0.00041254125412541255,5,0,0.0,0.0,0.0003233944341500335,0.2,0.0003654044628171653
1475,BobFrankston,5490484,0.00016501650165016502,1,1,1.9364042362315122e-05,0.00016501650165016502,0.00011624151678726022,0.0,0.0009841523641519443
1476,lukeart,18706818,0.0005775577557755776,7,0,0.0,0.0,0.00035773982434779883,0.23809523809523808,0.0012099884295972512
1477,bpracht,45239253,8.250825082508251e-05,1,0,0.0,0.0,0.0001162818811003451,0.0,0.0002654157442264782
1478,lucas-miak,26687216,8.250825082508251e-05,1,0,0.0,0.0,0.0001317402458702386,0.0,0.0
1479,ylcnfrht,22433665,0.00041254125412541255,5,0,0.0,0.0,0.00022634779151473392,0.3,0.0028992530958322593
1480,MMauro94,21290655,8.250825082508251e-05,1,0,0.0,0.0,0.00011624151678726022,0.0,0.0009841523641519443
1481,YashKumarVerma,14032427,8.250825082508251e-05,1,0,0.0,0.0,0.00011520065321141358,0.0,0.000702965974394246
1482,bamunusingha,8347833,8.250825082508251e-05,1,0,0.0,0.0,0.00011624151678726022,0.0,0.0009841523641519443
1483,YodaLightsabr,76178582,0.00033003300330033004,4,0,0.0,0.0,0.0003099173443477093,0.0,0.0015465251436673412
1484,yz89122,24453597,0.00016501650165016502,1,1,6.78138216764169e-06,0.00016501650165016502,0.00011624151678726022,0.0,0.0009841523641519443
1485,StefanWallin,457653,0.00016501650165016502,2,0,0.0,0.0,0.0001166142451572855,1.0,0.0037002203012569588
1486,kaustav-aarish,65616588,0.00016501650165016502,2,0,0.0,0.0,0.00016305503220751758,0.0,0.000702965974394246
1487,PachVerb,43908467,8.250825082508251e-05,1,0,0.0,0.0,0.00011522948486361707,0.0,0.00018958267444748445
1488,enyoghasim,73113145,0.0004950495049504951,1,5,0.0,0.1539246816532727,0.00011624151678726022,0.3333333333333333,0.0009841523641519443
1489,jvherck,75937214,0.00016501650165016502,2,0,0.0,0.0,0.00011843137536183011,1.0,0.0007165109796934719
1490,thernstig,30827238,0.0009075907590759076,7,4,0.000335537918035805,0.20428052086254375,0.00040386364351129717,0.28888888888888886,0.008023733386856868
1491,calvinmetcalf,1128607,8.250825082508251e-05,1,0,0.0,0.0,0.00011520065321141358,0.0,0.000702965974394246
1492,NilsBaumgartner1994,33295329,8.250825082508251e-05,1,0,0.0,0.0,0.00011363935784764363,0.0,0.0002811863897576984
1493,schamberg97,50446906,0.00041254125412541255,4,1,1.9364042362315122e-05,0.00016501650165016502,0.00020937073956022996,0.4,0.0016783072241882823
1494,moluwole,23439463,8.250825082508251e-05,1,0,0.0,0.0,0.00011520065321141358,0.0,0.000702965974394246
1495,ddombrowsky,1651785,8.250825082508251e-05,1,0,0.0,0.0,0.00011520065321141358,0.0,0.000702965974394246
1496,orzinc,24873536,0.00016501650165016502,2,0,0.0,0.0,0.0001880230852814162,0.0,0.0009841523641519443
1497,quantrpeter,50471577,8.250825082508251e-05,1,0,0.0,0.0,0.00011522948486361707,0.0,0.00018958267444748445
1498,moezemara,39069875,0.00033003300330033004,4,0,0.0,0.0,0.00016291083459003678,0.0,0.00015166613955798754
1499,cojack,334297,8.250825082508251e-05,1,0,0.0,0.0,0.00030889157447759575,0.0,7.409589742426655e-07
1500,mkastner,287486,0.00024752475247524753,2,1,1.939127730234651e-05,0.00016501650165016502,0.00023093293395421913,0.0,0.00016150969311543056
1501,ShubhankarKG,50791000,8.250825082508251e-05,1,0,0.0,0.0,0.00011520065321141358,0.0,0.000702965974394246
1502,danleegion,29412828,8.250825082508251e-05,1,0,0.0,0.0,0.00011520065321141358,0.0,0.000702965974394246
1503,suryavanshiva,69349401,0.00024752475247524753,3,0,0.0,0.0,0.000311991740088897,0.0,0.0
1504,LingleDev,28402801,8.250825082508251e-05,1,0,0.0,0.0,0.00011624151678726022,0.0,0.0009841523641519443
1505,Prashoon123,64588766,8.250825082508251e-05,1,0,0.0,0.0,0.00011520065321141358,0.0,0.000702965974394246
1506,DavitSo,45847601,8.250825082508251e-05,1,0,0.0,0.0,0.00011295166312047674,0.0,0.0
1507,gear4s,832900,8.250825082508251e-05,1,0,0.0,0.0,0.00011520065321141358,0.0,0.000702965974394246
1508,mehanalavimajd,74927578,8.250825082508251e-05,1,0,0.0,0.0,0.00011522948486361707,0.0,0.00018958267444748445
1509,keithics,229427,8.250825082508251e-05,1,0,0.0,0.0,0.00011575568298198109,0.0,0.00022749920933698133
1510,sujeet-agrahari,22151975,0.00024752475247524753,3,0,0.0,0.0,0.0002124800280524878,0.0,0.0009841523641519443
1511,ssshake,1675868,8.250825082508251e-05,1,0,0.0,0.0,0.00011468022142349027,0.0,0.0005623727795153968
1512,0x0blu,4368958,0.0,0,0,0.0,0.0,0.000112598494271797,0.0,0.0
1513,Roharui,39794747,0.00016501650165016502,2,0,0.0,0.0,0.00011433637405990681,0.0,0.00042177958463654756
1514,yashjaincodex,44037814,0.00033003300330033004,4,0,0.0,0.0,0.00021790597364404376,0.3333333333333333,0.0012698125959174748
1515,Kerry-Cho,20694053,8.250825082508251e-05,1,0,0.0,0.0,0.00011520065321141358,0.0,0.000702965974394246
1516,abhaypratapsingh099,76975089,8.250825082508251e-05,1,0,0.0,0.0,0.00011522948486361707,0.0,0.00018958267444748445
1517,HenryDinh86,20413738,8.250825082508251e-05,1,0,0.0,0.0,0.00011522948486361707,0.0,0.00018958267444748445
1518,Sylveondev,71215126,8.250825082508251e-05,1,0,0.0,0.0,0.00011522948486361707,0.0,0.00018958267444748445
1519,qlereboursBS,27200095,0.00024752475247524753,3,0,0.0,0.0,0.000127942521879196,0.0,8.034807154540241e-05
1520,euberdeveloper,33126163,0.00016501650165016502,2,0,0.0,0.0,0.00021351157014323812,0.0,0.001405931948788492
1521,damagicalcat,73037964,0.00016501650165016502,2,0,0.0,0.0,0.00011887250737908029,1.0,0.001173735038599429
1522,Mirwes,61035569,8.250825082508251e-05,1,0,0.0,0.0,0.00011733427733707313,0.0,0.000341248814005472
1523,MurylloEx,32225687,8.250825082508251e-05,1,0,0.0,0.0,0.00011520065321141358,0.0,0.000702965974394246
1524,fdciabdul,31664438,8.250825082508251e-05,1,0,0.0,0.0,0.00011365089050852503,0.0,7.583306977899377e-05
1525,panpansh,790586,0.00016501650165016502,2,0,0.0,0.0,0.00011834630926071627,1.0,0.001135818503709932
1526,mollthecoder,63081316,8.250825082508251e-05,1,0,0.0,0.0,0.00011520065321141358,0.0,0.000702965974394246
1527,peZhmanParsaee,10687474,8.250825082508251e-05,1,0,0.0,0.0,0.00011780281215103015,0.0,0.001405931948788492
1528,jinnatul,31995155,8.250825082508251e-05,1,0,0.0,0.0,0.00011520065321141358,0.0,0.000702965974394246
1529,TheFinality,67923032,0.00024752475247524753,3,0,0.0,0.0,0.00014256211796690387,0.6666666666666666,0.0012057244815151485
1530,jblevins1991,1040084,0.0,0,0,0.0,0.0,0.000112598494271797,0.0,0.0
1531,sc0Vu,10494397,8.250825082508251e-05,1,0,0.0,0.0,0.00011520065321141358,0.0,0.000702965974394246
1532,brandon-leapyear,27799541,0.0011551155115511551,14,0,0.0,0.0,0.0010398502541533832,0.02197802197802198,0.003163799629809814
1533,yoyhosoft,2453589,8.250825082508251e-05,1,0,0.0,0.0,0.00011520065321141358,0.0,0.000702965974394246
1534,mdmaodun,74582103,8.250825082508251e-05,1,0,0.0,0.0,0.00011520065321141358,0.0,0.000702965974394246
1535,kien5436,23404165,8.250825082508251e-05,1,0,0.0,0.0,0.00011624151678726022,0.0,0.0009841523641519443
1536,ssslambda,66798311,8.250825082508251e-05,1,0,0.0,0.0,0.0001162818811003451,0.0,0.0002654157442264782
1537,aalaap,79404,0.0006600660066006601,8,0,0.0,0.0,0.00043144412963174437,0.10714285714285714,0.0011575496733175206
1538,Mister-Hope,33315834,8.250825082508251e-05,1,0,0.0,0.0,0.00011520065321141358,0.0,0.000702965974394246
1539,jishanshaikh,22613220,8.250825082508251e-05,1,0,0.0,0.0,0.00011624151678726022,0.0,0.0009841523641519443
1540,cngkaygusuz,1507670,8.250825082508251e-05,1,0,0.0,0.0,0.00011520065321141358,0.0,0.000702965974394246
1541,mustard123,14769359,0.00016501650165016502,2,0,0.0,0.0,0.00011469175408437166,1.0,0.00035701945953669215
1542,kamal-brill,46436784,0.00016501650165016502,2,0,0.0,0.0,0.00011625304944814161,1.0,0.0007787990441732399
1543,nikolasburk,4058327,0.0006600660066006601,8,0,0.0,0.0,0.0003385017031142404,0.25,0.0021808424073575606
1544,zthaver,47486742,8.250825082508251e-05,1,0,0.0,0.0,0.00011522948486361707,0.0,0.00018958267444748445
1545,zzhan223,12809183,8.250825082508251e-05,1,0,0.0,0.0,0.00011520065321141358,0.0,0.000702965974394246
1546,superheri,30275781,8.250825082508251e-05,1,0,0.0,0.0,0.00011728238036310684,0.0,0.0012653387539096428
1547,seanonthenet,4939629,8.250825082508251e-05,1,0,0.0,0.0,0.0001162818811003451,0.0,0.0002654157442264782
1548,raycharius,21269165,8.250825082508251e-05,1,0,0.0,0.0,0.00011728238036310684,0.0,0.0012653387539096428
1549,ketus,9350920,8.250825082508251e-05,1,0,0.0,0.0,0.00011520065321141358,0.0,0.000702965974394246
1550,csvan,1127729,8.250825082508251e-05,1,0,0.0,0.0,0.00011520065321141358,0.0,0.000702965974394246
1551,tiemma,14789630,8.250825082508251e-05,1,0,0.0,0.0,0.00011728238036310684,0.0,0.0012653387539096428
1552,Asing1001,6785698,8.250825082508251e-05,1,0,0.0,0.0,0.00011520065321141358,0.0,0.000702965974394246
1553,simone-sanfratello,5823031,8.250825082508251e-05,1,0,0.0,0.0,0.00029056370496277016,0.0,7.699580233748573e-06
1554,jianwang-beijing,54609180,8.250825082508251e-05,1,0,0.0,0.0,0.00011520065321141358,0.0,0.000702965974394246
1555,samsch,10436679,0.00016501650165016502,1,1,0.0,0.19270955087945493,0.00011624151678726022,1.0,0.0009841523641519443
1556,rad10head7,52474495,0.0,0,0,0.0,0.0,0.000112598494271797,0.0,0.0
1557,digipigeon,409141,0.00024752475247524753,3,0,0.0,0.0,0.00021202881526537817,0.3333333333333333,0.0007262303833656656
1558,tranvansang,13043196,8.250825082508251e-05,1,0,0.0,0.0,0.00011676194857518352,0.0,0.0011247455590307936
1559,y1n,13171326,0.0,0,0,0.0,0.0,0.000112598494271797,0.0,0.0
1560,jemjam,8083892,0.00016501650165016502,1,1,0.0,0.00016501650165016502,0.00011520065321141358,1.0,0.000702965974394246
1561,jmelis,126666,8.250825082508251e-05,1,0,0.0,0.0,0.00011520065321141358,0.0,0.000702965974394246
1562,PJColombo,33203511,8.250825082508251e-05,1,0,0.0,0.0,0.00011624151678726022,0.0,0.0009841523641519443
1563,DataBender76,65077275,8.250825082508251e-05,1,0,0.0,0.0,0.00011624151678726022,0.0,0.0009841523641519443
1564,Vakintoshka,2005262,8.250825082508251e-05,1,0,0.0,0.0,0.00011520065321141358,0.0,0.000702965974394246
1565,moshechaikin,6878298,8.250825082508251e-05,1,0,0.0,0.0,0.00011520065321141358,0.0,0.000702965974394246
1566,AstroProjection,13699537,0.0,0,0,0.0,0.0,0.000112598494271797,0.0,0.0
1567,JStyle21,6579137,0.00033003300330033004,4,0,0.0,0.0,0.00022012235582692706,0.16666666666666666,0.0003393474121862474
1568,checnev,12879048,0.00024752475247524753,3,0,0.0,0.0,0.00030769939708476105,0.0,0.0002654157442264782
1569,SaeedSoltoon,4473680,8.250825082508251e-05,1,0,0.0,0.0,0.00011520065321141358,0.0,0.000702965974394246
1570,ethans333,19983539,0.0,0,0,0.0,0.0,0.000112598494271797,0.0,0.0
1571,albertcito,1768483,8.250825082508251e-05,1,0,0.0,0.0,0.00011720809806283534,0.0,0.0006761777364965785
1572,tarunyadav1,56935638,8.250825082508251e-05,1,0,0.0,0.0,0.00011520065321141358,0.0,0.000702965974394246
1573,3imed-jaberi,43971542,0.0015676567656765677,6,13,0.000608024034646069,0.1742839388028022,0.0005015519797461474,0.0915032679738562,0.016377597091810435
1574,pedroprado010,7854437,0.00016501650165016502,2,0,0.0,0.0,0.00011990760462448621,1.0,0.0015575980883464798
1575,belqit,44238749,0.0,0,0,0.0,0.0,0.000112598494271797,0.0,0.0
1576,eschwelgin,56935846,0.00016501650165016502,2,0,0.0,0.0,0.000209359648500733,0.0,7.583306977899377e-05
1577,tjx666,41773861,8.250825082508251e-05,1,0,0.0,0.0,0.00011522948486361707,0.0,0.00018958267444748445
1578,JohnReyes-Dev,26192592,0.00016501650165016502,2,0,0.0,0.0,0.00011645846552468496,0.0,0.0002654157442264782
1579,SeanDez,28183062,8.250825082508251e-05,1,0,0.0,0.0,0.00011624151678726022,0.0,0.0009841523641519443
1580,freeman-g,495886,0.00016501650165016502,2,0,0.0,0.0,0.00011645846552468496,0.0,0.0002654157442264782
1581,bombitmanbomb,11261721,8.250825082508251e-05,1,0,0.0,0.0,0.00011520065321141358,0.0,0.000702965974394246
1582,mreinstein,718067,0.00016501650165016502,1,1,0.0,0.00016501650165016502,0.00011624151678726022,1.0,0.0009841523641519443
1583,rodion-arr,5843270,0.005115511551155115,4,58,0.0006487838721958386,0.19519685043697974,0.0001702404900349822,0.019037546271813855,0.016529627903471535
1584,gatomod,63877602,0.00016501650165016502,2,0,0.0,0.0,0.00011626458210902301,1.0,0.0005734457241945352
1585,Domiii,282899,8.250825082508251e-05,1,0,0.0,0.0,0.00011624151678726022,0.0,0.0009841523641519443
1586,Qard,205482,8.250825082508251e-05,1,0,0.0,0.0,0.00011363935784764363,0.0,0.0002811863897576984
1587,josh-hemphill,46608115,8.250825082508251e-05,1,0,0.0,0.0,0.0001157210849993369,0.0,0.0008435591692730951
1588,CSamuelLents,14333436,8.250825082508251e-05,1,0,0.0,0.0,0.00011520065321141358,0.0,0.000702965974394246
1589,Andreyooo,38321084,8.250825082508251e-05,1,0,0.0,0.0,0.00011363935784764363,0.0,0.0002811863897576984
1590,woss,80440,0.00016501650165016502,1,1,0.0,0.00016501650165016502,0.00011520065321141358,1.0,0.000702965974394246
1591,Derpchadas,71038903,0.00024752475247524753,3,0,0.0,0.0,0.00021417364360614227,0.6666666666666666,0.0007820240454349604
1592,romanrokon,36927037,8.250825082508251e-05,1,0,0.0,0.0,0.00011520065321141358,0.0,0.000702965974394246
1593,soubhikchatterjee,863672,0.00016501650165016502,2,0,0.0,0.0,0.00011834630926071627,1.0,0.001135818503709932
1594,bgub,25597854,8.250825082508251e-05,1,0,0.0,0.0,0.00012092540287857005,0.0,0.002249491118061587
1595,ahtee,5076085,0.00024752475247524753,3,0,0.0,0.0,0.000217582884368821,0.6666666666666666,0.004007015885632493
1596,OllieNilsen,1117651,0.00041254125412541255,5,0,0.0,0.0,0.00036309763949472676,0.1,0.005125311442139845
1597,tavindev,42685889,0.0,0,0,0.0,0.0,0.000112598494271797,0.0,0.0
1598,paulsmithkc,6501079,8.250825082508251e-05,1,0,0.0,0.0,0.00011624151678726022,0.0,0.0009841523641519443
1599,kayatechindia,55549012,0.0007425742574257426,9,0,0.0,0.0,0.0006100032414649645,0.05555555555555555,0.0008218834550471484
1600,shivam201312,52594239,0.00016501650165016502,2,0,0.0,0.0,0.00011553817011587948,0.0,8.756375831830001e-05
1601,arjunsingh1390,62337523,8.250825082508251e-05,1,0,0.0,0.0,0.00011520065321141358,0.0,0.000702965974394246
1602,haylinmoore,8162992,8.250825082508251e-05,1,0,0.0,0.0,0.00011520065321141358,0.0,0.000702965974394246
1603,huyb1991,9345707,0.00016501650165016502,2,0,0.0,0.0,0.00011959880203268998,0.0,2.7475171761663195e-05
1604,Hesamp,1300289,0.00016501650165016502,2,0,0.0,0.0,0.0002171285725632712,1.0,0.0015645851507329756
1605,milocrafter,70115073,8.250825082508251e-05,1,0,0.0,0.0,0.00011365089050852503,0.0,7.583306977899377e-05
1606,PrithiviRathinam,11004972,8.250825082508251e-05,1,0,0.0,0.0,0.00011532798360641825,0.0,1.0990068704665278e-05
1607,xahon,18731681,8.250825082508251e-05,1,0,0.0,0.0,0.00011520065321141358,0.0,0.000702965974394246
1608,cullylarson,10721380,8.250825082508251e-05,1,0,0.0,0.0,0.00011468022142349027,0.0,0.0005623727795153968
1609,mnini,60082372,0.00024752475247524753,2,1,5.446988006277109e-08,0.00016501650165016502,0.00021513097560055808,0.0,2.7475171761663195e-05
1610,lucaslacerdacl,6237330,8.250825082508251e-05,1,0,0.0,0.0,0.00011942221760835012,0.0,2.7475171761663195e-05
1611,H3RSKO,34112131,0.00016501650165016502,2,0,0.0,0.0,0.00011834630926071627,1.0,0.001135818503709932
1612,kaptcha0,50426223,8.250825082508251e-05,1,0,0.0,0.0,0.00011365089050852503,0.0,7.583306977899377e-05
1613,krishnaUIDev,24648588,0.00033003300330033004,4,0,0.0,0.0,0.0001432768799596322,0.0,0.00026481793465608753
1614,Levminer,33373714,8.250825082508251e-05,1,0,0.0,0.0,0.00011277507869613686,0.0,0.0
1615,chtseac,13946731,8.250825082508251e-05,1,0,0.0,0.0,0.00011520065321141358,0.0,0.000702965974394246
1616,ShanonJackson,13631026,8.250825082508251e-05,1,0,0.0,0.0,0.00011520065321141358,0.0,0.000702965974394246
1617,ddor254,33092692,0.00016501650165016502,2,0,0.0,0.0,0.00011900460820700283,1.0,0.0010717161224702446
1618,jiriToman,30087815,0.0,0,0,0.0,0.0,0.000112598494271797,0.0,0.0
1619,ronaldo116,68880592,8.250825082508251e-05,1,0,0.0,0.0,0.00011277507869613686,0.0,0.0
1620,getspooky,37160072,0.0012376237623762376,6,9,5.6670101042604837e-05,0.19309052527987558,0.0002661843642218184,0.22857142857142856,0.03520489294976295
1621,Abdurahmanm2020,60320088,0.00024752475247524753,2,1,2.7234940031385545e-08,0.00016501650165016502,0.00011433637405990681,0.3333333333333333,0.00042177958463654756
1622,bitsnaps,1217741,8.250825082508251e-05,1,0,0.0,0.0,0.00011605235854647527,0.0,0.00010945469789787501
1623,kevinsimper,1126497,0.0005775577557755776,3,4,1.2992539745619478e-05,0.0006875687568756876,0.00012476889603787016,0.19047619047619047,0.0012196926818371526
1624,aishwarya07g,42799570,8.250825082508251e-05,1,0,0.0,0.0,0.00011365089050852503,0.0,7.583306977899377e-05
1625,kwasimensah,2121800,0.0,0,0,0.0,0.0,0.000112598494271797,0.0,0.0
1626,kelvin84hk,21017167,8.250825082508251e-05,1,0,0.0,0.0,0.00011605235854647527,0.0,0.00010945469789787501
1627,Jay-Jay13,67936563,8.250825082508251e-05,1,0,0.0,0.0,0.00011605235854647527,0.0,0.00010945469789787501
1628,G4143,3310879,0.00016501650165016502,2,0,0.0,0.0,0.00011641810121160008,0.0,0.0009841523641519443
1629,webshy,29698214,0.00016501650165016502,2,0,0.0,0.0,0.00021176111653868325,0.0,0.00010945469789787501
1630,VigneshMurugan,9670465,0.00016501650165016502,2,0,0.0,0.0,0.0001202252214367481,1.0,0.0017309002177053404
1631,tinafangkunding,26135229,0.00033003300330033004,4,0,0.0,0.0,0.00028282713902905485,0.3333333333333333,0.004574060235891101
1632,KaizenTamashi,40164357,0.00016501650165016502,2,0,0.0,0.0,0.000232234441762057,0.0,0.0
1633,alepinio,45610498,0.00041254125412541255,5,0,0.0,0.0,0.0002520020632548358,0.5,0.002913389449618863
1634,iovanom,3993222,0.00016501650165016502,2,0,0.0,0.0,0.0002119502747794682,0.0,0.0009841523641519443
1635,rathore-digvijay,41992412,8.250825082508251e-05,1,0,0.0,0.0,0.00011728238036310684,0.0,0.0012653387539096428
1636,javadbat,11534875,8.250825082508251e-05,1,0,0.0,0.0,0.00011743390425634657,0.0,0.00015323657705702503
1637,jason-alouda,49105963,0.00016501650165016502,2,0,0.0,0.0,0.0001195131988628102,1.0,0.002914138708267045
1638,lukaswilkeer,1809628,0.00024752475247524753,2,1,5.446988006277109e-08,0.00016501650165016502,0.000226252644387544,0.0,0.0
1639,meerbahadin,59086176,8.250825082508251e-05,1,0,0.0,0.0,0.00011605235854647527,0.0,0.00010945469789787501
1640,timonroe,5950321,0.00016501650165016502,2,0,0.0,0.0,0.00021090941120362156,0.0,0.000702965974394246
1641,Alanscut,21104054,0.00016501650165016502,2,0,0.0,0.0,0.0001165821989212849,1.0,0.000746747853553396
1642,JosephScript,6144177,8.250825082508251e-05,1,0,0.0,0.0,0.00011780281215103015,0.0,0.001405931948788492
1643,belovsandr,16794134,0.00016501650165016502,2,0,0.0,0.0,0.0001237438246639399,1.0,0.0012924287645080946
1644,alexalveees,28965664,0.0,0,0,0.0,0.0,0.000112598494271797,0.0,0.0
1645,dakshkhetan,43447509,0.00016501650165016502,2,0,0.0,0.0,0.00011762306249713153,1.0,0.0010279342433110945
1646,syter,7510464,0.00041254125412541255,5,0,0.0,0.0,0.00031381847642086494,0.0,0.0009520074720449479
1647,Felichz,56377864,0.0,0,0,0.0,0.0,0.000112598494271797,0.0,0.0
1648,NotMoni,40552237,0.0005775577557755776,1,6,0.0,0.19305871988944898,0.00012352756181818663,0.3333333333333333,0.0029524570924558333
1649,curtispd,2791009,8.250825082508251e-05,1,0,0.0,0.0,0.0001157210849993369,0.0,0.0008435591692730951
1650,ThunderSon,32433575,0.00024752475247524753,3,0,0.0,0.0,0.00025765502128870216,0.3333333333333333,0.0011696974328109543
1651,hermanbanken,791189,8.250825082508251e-05,1,0,0.0,0.0,0.00011624151678726022,0.0,0.0009841523641519443
1652,Epsilon-Rashmi,32195555,0.00016501650165016502,2,0,0.0,0.0,0.00014795527787721127,0.0,0.00010945469789787501
1653,Scarfinger342,49702530,8.250825082508251e-05,1,0,0.0,0.0,0.00011398003998166832,0.0,4.378187915915001e-05
1654,LachlanStarick,62362511,0.00041254125412541255,5,0,0.0,0.0,0.0003162049839521253,0.3,0.0008180049044742092
1655,pqvst,4990657,8.250825082508251e-05,1,0,0.0,0.0,0.00011363935784764363,0.0,0.0002811863897576984
1656,skapoor,126069,8.250825082508251e-05,1,0,0.0,0.0,0.00011743390425634657,0.0,0.00015323657705702503
1657,cybersteffie,42489159,8.250825082508251e-05,1,0,0.0,0.0,0.00011743390425634657,0.0,0.00015323657705702503
1658,onzag,10426555,0.00016501650165016502,2,0,0.0,0.0,0.00012193804069375778,1.0,0.0010405776254892702
1659,winstonhowessc,19860348,0.0004950495049504951,6,0,0.0,0.0,0.00037272849873578093,0.13333333333333333,0.001529201829716636
1660,max-hk,35831069,8.250825082508251e-05,1,0,0.0,0.0,0.00011602605456647127,0.0,0.001183286992948236
1661,kcoleman731,1423931,8.250825082508251e-05,1,0,0.0,0.0,0.00011520065321141358,0.0,0.000702965974394246
1662,AndrewLeedham,5557458,8.250825082508251e-05,1,0,0.0,0.0,0.00011520065321141358,0.0,0.000702965974394246
1663,anna-rmrf,64837230,0.00024752475247524753,3,0,0.0,0.0,0.00021594671425584304,0.0,0.000702965974394246
1664,vadymrybak,38698086,8.250825082508251e-05,1,0,0.0,0.0,0.0001277104034284614,0.0,0.0
1665,phpjsnerd,20193429,8.250825082508251e-05,1,0,0.0,0.0,0.00011520065321141358,0.0,0.000702965974394246
1666,CullenShane,597786,0.00016501650165016502,2,0,0.0,0.0,0.00021572340630903082,1.0,0.0014220569550970944
1667,robertsLando,11502495,8.250825082508251e-05,1,0,0.0,0.0,0.0001193641075148001,0.0,0.0018277115334250395
1668,Nondukishor,26400522,0.00033003300330033004,4,0,0.0,0.0,0.00014384813173259756,0.3333333333333333,0.0021674393571001803
1669,charlieroth,13981427,0.00024752475247524753,3,0,0.0,0.0,0.00030677910167595555,0.0,8.756375831830001e-05
1670,gu-stav,2244375,0.0,0,0,0.0,0.0,0.000112598494271797,0.0,0.0
1671,e-l-i-s-e,33100935,0.00016501650165016502,2,0,0.0,0.0,0.0001165821989212849,1.0,0.000746747853553396
1672,sysyrin,22068550,8.250825082508251e-05,1,0,0.0,0.0,0.00012459495530315693,0.0,0.004141504475318826
1673,dougwilson,67512,0.1632013201320132,119,1859,0.045117915108653456,0.3940358004534695,0.011049681157281017,0.0007741234135686127,0.06129128447471735
1674,SaveYourTime,35715664,0.00016501650165016502,2,0,0.0,0.0,0.00012270296108809326,1.0,0.0010112423747503964
1675,mirceabratu,44461660,0.0,0,0,0.0,0.0,0.000112598494271797,0.0,0.0
1676,loreanvictor,13572283,8.250825082508251e-05,1,0,0.0,0.0,0.00011520065321141358,0.0,0.000702965974394246
1677,vansergen,14388408,0.0007425742574257426,8,1,0.00035309147549105233,0.2412389602652763,0.0004459086635034381,0.25,0.00960853476277073
1678,ipatavatsizz,37545799,8.250825082508251e-05,1,0,0.0,0.0,0.00011602605456647127,0.0,0.001183286992948236
1679,martiliones,30230027,8.250825082508251e-05,1,0,0.0,0.0,0.00011676194857518352,0.0,0.0011247455590307936
1680,georgeka98,19718662,0.00016501650165016502,2,0,0.0,0.0,0.00012541049741309713,1.0,0.00033569411661608874
1681,SebastianBoehler,27767932,0.00033003300330033004,4,0,0.0,0.0,0.00022096566300641994,0.5,0.0036551771487775345
1682,ionizer,4402689,0.00041254125412541255,4,1,1.1574849513338857e-07,0.00016501650165016502,0.0004114959078138744,0.0,5.450772685839032e-05
1683,caub,3134574,0.00024752475247524753,3,0,0.0,0.0,0.00013783115716316073,1.0,0.008035543673587492
1684,Andrurodr,20403179,0.00016501650165016502,2,0,0.0,0.0,0.0001184747678321932,1.0,0.00043442296681472345
1685,HarishVaranasi,14336477,0.00016501650165016502,2,0,0.0,0.0,0.00011941554127946199,0.0,0.00012502833414312938
1686,cborac,28059892,8.250825082508251e-05,1,0,0.0,0.0,0.0001162415167872602,0.0,0.0009841523641519443
1687,mastermatt,2789206,0.00033003300330033004,0,4,0.0,0.20308382883959183,0.000112598494271797,0.16666666666666666,0.0
1688,Neelakanta-yadav,64421973,8.250825082508251e-05,1,0,0.0,0.0,0.00011605235854647527,0.0,0.00010945469789787501
1689,dman777,887815,8.250825082508251e-05,1,0,0.0,0.0,0.00011363935784764363,0.0,0.0002811863897576984
1690,salazarr-js,9486209,8.250825082508251e-05,1,0,0.0,0.0,0.00011605235854647527,0.0,0.00010945469789787501
1691,nirus,2213751,0.0,0,0,0.0,0.0,0.000112598494271797,0.0,0.0
1692,kurtgalvin,45803439,8.250825082508251e-05,1,0,0.0,0.0,0.00011520065321141358,0.0,0.000702965974394246
1693,tjetnebula,57471460,8.250825082508251e-05,1,0,0.0,0.0,0.00011605235854647527,0.0,0.00010945469789787501
1694,kopax,1866564,8.250825082508251e-05,1,0,0.0,0.0,0.00011743390425634657,0.0,0.00015323657705702503
1695,MirzadVa,52415551,8.250825082508251e-05,1,0,0.0,0.0,0.0001310959993032239,0.0,8.565499934889907e-05
1696,khanbaba,5001760,8.250825082508251e-05,1,0,0.0,0.0,0.00011743390425634657,0.0,0.00015323657705702503
1697,vipkouyu,29297132,8.250825082508251e-05,1,0,0.0,0.0,0.00012459495530315693,0.0,0.004141504475318826
1698,nuxeric,48699932,0.00033003300330033004,4,0,0.0,0.0,0.00021745602701569636,0.3333333333333333,0.0003561155414073572
1699,dalxy,48442252,0.0,0,0,0.0,0.0,0.000112598494271797,0.0,0.0
1700,harryjamesuk,1688323,8.250825082508251e-05,1,0,0.0,0.0,0.00012300713003026331,0.0,0.002811863897576984
1701,mickeygousset,20031479,0.0006600660066006601,8,0,0.0,0.0,0.0006217955415689119,0.17857142857142858,0.09069673336679741
1702,smallbirdwy,59526030,0.00016501650165016502,2,0,0.0,0.0,0.0001165821989212849,1.0,0.000746747853553396
1703,boojum,1714885,0.00016501650165016502,2,0,0.0,0.0,0.00013730590311370443,1.0,0.0007238824726308274
1704,flexwie,1215778,0.0,0,0,0.0,0.0,0.000112598494271797,0.0,0.0
1705,JacobWrenn,37597713,8.250825082508251e-05,1,0,0.0,0.0,0.0001277328165702372,0.0,7.00813631036447e-05
1706,oe-bayram,3321668,8.250825082508251e-05,1,0,0.0,0.0,0.00012100645110426378,0.0,3.893409061313594e-05
1707,ghinks,5049078,0.0036303630363036304,3,41,0.00041851653768059716,0.17745033890217182,0.0001324657974893405,0.02854122621564482,0.009543305774935874
1708,crosssisters,46560849,0.00016501650165016502,2,0,0.0,0.0,0.00012242850217078738,1.0,0.005785607897395732
1709,veeRN135,37747111,8.250825082508251e-05,1,0,0.0,0.0,0.00011942221760835012,0.0,2.7475171761663195e-05
1710,asieverding,59558264,0.0,0,0,0.0,0.0,0.000112598494271797,0.0,0.0
1711,ChristianMarca,39254595,0.0,0,0,0.0,0.0,0.000112598494271797,0.0,0.0
1712,assmdx,19722693,8.250825082508251e-05,1,0,0.0,0.0,0.00011557338158143886,0.0,0.0034190339114992608
1713,kingdomb,47176318,8.250825082508251e-05,1,0,0.0,0.0,0.00011932485973777042,0.0,3.114727249050875e-05
1714,tech-and-avinash,45698249,0.00024752475247524753,3,0,0.0,0.0,0.0001273182017735453,0.6666666666666666,0.0026752355474158333
1715,apascal,2894041,8.250825082508251e-05,1,0,0.0,0.0,0.00011468022142349027,0.0,0.0005623727795153968
1716,gnesher,1402060,0.0,0,0,0.0,0.0,0.000112598494271797,0.0,0.0
1717,duongkhoangiam,43959508,8.250825082508251e-05,1,0,0.0,0.0,0.0001162415167872602,0.0,0.0009841523641519443
1718,davidmashe,11878429,0.0016501650165016502,3,17,0.00010616544922895557,0.003066113062919195,0.00011881301742098827,0.09473684210526316,0.0023955478079107986
1719,Bogdah9,51694355,8.250825082508251e-05,1,0,0.0,0.0,0.00011602605456647127,0.0,0.001183286992948236
1720,SerenModz21,41450647,0.00016501650165016502,2,0,0.0,0.0,0.00012370208643876267,1.0,0.004373359434945717
1721,cekvenich,22248870,0.00016501650165016502,2,0,0.0,0.0,0.00012428549566390772,1.0,0.004144954089190704
1722,Portur,24350810,8.250825082508251e-05,1,0,0.0,0.0,0.00011520065321141358,0.0,0.000702965974394246
1723,gireeshpunathil,6447530,0.0010726072607260726,9,4,0.00030937598784819173,0.20431613151727443,0.000525777629810818,0.32727272727272727,0.07025212764271054
1724,duasohail,56893690,8.250825082508251e-05,1,0,0.0,0.0,0.00012459495530315693,0.0,0.004141504475318826
1725,hidde-jan,171505,0.0,0,0,0.0,0.0,0.000112598494271797,0.0,0.0
1726,NickSutton,24848258,8.250825082508251e-05,1,0,0.0,0.0,0.00011856074599675127,0.0,0.0025984289455233626
1727,drussilla,668735,8.250825082508251e-05,1,0,0.0,0.0,0.00012196626645441668,0.0,0.0025306775078192856
1728,ashishgupta2505,61580433,8.250825082508251e-05,1,0,0.0,0.0,0.00012459495530315693,0.0,0.004141504475318826
1729,Rafostar,40623528,8.250825082508251e-05,1,0,0.0,0.0,0.00011520065321141358,0.0,0.000702965974394246
1730,manisuec,6031883,8.250825082508251e-05,1,0,0.0,0.0,0.00011438342665758211,0.0,0.002051420346899556
1731,GabrielLeonte,38123199,0.0,0,0,0.0,0.0,0.000112598494271797,0.0,0.0
1732,phantom9999,6202605,0.00016501650165016502,2,0,0.0,0.0,0.00021090941120362156,0.0,0.000702965974394246
1733,chokch,61107253,8.250825082508251e-05,1,0,0.0,0.0,0.0001162415167872602,0.0,0.0009841523641519443
1734,fbrandt-dev,39065498,0.00024752475247524753,3,0,0.0,0.0,0.00016644952343405195,0.3333333333333333,0.006181010255198669
1735,ywarezk,2714362,0.00041254125412541255,5,0,0.0,0.0,0.0002820556162683363,0.0,9.221634081878796e-05
1736,ryhinchey,3943764,0.0014026402640264027,3,14,0.00010676313109806272,0.20424492261895003,0.00013254891129382902,0.1323529411764706,0.003394645809941646
1737,ER-GAIBI,17891517,0.00016501650165016502,2,0,0.0,0.0,0.00011740760027634257,1.0,0.0012270688721073859
1738,alvaaro99,39096026,8.250825082508251e-05,1,0,0.0,0.0,0.00011363935784764363,0.0,0.0002811863897576984
1739,kaushalmarakana,22539583,8.250825082508251e-05,1,0,0.0,0.0,0.0001139800399816683,0.0,4.378187915915001e-05
1740,bluelovers,167966,0.00016501650165016502,2,0,0.0,0.0,0.00012220376851221446,1.0,0.003582581309675307
1741,mishabhi,16177376,8.250825082508251e-05,1,0,0.0,0.0,0.00011536158569153962,0.0,8.756375831830001e-05
1742,bitshiftnetau,26871600,8.250825082508251e-05,1,0,0.0,0.0,0.00011363935784764363,0.0,0.0002811863897576984
1743,victorsferreira,25830138,8.250825082508251e-05,1,0,0.0,0.0,0.00011520065321141358,0.0,0.000702965974394246
1744,sewemark,7123821,0.00016501650165016502,2,0,0.0,0.0,0.00011658219892128488,1.0,0.000746747853553396
1745,danhab99,13894263,0.00033003300330033004,4,0,0.0,0.0,0.00021571851720816713,0.5,0.001930034846501632
1746,sawyerbivens,48366954,0.00024752475247524753,3,0,0.0,0.0,0.0002132961079224492,0.3333333333333333,0.0016050665775847836
1747,dogemad,48283057,0.00016501650165016502,1,1,0.0,0.00016501650165016502,0.0001162415167872602,1.0,0.0009841523641519443
1748,raxraj,41513907,0.00024752475247524753,2,1,1.4827911794865461e-07,0.00016501650165016502,0.00011966907708193447,0.6666666666666666,0.0021674393571001803
1749,aleph-oh,34135923,8.250825082508251e-05,1,0,0.0,0.0,0.00011945361486114553,0.0,0.002366573985896472
1750,chasingSublimity,21029639,8.250825082508251e-05,1,0,0.0,0.0,0.0001377108067646195,0.0,1.8910522652159497e-05
1751,dmaks9,41797718,8.250825082508251e-05,1,0,0.0,0.0,0.00011945361486114553,0.0,0.002366573985896472
1752,kabilan-baskaran,11566970,8.250825082508251e-05,1,0,0.0,0.0,0.00012630873545049407,0.0,0.004733147971792944
1753,pakastin,1475902,0.00024752475247524753,2,1,2.7234940031385545e-08,0.00016501650165016502,0.00021038897941569825,0.3333333333333333,0.0005623727795153968
1754,ahmad-ali14,46387030,0.00016501650165016502,1,1,3.1256932127742067e-06,0.00016501650165016502,0.00011520065321141358,0.0,0.000702965974394246
1755,sslotsky,374078,8.250825082508251e-05,1,0,0.0,0.0,0.00011676194857518352,0.0,0.0011247455590307936
1756,valoricDe,22564188,0.00024752475247524753,3,0,0.0,0.0,0.00013140281941346034,0.3333333333333333,0.004725836984780837
1757,jswiton,4461343,8.250825082508251e-05,1,0,0.0,0.0,0.00011520065321141358,0.0,0.000702965974394246
1758,ralfhauser,1681677,8.250825082508251e-05,1,0,0.0,0.0,0.0001162415167872602,0.0,0.0009841523641519443
1759,G-Rath,3151613,0.00033003300330033004,3,1,2.6912069806643704e-06,0.00016501650165016502,0.00014358464777978607,0.5,0.0026518628411615064
1760,khsiea,7071141,0.00016501650165016502,2,0,0.0,0.0,0.0001267346542803271,0.0,0.0013092582138028723
1761,maweiyi,8455004,0.00016501650165016502,2,0,0.0,0.0,0.00011992679017002372,0.0,0.0007249257043408608
1762,LautaroJayat,48366106,8.250825082508251e-05,1,0,0.0,0.0,0.0001162415167872602,0.0,0.0009841523641519443
1763,SHAHLIPI58,25177724,0.0,0,0,0.0,0.0,0.000112598494271797,0.0,0.0
1764,glennfaison,17485270,0.0004950495049504951,6,0,0.0,0.0,0.00031765725341265284,0.06666666666666667,0.002839610786348651
1765,lieblinger,10740088,8.250825082508251e-05,1,0,0.0,0.0,0.00011557338158143886,0.0,0.0034190339114992608
1766,DawnImpulse,10185615,0.00024752475247524753,3,0,0.0,0.0,0.00012059631330595714,0.6666666666666666,0.0019519460740617157
1767,daintym0sh,7240424,8.250825082508251e-05,1,0,0.0,0.0,0.0001162415167872602,0.0,0.0009841523641519443
1768,galesky,22508577,8.250825082508251e-05,1,0,0.0,0.0,0.0001193641075148001,0.0,0.0018277115334250395
1769,DanielRuf,827205,0.00024752475247524753,3,0,0.0,0.0,0.00022399613950582157,0.3333333333333333,0.008422911350854649
1770,johnyradio,6564280,8.250825082508251e-05,1,0,0.0,0.0,0.00011520065321141358,0.0,0.000702965974394246
1771,dylan-hart,13597156,8.250825082508251e-05,1,0,0.0,0.0,0.0001162415167872602,0.0,0.0009841523641519443
1772,jatinkumar03,56574299,0.00016501650165016502,2,0,0.0,0.0,0.00021714220824046933,0.0,0.0001330780022561203
1773,helio-frota,6443576,0.00041254125412541255,2,3,1.9336807422283736e-05,0.1538842629093212,0.00011817554052105544,0.5,0.0041219998858935064
1774,dcassiani,16367775,0.00016501650165016502,2,0,0.0,0.0,0.00011639060813527032,1.0,0.00207057953899395
1775,mlrawlings,1958812,0.00016501650165016502,2,0,0.0,0.0,0.00011780420008114223,1.0,0.005067833865856663
1776,rafaelvascc,2701532,8.250825082508251e-05,1,0,0.0,0.0,0.00011520065321141358,0.0,0.000702965974394246
1777,HarshithaKP,42645847,0.00041254125412541255,1,4,1.2966352244765114e-06,0.0006600660066006601,0.00011557338158143886,0.1,0.0034190339114992608
1778,fed135,2380281,0.0008250825082508251,1,9,4.859244079110105e-06,0.20330606911515087,0.00011676333650529561,0.08333333333333333,0.004786647476098965
1779,daprahamian,7957497,8.250825082508251e-05,1,0,0.0,0.0,0.00011676333650529561,0.0,0.004786647476098965
1780,jake32321,7380109,8.250825082508251e-05,1,0,0.0,0.0,0.00011676333650529561,0.0,0.004786647476098965
1781,AuggieH,10984794,8.250825082508251e-05,1,0,0.0,0.0,0.00011676333650529561,0.0,0.004786647476098965
1782,Sushmeet,15717984,0.0005775577557755776,1,6,1.3020282727089347e-06,0.2213103263687396,0.00011676333650529561,0.19047619047619047,0.004786647476098965
1783,digitaIfabric,14918962,8.250825082508251e-05,1,0,0.0,0.0,0.00011676333650529561,0.0,0.004786647476098965
1784,maxakuru,17409558,0.00016501650165016502,2,0,0.0,0.0,0.00012449665558025237,1.0,0.01001423372892887
1785,spencerpogo,34356756,8.250825082508251e-05,1,0,0.0,0.0,0.00011520065321141358,0.0,0.000702965974394246
1786,KoyamaSohei,17472875,0.00016501650165016502,2,0,0.0,0.0,0.00014922079381189912,1.0,0.01285664185220866
1787,Geckulon,1622174,8.250825082508251e-05,1,0,0.0,0.0,0.00011763579732401848,0.0,0.0
1788,ZeddYu,29536474,8.250825082508251e-05,1,0,0.0,0.0,0.00011728238036310684,0.0,0.0012653387539096428
1789,jeserkin,183512,8.250825082508251e-05,1,0,0.0,0.0,0.00011520065321141358,0.0,0.000702965974394246
1790,prince267,31069419,8.250825082508251e-05,1,0,0.0,0.0,0.00011378844919565374,0.0,0.0013676135645997042
1791,GaryMatthews,18332743,0.00033003300330033004,3,1,2.2286178507428626e-07,0.00016501650165016502,0.00021552013955103845,0.3333333333333333,0.005086993057951056
1792,evelo2,836577,0.00016501650165016502,2,0,0.0,0.0,0.00012046308118419675,1.0,0.0003086615615193616
1793,am11,3840695,8.250825082508251e-05,1,0,0.0,0.0,0.00011832324393895347,0.0,0.0015465251436673412
1794,xiaohigh,4426490,0.0,0,0,0.0,0.0,0.000112598494271797,0.0,0.0
1795,ortizvinicius,1380574,0.00024752475247524753,3,0,0.0,0.0,0.0001502267525148042,0.3333333333333333,0.0017302790316982926
1796,RalphORama,6566104,0.0,0,0,0.0,0.0,0.000112598494271797,0.0,0.0
1797,rileyjshaw,1840854,0.0004950495049504951,5,1,1.0354464819551531e-06,0.00016501650165016502,0.0002006949940948197,0.4666666666666667,0.02576603833070011
1798,shubh48,54486429,8.250825082508251e-05,1,0,0.0,0.0,0.00012627117398496956,0.0,0.0
1799,TymanWasTaken,32660892,8.250825082508251e-05,1,0,0.0,0.0,0.00011363935784764363,0.0,0.0002811863897576984
1800,thosil,1140574,8.250825082508251e-05,1,0,0.0,0.0,0.00011520065321141358,0.0,0.000702965974394246
1801,baslr,1494154,0.00016501650165016502,2,0,0.0,0.0,0.0001186214266349737,1.0,0.003719379493351353
1802,artoodeeto,19770382,8.250825082508251e-05,1,0,0.0,0.0,0.00011378844919565374,0.0,0.0013676135645997042
1803,hacksparrow,950112,0.008333333333333333,14,87,0.0017444332727334076,0.2856243422563287,0.0008793375409520475,0.03269876819708847,0.011603009402188051
1804,alfaben12,20008086,8.250825082508251e-05,1,0,0.0,0.0,0.00011613247666238273,0.0,5.323120090244812e-05
1805,raffomania,2369330,8.250825082508251e-05,1,0,0.0,0.0,0.00011520065321141358,0.0,0.000702965974394246
1806,mtysszkl,57434422,0.00016501650165016502,2,0,0.0,0.0,0.00017282181163495107,0.0,0.0001863092031585684
1807,kumarrishav,4078325,0.00024752475247524753,3,0,0.0,0.0,0.00017172156266355556,0.3333333333333333,0.008942719370800524
1808,kybetter,12093502,0.00016501650165016502,2,0,0.0,0.0,0.00021128213957364683,0.0,0.0034190339114992608
1809,azakero,49979539,0.0006600660066006601,8,0,0.0,0.0,0.0005345140397225286,0.07142857142857142,0.001221137453085344
1810,KaivnD,37983330,8.250825082508251e-05,1,0,0.0,0.0,0.00011676333650529561,0.0,0.004786647476098965
1811,prashantLio,55281821,8.250825082508251e-05,1,0,0.0,0.0,0.0001162415167872602,0.0,0.0009841523641519443
1812,yesIamFaded,48751859,0.00016501650165016502,2,0,0.0,0.0,0.00021128213957364683,0.0,0.0034190339114992608
1813,markhaslam,6936232,8.250825082508251e-05,1,0,0.0,0.0,0.00011497840411951049,0.0,0.0027352271291994083
1814,dileep524,53084291,8.250825082508251e-05,1,0,0.0,0.0,0.00011557338158143886,0.0,0.0034190339114992608
1815,ondrej-merkun,19146450,0.00033003300330033004,4,0,0.0,0.0,0.000214055164965194,0.5,0.0024048684906959844
1816,nleclerc,311197,8.250825082508251e-05,1,0,0.0,0.0,0.00011728238036310684,0.0,0.0012653387539096428
1817,knoxcard2,56282341,8.250825082508251e-05,1,0,0.0,0.0,0.00011557338158143886,0.0,0.0034190339114992608
1818,MichelLiu,9865198,0.00024752475247524753,3,0,0.0,0.0,0.00022384843608792355,0.3333333333333333,0.010998386093080815
1819,mauriciocirelli,1136027,8.250825082508251e-05,1,0,0.0,0.0,0.00012627117398496956,0.0,0.0
1820,repinvv,1575441,8.250825082508251e-05,1,0,0.0,0.0,0.0001162415167872602,0.0,0.0009841523641519443
1821,tbhaxor,28386721,0.0,0,0,0.0,0.0,0.000112598494271797,0.0,0.0
1822,ta19ee,56583876,0.0,0,0,0.0,0.0,0.000112598494271797,0.0,0.0
1823,kaigothe,44293674,8.250825082508251e-05,1,0,0.0,0.0,0.0001162415167872602,0.0,0.0009841523641519443
1824,msantana-dev,24710499,0.00016501650165016502,2,0,0.0,0.0,0.0001177335918495755,1.0,0.00029767149281469634
1825,sykeben,33205078,8.250825082508251e-05,1,0,0.0,0.0,0.00011520065321141358,0.0,0.000702965974394246
1826,KamilGadawski,28691476,8.250825082508251e-05,1,0,0.0,0.0,0.00020830725226400498,0.0,0.0
1827,golyshevd,1090017,0.00016501650165016502,2,0,0.0,0.0,0.00012553500666960838,1.0,0.0029256688545581657
1828,1nchHigh,50449715,8.250825082508251e-05,1,0,0.0,0.0,0.00011277507869613686,0.0,0.0
1829,matej-prokop,7286793,0.00016501650165016502,2,0,0.0,0.0,0.00012046308118419675,1.0,0.0003086615615193616
1830,AshayTikekar,15188592,8.250825082508251e-05,1,0,0.0,0.0,0.00011557338158143886,0.0,0.0034190339114992608
1831,sunnz,1378551,0.00016501650165016502,2,0,0.0,0.0,0.00021090941120362156,0.0,0.000702965974394246
1832,thesayyn,20563340,0.00024752475247524753,1,2,0.0,0.2412637893060611,0.0001162415167872602,1.0,0.0009841523641519443
1833,Sorok-Dva,15158794,0.00024752475247524753,3,0,0.0,0.0,0.00013664776898356362,0.3333333333333333,0.0028949795161726517
1834,akopchinskiy,39277134,0.00024752475247524753,3,0,0.0,0.0,0.00011656719255961018,0.6666666666666666,0.00207057953899395
1835,jstarmx,12033907,0.0005775577557755776,7,0,0.0,0.0,0.0005044880680768854,0.14285714285714285,0.0016762751261190656
1836,fchu,819179,0.00024752475247524753,3,0,0.0,0.0,0.00019339665617448362,0.0,0.0002811863897576984
1837,denilsonsa,121676,8.250825082508251e-05,1,0,0.0,0.0,0.00011520065321141358,0.0,0.000702965974394246
1838,pandres95,2502577,8.250825082508251e-05,1,0,0.0,0.0,0.00011676194857518352,0.0,0.0011247455590307936
1839,aprilmintacpineda,21032419,0.00016501650165016502,1,1,0.0,0.00022002200220022002,0.00011520065321141358,1.0,0.000702965974394246
1840,natarajanmca11,9244766,0.00033003300330033004,4,0,0.0,0.0,0.000324114374301532,0.3333333333333333,0.0040614956774691294
1841,Gurshant,55114429,8.250825082508251e-05,1,0,0.0,0.0,0.00011557338158143886,0.0,0.0034190339114992608
1842,Stroemgren,2242472,0.00016501650165016502,2,0,0.0,0.0,0.00011951319886281022,1.0,0.002914138708267045
1843,yanokenken,32897687,0.0005775577557755776,7,0,0.0,0.0,0.000539427752130213,0.09523809523809523,0.014146177189050129
1844,lbittner-pdftron,30271920,0.0,0,0,0.0,0.0,0.000112598494271797,0.0,0.0
1845,raselmahmudr,42914006,8.250825082508251e-05,1,0,0.0,0.0,0.00011438342665758211,0.0,0.002051420346899556
1846,sgb-io,1183773,0.0,0,0,0.0,0.0,0.000112598494271797,0.0,0.0
1847,ahmedHusseinF,4062161,0.00016501650165016502,1,1,0.0,0.00054005400540054,0.00024458903217908505,0.0,3.863350772420523e-05
1848,chyzwar,5990767,8.250825082508251e-05,1,0,0.0,0.0,0.00011520065321141358,0.0,0.000702965974394246
1849,PinkyRabbit,11446934,8.250825082508251e-05,1,0,0.0,0.0,0.00011795329142915235,0.0,0.006154261040698669
1850,alexpreiss,42228175,8.250825082508251e-05,1,0,0.0,0.0,0.00011468022142349027,0.0,0.0005623727795153968
1851,lastmjs,7000719,0.00016501650165016502,2,0,0.0,0.0,0.00011639060813527032,1.0,0.00207057953899395
1852,leonheess,13834296,8.250825082508251e-05,1,0,0.0,0.0,0.00011520065321141358,0.0,0.000702965974394246
1853,sean-codes,21677355,0.0,0,0,0.0,0.0,0.000112598494271797,0.0,0.0
1854,atxiaoxian,26647696,8.250825082508251e-05,1,0,0.0,0.0,0.00011557338158143886,0.0,0.0034190339114992608
1855,daveisfera,1686193,0.00024752475247524753,3,0,0.0,0.0,0.0002193854111584047,0.3333333333333333,0.00403888426729784
1856,machineghost,448908,8.250825082508251e-05,1,0,0.0,0.0,0.00011520065321141358,0.0,0.000702965974394246
1857,ran-j,17410205,8.250825082508251e-05,1,0,0.0,0.0,0.00011557338158143886,0.0,0.0034190339114992608
1858,sachinavinaw,11572485,0.00024752475247524753,3,0,0.0,0.0,0.00013731729211949705,0.3333333333333333,0.0041219998858935064
1859,yunnysunny,734818,8.250825082508251e-05,1,0,0.0,0.0,0.00012040497109064673,0.0,0.002108897923182738
1860,w3hr,40523365,8.250825082508251e-05,1,0,0.0,0.0,0.00011557338158143886,0.0,0.0034190339114992608
1861,rubiin,8222059,0.00041254125412541255,2,3,0.00010927833798320209,0.1603035613005327,0.00021299113835531483,0.3,0.0012653387539096428
1862,otaviobonder,28715087,8.250825082508251e-05,1,0,0.0,0.0,0.00011557338158143886,0.0,0.0034190339114992608
1863,marcopeg,427569,0.00024752475247524753,3,0,0.0,0.0,0.00031283733055547915,0.3333333333333333,0.0015555551472001584
1864,robin2309,6467055,8.250825082508251e-05,1,0,0.0,0.0,0.00011520065321141358,0.0,0.000702965974394246
1865,thw0rted,943160,0.00024752475247524753,3,0,0.0,0.0,0.00013709365509748187,0.3333333333333333,0.0024923591236304977
1866,matamune94,41405551,0.00024752475247524753,3,0,0.0,0.0,0.00016351266770793624,0.3333333333333333,0.0007378035402489291
1867,ooxiongoo,53354088,8.250825082508251e-05,1,0,0.0,0.0,0.00011557338158143886,0.0,0.0034190339114992608
1868,mallikarjunece,1826210,0.00024752475247524753,3,0,0.0,0.0,0.00016038745410436634,1.0,0.0020834573749020186
1869,rummanhasnayeen,19999694,0.00016501650165016502,2,0,0.0,0.0,0.00011899415500499898,1.0,0.006435447430456367
1870,rconstantine,8312587,8.250825082508251e-05,1,0,0.0,0.0,0.00011854826889108071,0.0,0.0068380678229985215
1871,hikigaya58,25583714,8.250825082508251e-05,1,0,0.0,0.0,0.00011557338158143886,0.0,0.0034190339114992608
1872,abumq,1683515,0.00024752475247524753,3,0,0.0,0.0,0.00013397106436994198,0.3333333333333333,0.0016487999543574024
1873,usamaasfar,42825498,0.00016501650165016502,1,1,2.1369089697677264e-07,0.00022002200220022002,0.00011378844919565374,0.0,0.0013676135645997042
1874,jesse996,20895372,8.250825082508251e-05,1,0,0.0,0.0,0.00020059218620998903,0.0,2.575567181613682e-05
1875,McZenith,38901009,8.250825082508251e-05,1,0,0.0,0.0,0.00011557338158143886,0.0,0.0034190339114992608
1876,IDONTSUDO,44754773,8.250825082508251e-05,1,0,0.0,0.0,0.000160452873267901,0.0,0.0
1877,Leealp,43460440,0.00024752475247524753,3,0,0.0,0.0,0.00024318505890438282,0.0,0.0034190339114992608
1878,tsteuwer-accesso,32495798,8.250825082508251e-05,1,0,0.0,0.0,0.00011468022142349027,0.0,0.0005623727795153968
1879,samihashehatta,25582335,8.250825082508251e-05,1,0,0.0,0.0,0.00011572108499933689,0.0,0.0008435591692730951
1880,Asgator,5278430,0.0,0,0,0.0,0.0,0.000112598494271797,0.0,0.0
1881,extensionsapp,8192379,8.250825082508251e-05,1,0,0.0,0.0,0.00012144583466649336,0.0,0.002390084312940437
1882,tiendq,815910,0.00016501650165016502,2,0,0.0,0.0,0.0001252379485299667,1.0,0.004460663851934387
1883,devqalandar,45256870,0.00016501650165016502,2,0,0.0,0.0,0.00016342776057754285,0.0,0.0034190339114992608
1884,manatarms,4206893,8.250825082508251e-05,1,0,0.0,0.0,0.00011572108499933689,0.0,0.0008435591692730951
1885,s-oram,1150429,8.250825082508251e-05,1,0,0.0,0.0,0.00011676194857518352,0.0,0.0011247455590307936
1886,abhishekjain2604,15106857,8.250825082508251e-05,1,0,0.0,0.0,0.00011520065321141358,0.0,0.000702965974394246
1887,knoxcard,7561190,0.0009900990099009901,6,6,4.572749748478821e-05,0.0009900990099009901,0.0004658487158577901,0.14545454545454545,0.002807031710817772
1888,Sunriselegacy,52367305,0.00024752475247524753,3,0,0.0,0.0,0.00014691670338371371,0.6666666666666666,0.004341516568360733
1889,mcandre,5316,0.00041254125412541255,4,1,9.477337637802622e-06,0.00022002200220022002,0.00013660053889539872,0.3,0.001426989516227594
1890,govindrai,13859249,8.250825082508251e-05,1,0,0.0,0.0,0.00011520065321141358,0.0,0.000702965974394246
1891,jthorpe6,15141282,0.00041254125412541255,5,0,0.0,0.0,0.0003091746634678829,0.2,0.0034381931035936545
1892,elliot-nelson,58273,8.250825082508251e-05,1,0,0.0,0.0,0.00011520065321141358,0.0,0.000702965974394246
1893,digressionary,30506653,8.250825082508251e-05,1,0,0.0,0.0,0.00011728238036310684,0.0,0.0012653387539096428
1894,Anant016,29782958,8.250825082508251e-05,1,0,0.0,0.0,0.00011520065321141358,0.0,0.000702965974394246
1895,gaurav5430,12510548,0.00016501650165016502,2,0,0.0,0.0,0.00011975861098874587,1.0,0.0017402209004905263
1896,justinkchen,1000741,8.250825082508251e-05,1,0,0.0,0.0,0.00011497840411951049,0.0,0.0027352271291994083
1897,BilalBoulifa,6527549,8.250825082508251e-05,1,0,0.0,0.0,0.00011676333650529561,0.0,0.004786647476098965
1898,Madayano,21341579,8.250825082508251e-05,1,0,0.0,0.0,0.00011520065321141358,0.0,0.000702965974394246
1899,ctlkkc,37203109,8.250825082508251e-05,1,0,0.0,0.0,0.00011763579732401848,0.0,0.0
1900,codetriage-readme-bot,35302948,0.0004950495049504951,6,0,0.0,0.0,0.0002910959576179715,0.26666666666666666,0.004859404136195242
1901,Yohanna,6926228,8.250825082508251e-05,1,0,0.0,0.0,0.0001162415167872602,0.0,0.0009841523641519443
1902,viglucci,6305490,8.250825082508251e-05,1,0,0.0,0.0,0.00011363935784764363,0.0,0.0002811863897576984
1903,Jusys,30110941,8.250825082508251e-05,1,0,0.0,0.0,0.0001162415167872602,0.0,0.0009841523641519443
1904,dcromster,1893365,8.250825082508251e-05,1,0,0.0,0.0,0.00011557338158143886,0.0,0.0034190339114992608
1905,craben20,44365857,0.00016501650165016502,1,1,0.0,0.00016501650165016502,0.00011988453930272342,1.0,0.0019683047283038887
1906,andrew-caines,12756948,0.0,0,0,0.0,0.0,0.000112598494271797,0.0,0.0
1907,tbell511,25237806,8.250825082508251e-05,1,0,0.0,0.0,0.00011520065321141358,0.0,0.000702965974394246
1908,pirey,10344542,8.250825082508251e-05,1,0,0.0,0.0,0.0001162415167872602,0.0,0.0009841523641519443
1909,emiln,1078925,0.00033003300330033004,4,0,0.0,0.0,0.00022265423617255715,0.6666666666666666,0.0059926847927013055
1910,gtzilla,185538,8.250825082508251e-05,1,0,0.0,0.0,0.00011363935784764363,0.0,0.0002811863897576984
1911,aeinparast,29821414,0.00016501650165016502,2,0,0.0,0.0,0.00011639060813527032,1.0,0.00207057953899395
1912,Roki100,35699619,0.0,0,0,0.0,0.0,0.000112598494271797,0.0,0.0
1913,hiroppy,3367801,0.0006600660066006601,6,2,1.1843019503663436e-06,0.00033003300330033004,0.00021149873817416224,0.2857142857142857,0.009644516727991674
1914,buccfer,12662582,8.250825082508251e-05,1,0,0.0,0.0,0.00011520065321141358,0.0,0.000702965974394246
1915,Ionaru,3472373,8.250825082508251e-05,1,0,0.0,0.0,0.00011363935784764363,0.0,0.0002811863897576984
1916,jkytomaki,6197808,0.00016501650165016502,2,0,0.0,0.0,0.0002119502747794682,0.0,0.0009841523641519443
1917,cjzcpsyx,3888721,8.250825082508251e-05,1,0,0.0,0.0,0.00011520065321141358,0.0,0.000702965974394246
1918,omerts,4996164,8.250825082508251e-05,1,0,0.0,0.0,0.00011520065321141358,0.0,0.000702965974394246
1919,misschak,10271023,8.250825082508251e-05,1,0,0.0,0.0,0.0001162415167872602,0.0,0.0009841523641519443
1920,oonqt,36819562,8.250825082508251e-05,1,0,0.0,0.0,0.00011676194857518352,0.0,0.0011247455590307936
1921,aymen94,13963132,0.00024752475247524753,3,0,0.0,0.0,0.00011574424803336946,1.0,0.0017019025163017385
1922,elliottjro,1139851,8.250825082508251e-05,1,0,0.0,0.0,0.00011832324393895347,0.0,0.0015465251436673412
1923,zukoaang,22727848,0.00024752475247524753,3,0,0.0,0.0,0.00021378014530320637,0.3333333333333333,0.0010903574880406167
1924,AnyhowStep,5655961,0.00024752475247524753,3,0,0.0,0.0,0.00028661009169290264,1.0,0.0033710345184748717
1925,xulayen,15044564,0.00016501650165016502,2,0,0.0,0.0,0.00021090941120362156,0.0,0.000702965974394246
1926,qmarquez,18141238,8.250825082508251e-05,1,0,0.0,0.0,0.00011520065321141358,0.0,0.000702965974394246
1927,cat9000,35055133,0.0008250825082508251,10,0,0.0,0.0,0.0005111964768975751,0.28888888888888886,0.01281487999835185
1928,toymachiner62,485782,0.00033003300330033004,3,1,5.820246351066226e-07,0.00016501650165016502,0.00015297741355731616,0.3333333333333333,0.003335918292903593
1929,zuohuadong,11203929,0.00024752475247524753,2,1,3.5157831676879525e-08,0.00022002200220022002,0.00012131990635251582,0.6666666666666666,0.0021620004851270742
1930,abdoolly,11378681,0.00041254125412541255,5,0,0.0,0.0,0.0004975082156308027,0.0,0.0013689035651043924
1931,MeetChopra,31788849,0.00016501650165016502,1,1,0.0,0.00016501650165016502,0.00011520065321141358,1.0,0.000702965974394246
1932,alaz,12065,8.250825082508251e-05,1,0,0.0,0.0,0.0001193641075148001,0.0,0.0018277115334250395
1933,MGenteluci,22054102,0.00016501650165016502,2,0,0.0,0.0,0.00012127881983948168,0.0,0.0009841523641519443
1934,fancydev18,45625044,8.250825082508251e-05,1,0,0.0,0.0,0.00011520065321141358,0.0,0.000702965974394246
1935,tailtq,44340263,8.250825082508251e-05,1,0,0.0,0.0,0.00011468022142349027,0.0,0.0005623727795153968
1936,styfle,229881,0.00041254125412541255,5,0,0.0,0.0,0.0002856213105136275,0.4,0.00818812892011078
1937,valknarthing,381831,8.250825082508251e-05,1,0,0.0,0.0,0.00011728238036310684,0.0,0.0012653387539096428
1938,taikulawo,24750337,8.250825082508251e-05,1,0,0.0,0.0,0.00011832324393895347,0.0,0.0015465251436673412
1939,cjbarth,3049726,0.00033003300330033004,4,0,0.0,0.0,0.0004278141853617146,0.6666666666666666,0.005753873327797206
1940,Kashio,16501683,8.250825082508251e-05,1,0,0.0,0.0,0.0001193641075148001,0.0,0.0018277115334250395
1941,marbuser,34422459,0.00016501650165016502,2,0,0.0,0.0,0.0001228594266123653,1.0,0.005387338639803149
1942,jnyheim,41641315,0.00016501650165016502,2,0,0.0,0.0,0.00021059459041867772,0.0,0.00013275640486084018
1943,chenhaihong,8087694,0.00033003300330033004,4,0,0.0,0.0,0.00024028008010734117,0.16666666666666666,0.009471020141507868
1944,tiagosiebler,14090872,0.0,0,0,0.0,0.0,0.000112598494271797,0.0,0.0
1945,Olyno,25107942,8.250825082508251e-05,1,0,0.0,0.0,0.00011520065321141358,0.0,0.000702965974394246
1946,bi-kai,15070379,8.250825082508251e-05,1,0,0.0,0.0,0.00011520065321141358,0.0,0.000702965974394246
1947,tspascoal,7847935,0.0,0,0,0.0,0.0,0.000112598494271797,0.0,0.0
1948,bershanskiy,45960703,8.250825082508251e-05,1,0,0.0,0.0,0.0001162415167872602,0.0,0.0009841523641519443
1949,Ashish131989,49152085,0.00016501650165016502,2,0,0.0,0.0,0.0002150728655070081,0.0,0.0018277115334250395
1950,AnsonSavage,12112399,8.250825082508251e-05,1,0,0.0,0.0,0.00011520065321141358,0.0,0.000702965974394246
1951,buddies2705,6241365,8.250825082508251e-05,1,0,0.0,0.0,0.00011520065321141358,0.0,0.000702965974394246
1952,keerthy-cf,25296938,0.0004950495049504951,6,0,0.0,0.0,0.0006022014607933259,0.06666666666666667,0.002393309314202157
1953,darksoulsforever4,48857432,0.00024752475247524753,3,0,0.0,0.0,0.0003055773056199829,0.0,0.00042177958463654756
1954,WinWinHost,812602,8.250825082508251e-05,1,0,0.0,0.0,0.00011363935784764363,0.0,0.0002811863897576984
1955,laoshaw,18351761,0.0007425742574257426,8,1,5.338799446071505e-06,0.00016501650165016502,0.0006701274802637524,0.08333333333333333,0.008688001951106743
1956,Sharkbyteprojects,40953479,8.250825082508251e-05,1,0,0.0,0.0,0.00011520065321141358,0.0,0.000702965974394246
1957,JuanIrache,5341183,8.250825082508251e-05,1,0,0.0,0.0,0.0001162415167872602,0.0,0.0009841523641519443
1958,daurnimator,127971,0.00033003300330033004,4,0,0.0,0.0,0.0002242612384443841,0.16666666666666666,0.0006954507817715171
1959,dldereklee,20377366,0.00024752475247524753,3,0,0.0,0.0,0.00022403310490927712,0.0,0.0008592446906635343
1960,zankhanarana9,25047032,8.250825082508251e-05,1,0,0.0,0.0,0.00011363935784764363,0.0,0.0002811863897576984
1961,purusingh,15384815,0.00016501650165016502,1,1,0.0,0.18822217575860684,0.00011728238036310684,1.0,0.0012653387539096428
1962,shenshanyoumu,8577790,0.0,0,0,0.0,0.0,0.000112598494271797,0.0,0.0
1963,allseeingprojectmanager,42099151,8.250825082508251e-05,1,0,0.0,0.0,0.00011277507869613686,0.0,0.0
1964,RedTailBullet,23481829,8.250825082508251e-05,1,0,0.0,0.0,0.00011363935784764363,0.0,0.0002811863897576984
1965,vlajos,3994645,8.250825082508251e-05,1,0,0.0,0.0,0.00011520065321141358,0.0,0.000702965974394246
1966,RMHonor,19863160,0.00016501650165016502,2,0,0.0,0.0,0.00021299113835531483,0.0,0.0012653387539096428
1967,tahv0,16887142,0.0,0,0,0.0,0.0,0.000112598494271797,0.0,0.0
1968,kanishk-garg97,39979689,0.0,0,0,0.0,0.0,0.000112598494271797,0.0,0.0
1969,mkharibalaji,5992474,8.250825082508251e-05,1,0,0.0,0.0,0.00011557338158143886,0.0,0.0034190339114992608
1970,scub45t3v3,13189585,0.00016501650165016502,2,0,0.0,0.0,0.00011936549544491218,1.0,0.00548961345049321
1971,alcero,47897120,8.250825082508251e-05,1,0,0.0,0.0,0.00011363935784764363,0.0,0.0002811863897576984
1972,pierreTklein,17463268,8.250825082508251e-05,1,0,0.0,0.0,0.00011497840411951049,0.0,0.0027352271291994083
1973,pspi,4328141,8.250825082508251e-05,1,0,0.0,0.0,0.00011520065321141358,0.0,0.000702965974394246
1974,pcderic,3412568,0.00016501650165016502,2,0,0.0,0.0,0.0002119502747794682,0.0,0.0009841523641519443
1975,Jagadhissh,41655170,0.00016501650165016502,2,0,0.0,0.0,0.00011899415500499898,1.0,0.006435447430456367
1976,mikemaccana,172594,0.00024752475247524753,3,0,0.0,0.0,0.00012557144131731602,1.0,0.003254977508373542
1977,giannisgrigorakos,31553113,0.0,0,0,0.0,0.0,0.000112598494271797,0.0,0.0
1978,desmap,43666255,8.250825082508251e-05,1,0,0.0,0.0,0.0001162415167872602,0.0,0.0009841523641519443
1979,indunie,10337781,8.250825082508251e-05,1,0,0.0,0.0,0.0001162415167872602,0.0,0.0009841523641519443
1980,felipewmartins,5208478,0.00016501650165016502,2,0,0.0,0.0,0.00011653969948328044,1.0,0.0031570067138359556
1981,krish512,6457418,8.250825082508251e-05,1,0,0.0,0.0,0.00011497840411951049,0.0,0.0027352271291994083
1982,jeonghwan-kim,1788964,0.00024752475247524753,3,0,0.0,0.0,0.00021470152506709487,0.3333333333333333,0.0027735455133881958
1983,mhauens,9588610,8.250825082508251e-05,1,0,0.0,0.0,0.00011363935784764363,0.0,0.0002811863897576984
1984,Ratikant01,5038421,8.250825082508251e-05,1,0,0.0,0.0,0.00011557338158143886,0.0,0.0034190339114992608
1985,RidgeA,7588876,8.250825082508251e-05,1,0,0.0,0.0,0.0001162415167872602,0.0,0.0009841523641519443
1986,cirosantilli,1429315,8.250825082508251e-05,1,0,0.0,0.0,0.0001162415167872602,0.0,0.0009841523641519443
1987,shimataro,3448502,0.00016501650165016502,2,0,0.0,0.0,0.00016543029621735739,0.0,0.0001459558381641887
1988,mkalygin,1662910,8.250825082508251e-05,1,0,0.0,0.0,0.00011676194857518352,0.0,0.0011247455590307936
1989,mwanago,15181215,0.00041254125412541255,3,2,2.0991910460812796e-07,0.00033003300330033004,0.0002188649793704814,0.4,0.0038982910724189904
1990,wenxinleong,16436505,8.250825082508251e-05,1,0,0.0,0.0,0.00011295166312047674,0.0,0.0
1991,skdeepak,15711039,8.250825082508251e-05,1,0,0.0,0.0,0.00011520065321141358,0.0,0.000702965974394246
1992,SanyamPunia,35108041,8.250825082508251e-05,1,0,0.0,0.0,0.00011520065321141358,0.0,0.000702965974394246
1993,benbenbenbenbenben,443171,0.00016501650165016502,2,0,0.0,0.0,0.000115870176347347,1.0,0.001929986344115101
1994,corciumihai,18243843,8.250825082508251e-05,1,0,0.0,0.0,0.00011616835904336724,0.0,0.004102840693799112
1995,adisrivas,39951910,0.00016501650165016502,2,0,0.0,0.0,0.00011966229021082033,1.0,0.004000565883109051
1996,artonge,6653109,8.250825082508251e-05,1,0,0.0,0.0,0.0001162415167872602,0.0,0.0009841523641519443
1997,isayme,1747852,0.0005775577557755776,6,1,2.803685771008745e-07,0.00016501650165016502,0.0005945698445275112,0.0,0.001183286992948236
1998,chrsmith,4029847,0.00016501650165016502,2,0,0.0,0.0,0.00020934811583985162,0.0,0.0002811863897576984
1999,ThatTonybo,28176227,0.00024752475247524753,3,0,0.0,0.0,0.00021224845747548843,0.3333333333333333,0.0031570067138359556
2000,AhsanNissar,14846851,0.0,0,0,0.0,0.0,0.000112598494271797,0.0,0.0
2001,nairihar,15065065,0.0,0,0,0.0,0.0,0.000112598494271797,0.0,0.0
2002,Connormiha,4091305,8.250825082508251e-05,1,0,0.0,0.0,0.00011378844919565374,0.0,0.0013676135645997042
2003,Judimax,21322737,8.250825082508251e-05,1,0,0.0,0.0,0.00011520065321141358,0.0,0.000702965974394246
2004,haliloncen,5833429,8.250825082508251e-05,1,0,0.0,0.0,0.00020830725226400498,0.0,0.0
2005,spiritwindy,18753430,0.00024752475247524753,3,0,0.0,0.0,0.00021431120229327096,0.6666666666666666,0.002077029541517391
2006,OscarCode9,26398466,0.00016501650165016502,2,0,0.0,0.0,0.00011433637405990681,0.0,0.00042177958463654756
2007,jamesgeorge007,25279263,0.00016501650165016502,2,0,0.0,0.0,0.0001218931087105237,1.0,0.005649365837466453
2008,yandodov,5570098,8.250825082508251e-05,1,0,0.0,0.0,0.00011520065321141358,0.0,0.000702965974394246
2009,Paultje52,31313717,8.250825082508251e-05,1,0,0.0,0.0,0.00011973822381493746,0.0,0.008205681387598224
2010,jessaleks,45589978,8.250825082508251e-05,1,0,0.0,0.0,0.0001162415167872602,0.0,0.0009841523641519443
2011,sdeshpande10,26160326,0.00024752475247524753,3,0,0.0,0.0,0.00022998346159652946,0.3333333333333333,0.0015465251436673412
2012,nicobul,46161509,0.00016501650165016502,2,0,0.0,0.0,0.00011639060813527032,1.0,0.00207057953899395
2013,tomescapa,46109981,0.00016501650165016502,2,0,0.0,0.0,0.00011639060813527032,1.0,0.00207057953899395
2014,tolumide-ng,35481645,8.250825082508251e-05,1,0,0.0,0.0,0.00011557338158143886,0.0,0.0034190339114992608
2015,softlore,19410041,8.250825082508251e-05,1,0,0.0,0.0,0.00011378844919565374,0.0,0.0013676135645997042
2016,zoe-mcelderry,25527958,8.250825082508251e-05,1,0,0.0,0.0,0.00011780281215103015,0.0,0.001405931948788492
2017,ganapativs,4010960,0.00016501650165016502,2,0,0.0,0.0,0.00011482931277150037,1.0,0.0016487999543574024
2018,nikoskon2003,29357627,0.0,0,0,0.0,0.0,0.000112598494271797,0.0,0.0
2019,NoBrainer,1538386,8.250825082508251e-05,1,0,0.0,0.0,0.00011676333650529561,0.0,0.004786647476098965
2020,polunzh,4244426,0.0,0,0,0.0,0.0,0.000112598494271797,0.0,0.0
2021,john-goldsmith,865588,0.00016501650165016502,2,0,0.0,0.0,0.00011780420008114223,1.0,0.005067833865856663
2022,taemin-fp,23609351,0.00024752475247524753,3,0,0.0,0.0,0.00012045129715871189,1.0,0.0038255846172400246
2023,boxsnake,3257783,0.00016501650165016502,2,0,0.0,0.0,0.00011639060813527032,1.0,0.00207057953899395
2024,petermorlion,3483719,8.250825082508251e-05,1,0,0.0,0.0,0.00011363935784764363,0.0,0.0002811863897576984
2025,tenacious-joy,31606968,0.00016501650165016502,2,0,0.0,0.0,0.00015316933562335293,0.0,0.00013275640486084018
2026,m0uneer,9986145,0.00016501650165016502,2,0,0.0,0.0,0.00011978316195289054,1.0,0.00626046616458734
2027,vipulbhj,33618798,0.00024752475247524753,3,0,0.0,0.0,0.00012775287787160765,0.3333333333333333,0.004839750038043301
2028,MaxenceMaire,14932990,8.250825082508251e-05,1,0,0.0,0.0,0.00011520065321141358,0.0,0.000702965974394246
2029,vikasssoni,6849897,8.250825082508251e-05,1,0,0.0,0.0,0.00011520065321141358,0.0,0.000702965974394246
2030,bilal68,9419008,0.00016501650165016502,1,1,0.0,0.00016501650165016502,0.00011557338158143886,1.0,0.0034190339114992608
2031,HRK44,7391040,0.00024752475247524753,2,1,1.3617470015692772e-08,0.00016501650165016502,0.00014058758626493497,0.6666666666666666,0.002390084312940437
2032,0x09AL,25826294,8.250825082508251e-05,1,0,0.0,0.0,0.00011520065321141358,0.0,0.000702965974394246
2033,wxs77577,1990059,0.00024752475247524753,3,0,0.0,0.0,0.00012651322774362905,0.6666666666666666,0.004972828040299421
2034,A1vinSmith,24937594,0.00016501650165016502,2,0,0.0,0.0,0.0001218931087105237,1.0,0.005649365837466453
2035,komtcho,12757671,8.250825082508251e-05,1,0,0.0,0.0,0.00011520065321141358,0.0,0.000702965974394246
2036,AScriver,34779562,0.00016501650165016502,2,0,0.0,0.0,0.0001186214266349737,1.0,0.003719379493351353
2037,SCWR,8925282,8.250825082508251e-05,1,0,0.0,0.0,0.00011557338158143886,0.0,0.0034190339114992608
2038,norayr93,36794263,0.00016501650165016502,2,0,0.0,0.0,0.0002119502747794682,0.0,0.0009841523641519443
2039,annibuliful,5283709,8.250825082508251e-05,1,0,0.0,0.0,0.00011557338158143886,0.0,0.0034190339114992608
2040,mattmorgis,4664374,8.250825082508251e-05,1,0,0.0,0.0,0.00011884367572687678,0.0,0.0016871183385461903
2041,dlants,1186977,0.00024752475247524753,3,0,0.0,0.0,0.0002129274609281666,0.0,0.002703911956714227
2042,htethtetwin,5858862,8.250825082508251e-05,1,0,0.0,0.0,0.00011378844919565374,0.0,0.0013676135645997042
2043,rahulchamoli916,42431526,8.250825082508251e-05,1,0,0.0,0.0,0.00011557338158143886,0.0,0.0034190339114992608
2044,Pavek,1817081,8.250825082508251e-05,1,0,0.0,0.0,0.00011415978963556695,0.0,0.00042177958463654756
2045,barisusakli,2583394,0.00033003300330033004,4,0,0.0,0.0,0.0003314846704614276,0.0,0.002249491118061587
2046,ShaharMynd,42337023,8.250825082508251e-05,1,0,0.0,0.0,0.0001162415167872602,0.0,0.0009841523641519443
2047,sabrehagen,1094600,0.0006600660066006601,8,0,0.0,0.0,0.0006275136274340937,0.03571428571428571,0.0014644733827059342
2048,RossComputerGuy,19699320,8.250825082508251e-05,1,0,0.0,0.0,0.00011832324393895347,0.0,0.0015465251436673412
2049,geocodinglife,5788817,0.00016501650165016502,2,0,0.0,0.0,0.00011611558847328267,1.0,0.0007560685363385821
2050,martinmurciego,7759127,0.00016501650165016502,2,0,0.0,0.0,0.00021090941120362156,0.0,0.000702965974394246
2051,aminkarimi2015,44812318,8.250825082508251e-05,1,0,0.0,0.0,0.00011728238036310684,0.0,0.0012653387539096428
2052,phapdinh,5825929,0.00016501650165016502,2,0,0.0,0.0,0.00013068767853513549,1.0,0.004692677992946361
2053,Newbie012,10504365,8.250825082508251e-05,1,0,0.0,0.0,0.00011468022142349027,0.0,0.0005623727795153968
2054,kishoreaoe,6896519,8.250825082508251e-05,1,0,0.0,0.0,0.00011468022142349027,0.0,0.0005623727795153968
2055,mregydev,28675823,0.00024752475247524753,1,2,0.0,0.12149471218501554,0.00011728238036310684,0.6666666666666666,0.0012653387539096428
2056,willdorfx,19579355,8.250825082508251e-05,1,0,0.0,0.0,0.00011363935784764363,0.0,0.0002811863897576984
2057,graykode,10525011,8.250825082508251e-05,1,0,0.0,0.0,0.0001162415167872602,0.0,0.0009841523641519443
2058,nullivex,2321375,0.00024752475247524753,2,1,5.986215420346992e-07,0.18687172966340002,0.00011743147171111695,1.0,0.0023517659287516485
2059,thammarith,8011543,8.250825082508251e-05,1,0,0.0,0.0,0.00011415978963556695,0.0,0.00042177958463654756
2060,sowrabhinertia,37259884,8.250825082508251e-05,1,0,0.0,0.0,0.00011520065321141358,0.0,0.000702965974394246
2061,arunkumar413,7776779,8.250825082508251e-05,1,0,0.0,0.0,0.00011520065321141358,0.0,0.000702965974394246
2062,deckchairlabs,7539725,8.250825082508251e-05,1,0,0.0,0.0,0.00011728238036310684,0.0,0.0012653387539096428
2063,koolamusic,8960757,8.250825082508251e-05,1,0,0.0,0.0,0.0001162415167872602,0.0,0.0009841523641519443
2064,stephenh,6401,0.00016501650165016502,2,0,0.0,0.0,0.00011847233528696358,1.0,0.002632952318509347
2065,kfrajtak,1510452,8.250825082508251e-05,1,0,0.0,0.0,0.0001193641075148001,0.0,0.0018277115334250395
2066,bifot,5220114,0.00016501650165016502,2,0,0.0,0.0,0.00011795190349904027,1.0,0.0024923591236304977
2067,maikelmclauflin,4896982,0.00016501650165016502,2,0,0.0,0.0,0.00011482931277150037,1.0,0.0016487999543574024
2068,ils-sapnaj,31530583,0.00016501650165016502,2,0,0.0,0.0,0.00013271708607486314,1.0,0.0015523863683006589
2069,akhileshbhople,42931328,8.250825082508251e-05,1,0,0.0,0.0,0.00011728238036310684,0.0,0.0012653387539096428
2070,jamalabo1,25992049,0.00016501650165016502,2,0,0.0,0.0,0.00013687777990021763,1.0,0.0023946377826388914
2071,BigFax,1742288,0.0005775577557755776,7,0,0.0,0.0,0.000679766736114045,0.09523809523809523,0.0035865263015006327
2072,bhaveshvyas007,24381393,8.250825082508251e-05,1,0,0.0,0.0,0.0001162415167872602,0.0,0.0009841523641519443
2073,Hoishin,28832095,8.250825082508251e-05,1,0,0.0,0.0,0.00011780281215103015,0.0,0.001405931948788492
2074,zrfrank,27864196,0.00016501650165016502,2,0,0.0,0.0,0.00013063535892316987,1.0,0.000990013588785262
2075,shobhitmshr002,5319187,0.00016501650165016502,2,0,0.0,0.0,0.0001186214266349737,1.0,0.003719379493351353
2076,renebaudisch,15980546,0.00016501650165016502,2,0,0.0,0.0,0.0001176782717671647,1.0,0.004839750038043301
2077,brandon-d-mckay,25052651,0.00016501650165016502,2,0,0.0,0.0,0.00011639060813527032,1.0,0.00207057953899395
2078,pociej,3854675,8.250825082508251e-05,1,0,0.0,0.0,0.00011520065321141358,0.0,0.000702965974394246
2079,mnjdby,16240765,0.0,0,0,0.0,0.0,0.000112598494271797,0.0,0.0
2080,mkiddTempus,39068509,0.00016501650165016502,2,0,0.0,0.0,0.00012085112057829854,1.0,0.001660330100648523
2081,RDJ14,16528494,8.250825082508251e-05,1,0,0.0,0.0,0.00011520065321141358,0.0,0.000702965974394246
2082,Wqrld,13834197,8.250825082508251e-05,1,0,0.0,0.0,0.00011351342953366609,0.0,5.310256194433607e-05
2083,aabb11sdio,44023750,8.250825082508251e-05,1,0,0.0,0.0,0.00011557338158143886,0.0,0.0034190339114992608
2084,amitguptagwl,7692328,8.250825082508251e-05,1,0,0.0,0.0,0.00011728238036310684,0.0,0.0012653387539096428
2085,niftylettuce,523141,0.0008250825082508251,3,7,0.00031700246723823013,0.2318155633799139,0.00014067250464132346,0.3611111111111111,0.0029821054500125672
2086,saiumesh-apty,35692863,8.250825082508251e-05,1,0,0.0,0.0,0.00011728238036310684,0.0,0.0012653387539096428
2087,prdk0,1553889,0.00016501650165016502,2,0,0.0,0.0,0.00021090941120362156,0.0,0.000702965974394246
2088,AlexandreUser,41487654,8.250825082508251e-05,1,0,0.0,0.0,0.00011520065321141358,0.0,0.000702965974394246
2089,nimit95,14093420,8.250825082508251e-05,1,0,0.0,0.0,0.00011534330005740428,0.0,0.00015930768583300822
2090,micophilip,3325832,0.00041254125412541255,5,0,0.0,0.0,0.0002601225086943615,0.3,0.0035635282068659565
2091,m-majetic,36574853,0.00024752475247524753,3,0,0.0,0.0,0.00021849363893056817,0.3333333333333333,0.004844125052382146
2092,MvRens,3259652,8.250825082508251e-05,1,0,0.0,0.0,0.00011832324393895347,0.0,0.0015465251436673412
2093,adamgiacomelli,8747447,0.00033003300330033004,4,0,0.0,0.0,0.00022746683557868015,0.5,0.0026466333436778334
2094,aguyinmontreal,19701656,8.250825082508251e-05,1,0,0.0,0.0,0.00011520065321141358,0.0,0.000702965974394246
2095,bajtos,1140553,0.0005775577557755776,4,3,9.14227406085186e-06,0.1920621857351651,0.0001530798813921634,0.6,0.004962079397747519
2096,rochdev,1596303,8.250825082508251e-05,1,0,0.0,0.0,0.0001193641075148001,0.0,0.0018277115334250395
2097,CubecCubehead,43249517,8.250825082508251e-05,1,0,0.0,0.0,0.00011520065321141358,0.0,0.000702965974394246
2098,b72,9383665,8.250825082508251e-05,1,0,0.0,0.0,0.00011520065321141358,0.0,0.000702965974394246
2099,mycrl,24816571,8.250825082508251e-05,1,0,0.0,0.0,0.00011884367572687678,0.0,0.0016871183385461903
2100,brewster1134,217428,0.00016501650165016502,2,0,0.0,0.0,0.00021128213957364683,0.0,0.0034190339114992608
2101,Songbird0,13397428,8.250825082508251e-05,1,0,0.0,0.0,0.00011520065321141358,0.0,0.000702965974394246
2102,tprus,122964,0.0,0,0,0.0,0.0,0.000112598494271797,0.0,0.0
2103,zhuyujiess,34830512,0.00024752475247524753,3,0,0.0,0.0,0.00021232300314949346,0.3333333333333333,0.0037002203012569588
2104,KD33,25203566,8.250825082508251e-05,1,0,0.0,0.0,0.0001162415167872602,0.0,0.0009841523641519443
2105,sadikhasanpalsaniya,5129076,8.250825082508251e-05,1,0,0.0,0.0,0.00011676333650529561,0.0,0.004786647476098965
2106,SridharRamasami,34117222,8.250825082508251e-05,1,0,0.0,0.0,0.00011557338158143886,0.0,0.0034190339114992608
2107,stenalpjolly,8219855,8.250825082508251e-05,1,0,0.0,0.0,0.00011728238036310684,0.0,0.0012653387539096428
2108,einarmagnus,15872,8.250825082508251e-05,1,0,0.0,0.0,0.00011832324393895347,0.0,0.0015465251436673412
2109,sogaani,20137651,0.0024752475247524753,29,1,1.3386621476379122e-06,0.00016501650165016502,0.0020035876490311637,0.03218390804597701,0.004707152809846224
2110,amerej,19491145,0.0,0,0,0.0,0.0,0.000112598494271797,0.0,0.0
2111,kmccmk9,678335,8.250825082508251e-05,1,0,0.0,0.0,0.00011557338158143886,0.0,0.0034190339114992608
2112,Weipengzhou,13349980,0.00024752475247524753,3,0,0.0,0.0,0.00013583707246869,1.0,0.002378035145130491
2113,beneiltis,1519429,0.00033003300330033004,4,0,0.0,0.0,0.0004617784942231126,0.5,0.007856622620994238
2114,zzl81cn,6045659,8.250825082508251e-05,1,0,0.0,0.0,0.00011557338158143886,0.0,0.0034190339114992608
2115,sp90,3041602,0.0,0,0,0.0,0.0,0.000112598494271797,0.0,0.0
2116,PiyushVB7,26825634,8.250825082508251e-05,1,0,0.0,0.0,0.00011557338158143886,0.0,0.0034190339114992608
2117,nitinbhola27,30955423,0.00024752475247524753,3,0,0.0,0.0,0.0001256109402737255,1.0,0.007130784359047339
2118,treeternity,37818908,8.250825082508251e-05,1,0,0.0,0.0,0.00011557338158143886,0.0,0.0034190339114992608
2119,arash-hacker,6451804,0.00016501650165016502,2,0,0.0,0.0,0.00012598254408737228,1.0,0.006139002949092122
2120,loganripplinger,31484824,0.00024752475247524753,3,0,0.0,0.0,0.00012411103820618826,1.0,0.004037994865017369
2121,gilfuser,9404458,8.250825082508251e-05,1,0,0.0,0.0,0.00011520065321141358,0.0,0.000702965974394246
2122,ameerthehacker,15448192,0.00033003300330033004,4,0,0.0,0.0,0.00021301430138934738,0.5,0.0021236821009382864
2123,frederikhors,41120635,0.00033003300330033004,4,0,0.0,0.0,0.00013059128569664798,1.0,0.002137363126106773
2124,vforv,10942178,8.250825082508251e-05,1,0,0.0,0.0,0.00012300713003026331,0.0,0.002811863897576984
2125,acham1,13604807,8.250825082508251e-05,1,0,0.0,0.0,0.00011520065321141358,0.0,0.000702965974394246
2126,sagitsofan,1827994,8.250825082508251e-05,1,0,0.0,0.0,0.00011728238036310684,0.0,0.0012653387539096428
2127,amitzur,394320,0.00033003300330033004,4,0,0.0,0.0,0.00022136437303015298,0.5,0.005231516566028518
2128,The-Code-Monkey,31218527,0.00016501650165016502,2,0,0.0,0.0,0.00011794545899702086,1.0,0.0008622736602272542
2129,arifjaunpur,16599530,8.250825082508251e-05,1,0,0.0,0.0,0.00011520065321141358,0.0,0.000702965974394246
2130,NookieGrey,8101311,8.250825082508251e-05,1,0,0.0,0.0,0.00011557338158143886,0.0,0.0034190339114992608
2131,guyisra,1073521,8.250825082508251e-05,1,0,0.0,0.0,0.00011728238036310684,0.0,0.0012653387539096428
2132,mks11,1414252,8.250825082508251e-05,1,0,0.0,0.0,0.00011520065321141358,0.0,0.000702965974394246
2133,siwalikm,20061595,0.00016501650165016502,2,0,0.0,0.0,0.00021455243371908475,0.0,0.0016871183385461903
2134,ahmadraza-gh,23386374,8.250825082508251e-05,1,0,0.0,0.0,0.00011557338158143886,0.0,0.0034190339114992608
2135,AlbertHambardzumyan,11527341,0.00016501650165016502,2,0,0.0,0.0,0.00011507472489743604,1.0,0.0004748821465808837
2136,maxcbc,11778762,0.00041254125412541255,5,0,0.0,0.0,0.00023832163353936268,0.5,0.010886282655088191
2137,Gtstride,34355632,8.250825082508251e-05,1,0,0.0,0.0,0.00011557338158143886,0.0,0.0034190339114992608
2138,robin-chilliapple,17025274,8.250825082508251e-05,1,0,0.0,0.0,0.00011520065321141358,0.0,0.000702965974394246
2139,papac,9353811,0.00016501650165016502,2,0,0.0,0.0,0.00012912611420067674,1.0,0.0007055459754036224
2140,nove1398,2650410,8.250825082508251e-05,1,0,0.0,0.0,0.00011557338158143886,0.0,0.0034190339114992608
2141,Odka33,22498710,0.00016501650165016502,2,0,0.0,0.0,0.00021247209449750358,0.0,0.004786647476098965
2142,liljosi,28731155,8.250825082508251e-05,1,0,0.0,0.0,0.00011520065321141358,0.0,0.000702965974394246
2143,sonaskyla12,39699010,8.250825082508251e-05,1,0,0.0,0.0,0.00011557338158143886,0.0,0.0034190339114992608
2144,kriston13,1905786,8.250825082508251e-05,1,0,0.0,0.0,0.00011378844919565374,0.0,0.0013676135645997042
2145,0xff00ff,669518,0.00016501650165016502,2,0,0.0,0.0,0.00011639060813527032,1.0,0.00207057953899395
2146,aminub,16509395,0.00016501650165016502,2,0,0.0,0.0,0.00012441986079349024,1.0,0.002055321447387403
2147,howtoclient,15077303,8.250825082508251e-05,1,0,0.0,0.0,0.00013133403863703635,0.0,0.005061355015638571
2148,sehbas04,39954470,0.00016501650165016502,2,0,0.0,0.0,0.00013092986378487848,0.0,0.0027352271291994083
2149,LinusU,189580,0.010561056105610561,6,122,0.0010695015928434558,0.2698421753076654,0.00029869931817942295,0.023365079365079366,0.011574970735269701
2150,greysteil,1144873,0.00024752475247524753,3,0,0.0,0.0,0.0001220357555565144,1.0,0.005105707548905216
2151,willowiscool,4335566,0.00016501650165016502,2,0,0.0,0.0,0.00011639060813527032,1.0,0.00207057953899395
2152,officer-rosmarino,7102152,0.00016501650165016502,2,0,0.0,0.0,0.0001247390663379796,0.0,0.004786647476098965
2153,georgioupanayiotis,1752156,8.250825082508251e-05,1,0,0.0,0.0,0.00012144583466649336,0.0,0.002390084312940437
2154,rsinensis,6966865,8.250825082508251e-05,1,0,0.0,0.0,0.00011520065321141358,0.0,0.000702965974394246
2155,c0debreaker,3783931,8.250825082508251e-05,1,0,0.0,0.0,0.00011520065321141358,0.0,0.000702965974394246
2156,canterberry,4053794,0.00016501650165016502,2,0,0.0,0.0,0.0001186214266349737,1.0,0.003719379493351353
2157,thedjdoorn,10856000,8.250825082508251e-05,1,0,0.0,0.0,0.0001162415167872602,0.0,0.0009841523641519443
2158,lakruzz,155492,8.250825082508251e-05,1,0,0.0,0.0,0.00011728238036310684,0.0,0.0012653387539096428
2159,cjrutherford,9447239,8.250825082508251e-05,1,0,0.0,0.0,0.00011468022142349027,0.0,0.0005623727795153968
2160,NextZeus,10203487,0.00024752475247524753,3,0,0.0,0.0,0.0002303558755370412,0.3333333333333333,0.001010421580530787
2161,yzfdjzwl,21030370,8.250825082508251e-05,1,0,0.0,0.0,0.00011363935784764363,0.0,0.0002811863897576984
2162,csvn,8770194,8.250825082508251e-05,1,0,0.0,0.0,0.00011520065321141358,0.0,0.000702965974394246
2163,ReExia,22864474,8.250825082508251e-05,1,0,0.0,0.0,0.00011378844919565374,0.0,0.0013676135645997042
2164,vdegenne,2827383,0.00024752475247524753,3,0,0.0,0.0,0.00021053807076370834,0.3333333333333333,0.0016487999543574024
2165,EleosOS,24414799,0.0005775577557755776,7,0,0.0,0.0,0.0006944176755481929,0.0,0.006157486041960389
2166,yiakwy,8510840,0.00016501650165016502,2,0,0.0,0.0,0.00021090941120362156,0.0,0.000702965974394246
2167,JesterXL,424737,0.00016501650165016502,2,0,0.0,0.0,0.00011706013127120375,1.0,0.003297599908714805
2168,felixbuenemann,909587,0.00024752475247524753,3,0,0.0,0.0,0.00021109133696387632,0.0,0.005061355015638571
2169,ORESoftware,11139560,0.0009075907590759076,11,0,0.0,0.0,0.0009413695392926011,0.12727272727272726,0.01275840439707202
2170,cjpatoilo,1542831,8.250825082508251e-05,1,0,0.0,0.0,0.00011520065321141358,0.0,0.000702965974394246
2171,siyangqiu,6004624,0.00016501650165016502,2,0,0.0,0.0,0.0001481444361179962,0.0,0.0009841523641519443
2172,ImTotallyNotMessi,29573484,8.250825082508251e-05,1,0,0.0,0.0,0.00011557338158143886,0.0,0.0034190339114992608
2173,tonyspb,1548340,0.00024752475247524753,3,0,0.0,0.0,0.00012013133935877117,1.0,0.004456288837595541
2174,keyiis,7766085,0.00016501650165016502,2,0,0.0,0.0,0.0001189927670748869,1.0,0.0027735455133881958
2175,anuradhag,4667339,0.00016501650165016502,2,0,0.0,0.0,0.00011758056305912707,1.0,0.0034381931035936545
2176,AlbuquerqueRafael,13631723,8.250825082508251e-05,1,0,0.0,0.0,0.00011520065321141358,0.0,0.000702965974394246
2177,matt212,1698139,8.250825082508251e-05,1,0,0.0,0.0,0.00011520065321141358,0.0,0.000702965974394246
2178,leoyli,8866555,8.250825082508251e-05,1,0,0.0,0.0,0.00011520065321141358,0.0,0.000702965974394246
2179,slim-hmidi,31925861,8.250825082508251e-05,1,0,0.0,0.0,0.00011728238036310684,0.0,0.0012653387539096428
2180,gijo-varghese,23092846,8.250825082508251e-05,1,0,0.0,0.0,0.00011728238036310684,0.0,0.0012653387539096428
2181,auahmed,4032097,8.250825082508251e-05,1,0,0.0,0.0,0.00012352756181818663,0.0,0.0029524570924558333
2182,botaniQQQ,3118010,0.00024752475247524753,3,0,0.0,0.0,0.00021328932105133506,0.3333333333333333,0.0034381931035936545
2183,chatoo2412,3435149,0.00016501650165016502,2,0,0.0,0.0,0.00011611558847328267,1.0,0.0007560685363385821
2184,rosano,1680612,8.250825082508251e-05,1,0,0.0,0.0,0.0001162415167872602,0.0,0.0009841523641519443
2185,AbdelrahmanHafez,19984935,8.250825082508251e-05,1,0,0.0,0.0,0.000160452873267901,0.0,0.0
2186,Jtaks,6249932,8.250825082508251e-05,1,0,0.0,0.0,0.00011363935784764363,0.0,0.0002811863897576984
2187,edahlseng,6352776,0.00016501650165016502,2,0,0.0,0.0,0.00011639060813527032,1.0,0.00207057953899395
2188,GuyMograbi,287367,0.00016501650165016502,2,0,0.0,0.0,0.00011743147171111695,1.0,0.0023517659287516485
2189,waffledonkey,12648350,8.250825082508251e-05,1,0,0.0,0.0,0.00011520065321141358,0.0,0.000702965974394246
2190,zionts,6365997,0.00016501650165016502,2,0,0.0,0.0,0.00011743147171111695,1.0,0.0023517659287516485
2191,danilohgds,12349622,8.250825082508251e-05,1,0,0.0,0.0,0.0001162415167872602,0.0,0.0009841523641519443
2192,czaarek99,8447807,0.0009075907590759076,5,6,3.880029978556091e-06,0.0010561056105610562,0.0003774531800143667,0.2,0.03699713091140812
2193,luca-viggiani,25035914,0.00033003300330033004,4,0,0.0,0.0,0.0003600907283579485,0.16666666666666666,0.0008726979287214656
2194,AbhimanyuAryan,8083613,0.00016501650165016502,2,0,0.0,0.0,0.00021090941120362156,0.0,0.000702965974394246
2195,nacimgoura,9990521,8.250825082508251e-05,1,0,0.0,0.0,0.00012040497109064673,0.0,0.002108897923182738
2196,aidenappl,25751249,8.250825082508251e-05,1,0,0.0,0.0,0.00011520065321141358,0.0,0.000702965974394246
2197,georgyfarniev,28708635,8.250825082508251e-05,1,0,0.0,0.0,0.00011520065321141358,0.0,0.000702965974394246
2198,0505gonzalez,719669,0.0,0,0,0.0,0.0,0.000112598494271797,0.0,0.0
2199,nvlled,916556,8.250825082508251e-05,1,0,0.0,0.0,0.00011363935784764363,0.0,0.0002811863897576984
2200,drsmog,7422971,0.0004950495049504951,6,0,0.0,0.0,0.0004989506204421146,0.06666666666666667,0.0007560685363385821
2201,songzhuang,12578871,8.250825082508251e-05,1,0,0.0,0.0,0.00011780281215103015,0.0,0.001405931948788492
2202,davidbayo10,6841248,8.250825082508251e-05,1,0,0.0,0.0,0.00011520065321141358,0.0,0.000702965974394246
2203,nitzanav,1374797,8.250825082508251e-05,1,0,0.0,0.0,0.00011557338158143886,0.0,0.0034190339114992608
2204,moecre,1425946,0.00024752475247524753,3,0,0.0,0.0,0.00016320412355552767,0.3333333333333333,0.0017893931492362518
2205,James2516,25133127,0.00024752475247524753,3,0,0.0,0.0,0.0001698631672973893,1.0,0.00224031149332117
2206,achirashamal,28665549,0.00016501650165016502,2,0,0.0,0.0,0.00021619070523464965,1.0,0.006169946562089109
2207,nickgrealy,1669373,8.250825082508251e-05,1,0,0.0,0.0,0.00011520065321141358,0.0,0.000702965974394246
2208,FarhanMS123,16165479,0.00016501650165016502,2,0,0.0,0.0,0.00011911225088684503,1.0,0.0013715438777983152
2209,logig,15779888,8.250825082508251e-05,1,0,0.0,0.0,0.00011378844919565374,0.0,0.0013676135645997042
2210,pubmikeb,17231333,8.250825082508251e-05,1,0,0.0,0.0,0.00011580076768833882,0.0,0.00018585896680517624
2211,teddy-owen,21692984,0.00016501650165016502,2,0,0.0,0.0,0.00016971407594937917,1.0,0.001153884318479164
2212,trouve-antoine,7144597,0.00016501650165016502,2,0,0.0,0.0,0.0002119502747794682,0.0,0.0009841523641519443
2213,donovan-graham,1104135,8.250825082508251e-05,1,0,0.0,0.0,0.00011520065321141358,0.0,0.000702965974394246
2214,bertolo1988,4508759,0.00016501650165016502,1,1,0.0,0.2412389602652763,0.0001162415167872602,0.0,0.0009841523641519443
2215,kevinkassimo,15007517,0.0004950495049504951,1,5,9.668403711141868e-06,0.0011001100110011,0.00011468022142349027,0.4,0.0005623727795153968
2216,El-Mahbub,20553210,8.250825082508251e-05,1,0,0.0,0.0,0.0001162415167872602,0.0,0.0009841523641519443
2217,patrickhulce,2301202,8.250825082508251e-05,1,0,0.0,0.0,0.00011676194857518352,0.0,0.0011247455590307936
2218,cwervo,5826638,8.250825082508251e-05,1,0,0.0,0.0,0.00011520065321141358,0.0,0.000702965974394246
2219,jwerre,747587,0.00016501650165016502,1,1,0.0,0.1992281979345308,0.0001162415167872602,1.0,0.0009841523641519443
2220,shesek,877904,0.0009900990099009901,3,9,1.6453083671016936e-05,0.20346488819526862,0.00013650099849329985,0.3484848484848485,0.002222513494784434
2221,jvaldezch,605927,8.250825082508251e-05,1,0,0.0,0.0,0.00011557338158143886,0.0,0.0034190339114992608
2222,hakankaraduman,8139393,0.00016501650165016502,2,0,0.0,0.0,0.00011639060813527032,1.0,0.00207057953899395
2223,RonanQuigley,33596237,0.00016501650165016502,2,0,0.0,0.0,0.00012620565436192034,1.0,0.007860538571339254
2224,drewjenkins,5521743,8.250825082508251e-05,1,0,0.0,0.0,0.00012040497109064673,0.0,0.002108897923182738
2225,thevoidf,16736836,0.00016501650165016502,2,0,0.0,0.0,0.00012340163350420909,1.0,0.0027243732646424707
2226,shipagency,36870314,8.250825082508251e-05,1,0,0.0,0.0,0.0001162415167872602,0.0,0.0009841523641519443
2227,daolou,22312092,0.00016501650165016502,2,0,0.0,0.0,0.00011709348789214053,1.0,0.0009232130121895992
2228,cheapsteak,743976,8.250825082508251e-05,1,0,0.0,0.0,0.00011832324393895347,0.0,0.0015465251436673412
2229,macqbat,338931,8.250825082508251e-05,1,0,0.0,0.0,0.00011520065321141358,0.0,0.000702965974394246
2230,antho227,1122304,0.00016501650165016502,2,0,0.0,0.0,0.00011534974455942369,1.0,0.0017893931492362518
2231,erictraub,16905822,8.250825082508251e-05,1,0,0.0,0.0,0.00011520065321141358,0.0,0.000702965974394246
2232,gajananpp,16310205,0.00016501650165016502,1,1,3.1256932127742067e-06,0.00016501650165016502,0.00011468022142349027,0.0,0.0005623727795153968
2233,jingsong-liu,10648096,0.00016501650165016502,2,0,0.0,0.0,0.00017408445825943923,1.0,0.0004660257905890842
2234,pradeepnidiganti,16553048,0.00041254125412541255,5,0,0.0,0.0,0.0004048559283837611,0.1,0.00452462027843566
2235,pd4d10,9524411,0.00016501650165016502,2,0,0.0,0.0,0.00012048090469476387,1.0,0.006314013427671911
2236,coreyperkins,429696,8.250825082508251e-05,1,0,0.0,0.0,0.000144501413602533,0.0,0.0
2237,boycce,2629988,0.00033003300330033004,3,1,0.0001026212540382607,0.17501261586514033,0.0002678438085246325,0.6666666666666666,0.042451534230422326
2238,v1adko,11582927,8.250825082508251e-05,1,0,0.0,0.0,0.00011468022142349027,0.0,0.0005623727795153968
2239,caaker,22432973,0.00016501650165016502,2,0,0.0,0.0,0.00012694833524174673,1.0,0.0059688706114129405
2240,lgund,13957661,8.250825082508251e-05,1,0,0.0,0.0,0.00011378844919565374,0.0,0.0013676135645997042
2241,xmaop,1951444,0.0,0,0,0.0,0.0,0.000112598494271797,0.0,0.0
2242,kibertoad,1847934,0.0007425742574257426,5,4,0.0002111706544966829,0.2558243999670075,0.00034288940611625513,0.19047619047619047,0.010314579310780963
2243,DanielRLevine,30180488,0.00024752475247524753,3,0,0.0,0.0,0.00023363612632163925,0.3333333333333333,0.0003285066448799135
2244,williamolojede,23551907,8.250825082508251e-05,1,0,0.0,0.0,0.00011520065321141358,0.0,0.000702965974394246
2245,madhavanmalolan,2111253,8.250825082508251e-05,1,0,0.0,0.0,0.00011363935784764363,0.0,0.0002811863897576984
2246,markfermor,428098,8.250825082508251e-05,1,0,0.0,0.0,0.00011468022142349027,0.0,0.0005623727795153968
2247,WORMSS,1384537,0.0006600660066006601,6,2,4.159618329031639e-06,0.00033003300330033004,0.00018298102957386812,0.39285714285714285,0.02432406606804472
2248,Osslack,4053015,8.250825082508251e-05,1,0,0.0,0.0,0.0001162415167872602,0.0,0.0009841523641519443
2249,do-web,862783,8.250825082508251e-05,1,0,0.0,0.0,0.00011520065321141358,0.0,0.000702965974394246
2250,nickydonna,1228656,0.0008250825082508251,10,0,0.0,0.0,0.0007970040799885094,0.06666666666666667,0.016674035805468276
2251,simonl65,14094202,0.00024752475247524753,3,0,0.0,0.0,0.00030584588077995115,0.0,0.00010620512388867214
2252,Ferrus91,6558072,8.250825082508251e-05,1,0,0.0,0.0,0.00011378844919565374,0.0,0.0013676135645997042
2253,01Kuzma,569504,8.250825082508251e-05,1,0,0.0,0.0,0.00011676333650529561,0.0,0.004786647476098965
2254,shahraZd,35964511,0.00016501650165016502,2,0,0.0,0.0,0.00021247209449750358,0.0,0.004786647476098965
2255,rscharfer,4295997,0.00041254125412541255,5,0,0.0,0.0,0.00033971104345042227,0.1,0.00207057953899395
2256,mikely-fernanda,9144567,0.00016501650165016502,2,0,0.0,0.0,0.00011653969948328044,1.0,0.0031570067138359556
2257,MariusAlba,10845997,8.250825082508251e-05,1,0,0.0,0.0,0.00011520065321141358,0.0,0.000702965974394246
2258,estrada9166,15656860,0.00033003300330033004,4,0,0.0,0.0,0.00026706167780625597,0.6666666666666666,0.008268535757190814
2259,jmulet,5049732,8.250825082508251e-05,1,0,0.0,0.0,0.00011520065321141358,0.0,0.000702965974394246
2260,nitikabhanot,24915475,0.00033003300330033004,4,0,0.0,0.0,0.00038438514247140723,0.16666666666666666,0.0008145576327040719
2261,ImranMH,11268532,0.00016501650165016502,2,0,0.0,0.0,0.00012694199886853648,0.0,0.0027352271291994083
2262,kant,32717,0.00016501650165016502,2,0,0.0,0.0,0.00011743147171111695,1.0,0.0023517659287516485
2263,bradvogel,821706,0.00033003300330033004,4,0,0.0,0.0,0.00023005939520064658,0.16666666666666666,0.005751640648156515
2264,brachael,32996487,8.250825082508251e-05,1,0,0.0,0.0,0.00011378844919565374,0.0,0.0013676135645997042
2265,oduwareosahon,21036564,0.00024752475247524753,3,0,0.0,0.0,0.00024385319411020419,0.0,0.0009841523641519443
2266,Giancarlo1974,15945433,0.00016501650165016502,2,0,0.0,0.0,0.0001321929764526282,0.0,0.0009841523641519443
2267,mattwoodage,1794057,0.00016501650165016502,2,0,0.0,0.0,0.00011482931277150037,1.0,0.0016487999543574024
2268,aGoncharuks,16766554,8.250825082508251e-05,1,0,0.0,0.0,0.00011468022142349027,0.0,0.0005623727795153968
2269,moltar,491247,0.00016501650165016502,2,0,0.0,0.0,0.00021038897941569825,0.0,0.0005623727795153968
2270,damianperera,15967502,8.250825082508251e-05,1,0,0.0,0.0,0.00011468022142349027,0.0,0.0005623727795153968
2271,Drulac,17110977,0.00016501650165016502,2,0,0.0,0.0,0.00011758056305912707,1.0,0.0034381931035936545
2272,Berkmann18,8260834,8.250825082508251e-05,1,0,0.0,0.0,0.00011728238036310684,0.0,0.0012653387539096428
2273,flxwu,16862997,8.250825082508251e-05,1,0,0.0,0.0,0.00012092540287857005,0.0,0.002249491118061587
2274,sylvio,113960,8.250825082508251e-05,1,0,0.0,0.0,0.00011676194857518352,0.0,0.0011247455590307936
2275,kumarcs,25985488,8.250825082508251e-05,1,0,0.0,0.0,0.00011520065321141358,0.0,0.000702965974394246
2276,stephepush,16627348,0.00016501650165016502,2,0,0.0,0.0,0.000115870176347347,1.0,0.001929986344115101
2277,stevenanthonyrevo,8505293,8.250825082508251e-05,1,0,0.0,0.0,0.00011415978963556695,0.0,0.00042177958463654756
2278,olalonde,416585,0.0007425742574257426,2,7,0.00012184912170041887,0.1940817169148609,0.0001693392480742169,0.25,0.0012775937587041807
2279,ShrawanLakhe,5616157,8.250825082508251e-05,1,0,0.0,0.0,0.00011363935784764363,0.0,0.0002811863897576984
2280,marswong,10388933,0.00016501650165016502,2,0,0.0,0.0,0.0002119502747794682,0.0,0.0009841523641519443
2281,marcus-sa,8391194,0.00033003300330033004,4,0,0.0,0.0,0.0004007656318242676,0.0,0.0002811863897576984
2282,wangfengming,11853824,0.00024752475247524753,3,0,0.0,0.0,0.0002447455277646311,0.3333333333333333,0.005473034259408194
2283,andrewboerema,1569403,0.00033003300330033004,4,0,0.0,0.0,0.0003088489876955329,0.16666666666666666,0.0023517659287516485
2284,miki996,23620141,8.250825082508251e-05,1,0,0.0,0.0,0.00011378844919565374,0.0,0.0013676135645997042
2285,sperlis,675015,8.250825082508251e-05,1,0,0.0,0.0,0.00011363935784764363,0.0,0.0002811863897576984
2286,jiladahe1997,22068145,0.00016501650165016502,2,0,0.0,0.0,0.00021010692199219114,0.0,5.4392562449024255e-05
2287,igorprado,2054758,8.250825082508251e-05,1,0,0.0,0.0,0.00011780281215103015,0.0,0.001405931948788492
2288,drnextgis,866124,8.250825082508251e-05,1,0,0.0,0.0,0.00011572108499933689,0.0,0.0008435591692730951
2289,Getz85,5981479,0.0,0,0,0.0,0.0,0.000112598494271797,0.0,0.0
2290,ajxs,11038167,0.00016501650165016502,2,0,0.0,0.0,0.0001392395748748646,0.0,0.0005780583009058358
2291,GithubRyze,10280935,8.250825082508251e-05,1,0,0.0,0.0,0.00011520065321141358,0.0,0.000702965974394246
2292,brunoscopelliti,3489757,0.00016501650165016502,1,1,0.0,0.13660366998238285,0.0001162415167872602,1.0,0.0009841523641519443
2293,GianCastle,6842883,8.250825082508251e-05,1,0,0.0,0.0,0.00011520065321141358,0.0,0.000702965974394246
2294,mnezh,29859919,8.250825082508251e-05,1,0,0.0,0.0,0.00011676194857518352,0.0,0.0011247455590307936
2295,Dutch-TS-Dev,19747468,0.00024752475247524753,3,0,0.0,0.0,0.0003055773056199829,0.0,0.00042177958463654756
2296,iconoeugen,3206281,0.00041254125412541255,5,0,0.0,0.0,0.0003817146783149103,0.3,0.006881747390539206
2297,bluzi,13808883,0.00024752475247524753,3,0,0.0,0.0,0.0002211717314743019,0.3333333333333333,0.009752206531265566
2298,shoaib086,32226195,0.00024752475247524753,3,0,0.0,0.0,0.00030661816919582953,0.0,0.000702965974394246
2299,lloydst,29729189,8.250825082508251e-05,1,0,0.0,0.0,0.00011468022142349027,0.0,0.0005623727795153968
2300,tomasruud,5978545,0.00016501650165016502,2,0,0.0,0.0,0.00011807138731099839,1.0,0.0010903574880406167
2301,txiaocao,3929991,0.00016501650165016502,2,0,0.0,0.0,0.00021090941120362156,0.0,0.000702965974394246
2302,duqigit,25985156,0.00016501650165016502,2,0,0.0,0.0,0.00021299113835531483,0.0,0.0012653387539096428
2303,Janpot,2109932,0.00024752475247524753,3,0,0.0,0.0,0.0003214963844623696,0.0,0.0036979463302470508
2304,svenyonson,369966,8.250825082508251e-05,1,0,0.0,0.0,0.000144501413602533,0.0,0.0
2305,swtpumpkin,30548814,8.250825082508251e-05,1,0,0.0,0.0,0.00011884367572687678,0.0,0.0016871183385461903
2306,itsacorn,13553020,8.250825082508251e-05,1,0,0.0,0.0,0.00011728238036310684,0.0,0.0012653387539096428
2307,WOOOFEI,21849553,8.250825082508251e-05,1,0,0.0,0.0,0.00011363935784764363,0.0,0.0002811863897576984
2308,rustyforeal,28752347,0.00016501650165016502,2,0,0.0,0.0,0.0001266377681274945,1.0,0.0015390099510446122
2309,dengchq,8044658,8.250825082508251e-05,1,0,0.0,0.0,0.00012143345024826135,0.0,0.0001330780022561203
2310,jimczj,13499146,8.250825082508251e-05,1,0,0.0,0.0,0.00011520065321141358,0.0,0.000702965974394246
2311,uttampawar,8977402,0.00033003300330033004,4,0,0.0,0.0,0.00021739541813873653,0.0,0.004881435114200644
2312,ps1dr3x,10249616,8.250825082508251e-05,1,0,0.0,0.0,0.00011832324393895347,0.0,0.0015465251436673412
2313,czjs2,3423319,0.00024752475247524753,3,0,0.0,0.0,0.0002412528698831468,0.3333333333333333,0.0005714797189123057
2314,arb,1591483,0.00024752475247524753,3,0,0.0,0.0,0.00016476541891929762,0.3333333333333333,0.0022111727338727993
2315,SachinBhandari,17112076,0.0,0,0,0.0,0.0,0.000112598494271797,0.0,0.0
2316,fpereira1,868423,0.00016501650165016502,2,0,0.0,0.0,0.00021247209449750358,0.0,0.004786647476098965
2317,wildfire0304,20740658,8.250825082508251e-05,1,0,0.0,0.0,0.00011520065321141358,0.0,0.000702965974394246
2318,rucas,2831131,0.00016501650165016502,2,0,0.0,0.0,0.00011592669600231637,1.0,0.0004139427946185386
2319,dalau6,8286913,8.250825082508251e-05,1,0,0.0,0.0,0.00011520065321141358,0.0,0.000702965974394246
2320,changhe3,14080480,8.250825082508251e-05,1,0,0.0,0.0,0.00011520065321141358,0.0,0.000702965974394246
2321,yaman-jain,2263673,0.00024752475247524753,3,0,0.0,0.0,0.00016870662413078107,0.3333333333333333,0.0053681794477087545
2322,ThomasPCG,25073827,0.00016501650165016502,0,2,0.0,0.00033003300330033004,0.000112598494271797,0.0,0.0
2323,saadtazi,168223,8.250825082508251e-05,1,0,0.0,0.0,0.00011520065321141358,0.0,0.000702965974394246
2324,krishankumar-arch,15267500,0.00016501650165016502,1,1,0.0,0.00016501650165016502,0.0001162415167872602,1.0,0.0009841523641519443
2325,SayakMukhopadhyay,13748882,8.250825082508251e-05,1,0,0.0,0.0,0.00011780281215103015,0.0,0.001405931948788492
2326,yantrab,12247800,0.00024752475247524753,3,0,0.0,0.0,0.00011968432868847439,1.0,0.0011510598830774621
2327,omeiths,33085893,0.00033003300330033004,4,0,0.0,0.0,0.0003309180870639068,0.0,0.0034190339114992608
2328,ksmithut,1906967,0.00016501650165016502,2,0,0.0,0.0,0.00012060112646743657,1.0,0.0017203284747308346
2329,ilyapx,23190616,8.250825082508251e-05,1,0,0.0,0.0,0.0001162415167872602,0.0,0.0009841523641519443
2330,schmod,1102667,0.00041254125412541255,4,1,8.170482009415663e-08,0.00016501650165016502,0.00040440865433973076,0.1,0.0012653387539096428
2331,jeversmann,3188364,0.00024752475247524753,3,0,0.0,0.0,0.0002303558755370412,0.3333333333333333,0.001010421580530787
2332,emarukyan,2195825,0.00016501650165016502,2,0,0.0,0.0,0.00011559515668535936,1.0,0.0006154753414597329
2333,endel,130494,0.0,0,0,0.0,0.0,0.000112598494271797,0.0,0.0
2334,niyazpk,307424,8.250825082508251e-05,1,0,0.0,0.0,0.00011728238036310684,0.0,0.0012653387539096428
2335,rubinovk,2063487,0.00024752475247524753,3,0,0.0,0.0,0.00023191717090081118,0.3333333333333333,0.0014322011651673344
2336,chainhelen,7046329,0.0006600660066006601,2,6,6.9746909894697456e-06,0.0009900990099009901,0.00012992183462127651,0.2857142857142857,0.0057260026058440295
2337,pprzybylski,3024607,8.250825082508251e-05,1,0,0.0,0.0,0.00011728238036310684,0.0,0.0012653387539096428
2338,IamFake,196658,8.250825082508251e-05,1,0,0.0,0.0,0.00011363935784764363,0.0,0.0002811863897576984
2339,davidwood,338661,8.250825082508251e-05,1,0,0.0,0.0,0.0001162415167872602,0.0,0.0009841523641519443
2340,parthsandeep,19333697,0.0,0,0,0.0,0.0,0.000112598494271797,0.0,0.0
2341,panManfredini,7235579,0.00016501650165016502,2,0,0.0,0.0,0.00021038897941569825,0.0,0.0005623727795153968
2342,aitivinayak369,30817938,0.00016501650165016502,2,0,0.0,0.0,0.0002150728655070081,0.0,0.0018277115334250395
2343,mastermsd,9978314,8.250825082508251e-05,1,0,0.0,0.0,0.00011780281215103015,0.0,0.001405931948788492
2344,roccomuso,6730217,0.00016501650165016502,2,0,0.0,0.0,0.00011684163126418546,1.0,0.00046704535656287463
2345,boneskull,924465,0.00016501650165016502,1,1,0.0,0.2412389602652763,0.00011728238036310684,0.0,0.0012653387539096428
2346,momoko8443,4987944,8.250825082508251e-05,1,0,0.0,0.0,0.00011572108499933689,0.0,0.0008435591692730951
2347,MichelAraujo,1559393,0.0004950495049504951,6,0,0.0,0.0,0.0005430733947251881,0.06666666666666667,0.000997030200060013
2348,danez,231804,0.00016501650165016502,2,0,0.0,0.0,0.00021923631981039462,0.0,0.0029524570924558333
2349,muhammadfaizan,5428176,0.00016501650165016502,1,1,0.0,0.00016501650165016502,0.00011363935784764363,1.0,0.0002811863897576984
2350,JaneCoder,3027535,8.250825082508251e-05,1,0,0.0,0.0,0.00012040497109064673,0.0,0.002108897923182738
2351,shime,703563,8.250825082508251e-05,1,0,0.0,0.0,0.00011884367572687678,0.0,0.0016871183385461903
2352,marvinroger,990773,8.250825082508251e-05,1,0,0.0,0.0,0.00011363935784764363,0.0,0.0002811863897576984
2353,ftes,2614732,8.250825082508251e-05,1,0,0.0,0.0,0.0001162415167872602,0.0,0.0009841523641519443
2354,vildevev,22596655,0.0004950495049504951,6,0,0.0,0.0,0.0002776045699136992,0.06666666666666667,0.012476859770763165
2355,PierreM-Dev,3627263,0.00016501650165016502,2,0,0.0,0.0,0.00013063259844513787,1.0,0.0007075194440927005
2356,IbisLiven,16710495,8.250825082508251e-05,1,0,0.0,0.0,0.00011572108499933689,0.0,0.0008435591692730951
2357,Balder8023,16891730,8.250825082508251e-05,1,0,0.0,0.0,0.0001162415167872602,0.0,0.0009841523641519443
2358,JvJefke,6032796,8.250825082508251e-05,1,0,0.0,0.0,0.0001162415167872602,0.0,0.0009841523641519443
2359,iamjochem,792188,8.250825082508251e-05,1,0,0.0,0.0,0.00011363935784764363,0.0,0.0002811863897576984
2360,JavaCS3,4168698,0.00024752475247524753,3,0,0.0,0.0,0.00021314022970332495,0.3333333333333333,0.0023517659287516485
2361,atul-shimpi,13537588,0.00024752475247524753,3,0,0.0,0.0,0.00013525734007172426,0.6666666666666666,0.0007560685363385821
2362,hurkanakbiyik,6627323,8.250825082508251e-05,1,0,0.0,0.0,0.00011520065321141358,0.0,0.000702965974394246
2363,conquistadorjd,14192648,0.00016501650165016502,2,0,0.0,0.0,0.00021090941120362156,0.0,0.000702965974394246
2364,avinash0,6986217,0.00016501650165016502,2,0,0.0,0.0,0.0002138758728216319,1.0,0.001266628754414331
2365,minu7,9499341,8.250825082508251e-05,1,0,0.0,0.0,0.00011520065321141358,0.0,0.000702965974394246
2366,mdcotter,2850976,0.0006600660066006601,8,0,0.0,0.0,0.000744808353906088,0.03571428571428571,0.004931726825049571
2367,yyTopfounder,20643098,8.250825082508251e-05,1,0,0.0,0.0,0.00011520065321141358,0.0,0.000702965974394246
2368,IharKrasnik,2302873,8.250825082508251e-05,1,0,0.0,0.0,0.00011363935784764363,0.0,0.0002811863897576984
2369,JemiloII,5192788,0.00016501650165016502,2,0,0.0,0.0,0.0001466945977054031,1.0,0.001692278340564943
2370,Kurounin,2346482,8.250825082508251e-05,1,0,0.0,0.0,0.00011720809806283534,0.0,0.0006761777364965785
2371,YxxY,16477063,8.250825082508251e-05,1,0,0.0,0.0,0.0001162415167872602,0.0,0.0009841523641519443
2372,alteyss,11177980,8.250825082508251e-05,1,0,0.0,0.0,0.00011351342953366609,0.0,5.310256194433607e-05
2373,jnvm,3313112,8.250825082508251e-05,1,0,0.0,0.0,0.00011520065321141358,0.0,0.000702965974394246
2374,sinbargit,16011848,8.250825082508251e-05,1,0,0.0,0.0,0.00011520065321141358,0.0,0.000702965974394246
2375,vitalkanev,18398761,0.00016501650165016502,2,0,0.0,0.0,0.00014710357254214959,0.0,0.000702965974394246
2376,phanikmr,18280712,8.250825082508251e-05,1,0,0.0,0.0,0.00020830725226400498,0.0,0.0
2377,BitFros7y,2947012,0.00016501650165016502,2,0,0.0,0.0,0.00011611558847328267,1.0,0.0007560685363385821
2378,davedbase,1168397,0.00016501650165016502,2,0,0.0,0.0,0.00021299113835531483,0.0,0.0012653387539096428
2379,lior-amsalem,10909088,0.00016501650165016502,2,0,0.0,0.0,0.00012033068879037522,1.0,0.0015197369057696735
2380,iamjoyce,13122245,8.250825082508251e-05,1,0,0.0,0.0,0.0001193641075148001,0.0,0.0018277115334250395
2381,harttle,4427974,8.250825082508251e-05,1,0,0.0,0.0,0.00011488583242646974,0.0,0.00013275640486084018
2382,RyanJWilliams,5575257,0.00016501650165016502,2,0,0.0,0.0,0.00011559515668535936,1.0,0.0006154753414597329
2383,kirtanshetty,23257639,8.250825082508251e-05,1,0,0.0,0.0,0.0001162415167872602,0.0,0.0009841523641519443
2384,AbdullahAli,1620134,8.250825082508251e-05,1,0,0.0,0.0,0.00011520065321141358,0.0,0.000702965974394246
2385,jamesplease,2322305,8.250825082508251e-05,1,0,0.0,0.0,0.00011572108499933689,0.0,0.0008435591692730951
2386,phouri,5173410,0.0011551155115511551,14,0,0.0,0.0,0.003656027077588885,0.0989010989010989,0.0256104436527248
2387,saos393,26612308,0.00016501650165016502,2,0,0.0,0.0,0.00021038897941569825,0.0,0.0005623727795153968
2388,PiniH,15383013,0.0015676567656765677,18,1,1.238638588117886e-06,0.00016501650165016502,0.001343232962073528,0.05263157894736842,0.005686013110952296
2389,Lysander6,1508880,0.00016501650165016502,2,0,0.0,0.0,0.00011703052373515177,1.0,0.0008091710982829182
2390,yunho1017,22070720,8.250825082508251e-05,1,0,0.0,0.0,0.00011520065321141358,0.0,0.000702965974394246
2391,a-i-joe,19306127,8.250825082508251e-05,1,0,0.0,0.0,0.00011520065321141358,0.0,0.000702965974394246
2392,MuthukumarHelios,17043792,0.0008250825082508251,3,7,9.995222991518495e-06,0.0011551155115511551,0.00016339699880673497,0.2222222222222222,0.0009925373674324175
2393,hxuanhung,11139923,0.00024752475247524753,3,0,0.0,0.0,0.0001605104364560486,1.0,0.0008552461096793804
2394,mik-jozef,13891170,8.250825082508251e-05,1,0,0.0,0.0,0.00011520065321141358,0.0,0.000702965974394246
2395,markg85,49061,0.00024752475247524753,3,0,0.0,0.0,0.0002515901194762556,0.3333333333333333,9.713471717207166e-06
2396,Kivol,2178507,8.250825082508251e-05,1,0,0.0,0.0,0.00011363935784764363,0.0,0.0002811863897576984
2397,khoa162,13297157,0.00016501650165016502,2,0,0.0,0.0,0.00014710357254214959,0.0,0.000702965974394246
2398,raviguru123,15224362,8.250825082508251e-05,1,0,0.0,0.0,0.00011520065321141358,0.0,0.000702965974394246
2399,ankitsny,8553106,0.00016501650165016502,2,0,0.0,0.0,0.00014710357254214959,0.0,0.000702965974394246
2400,joelmukuthu,374638,8.250825082508251e-05,1,0,0.0,0.0,0.00011520065321141358,0.0,0.000702965974394246
2401,chillypepper,19725656,0.00024752475247524753,2,1,3.6313253375180724e-08,0.00016501650165016502,0.00012015311446269166,0.6666666666666666,0.0016527302675560134
2402,danieljamesscott,96025,8.250825082508251e-05,1,0,0.0,0.0,0.00011468022142349027,0.0,0.0005623727795153968
2403,sumnerevans,16734772,8.250825082508251e-05,1,0,0.0,0.0,0.00011468022142349027,0.0,0.0005623727795153968
2404,jordantogether,23552722,0.00016501650165016502,2,0,0.0,0.0,0.00024762305705606526,1.0,0.004075244676314119
2405,Vinno97,9059378,8.250825082508251e-05,1,0,0.0,0.0,0.00012144583466649336,0.0,0.002390084312940437
2406,paulbrie,3997538,0.00024752475247524753,3,0,0.0,0.0,0.00018353154908749126,1.0,0.005054035857114166
2407,chenzx,622927,0.00024752475247524753,1,2,0.0,0.14798730914758143,0.00012248669824234,0.6666666666666666,0.002671270702698135
2408,randomdross,1694025,8.250825082508251e-05,1,0,0.0,0.0,0.00011728238036310684,0.0,0.0012653387539096428
2409,shaunc,193170,8.250825082508251e-05,1,0,0.0,0.0,0.0001193641075148001,0.0,0.0018277115334250395
2410,Nokel81,8225332,8.250825082508251e-05,1,0,0.0,0.0,0.00011988453930272342,0.0,0.0019683047283038887
2411,webIcome,18453264,8.250825082508251e-05,1,0,0.0,0.0,0.00011520065321141358,0.0,0.000702965974394246
2412,lukasoppermann,813754,8.250825082508251e-05,1,0,0.0,0.0,0.00011468022142349027,0.0,0.0005623727795153968
2413,fishfreetaken,14200999,0.00016501650165016502,2,0,0.0,0.0,0.0001790699120880845,1.0,0.001756435948399361
2414,HannibalCJH,9160447,8.250825082508251e-05,1,0,0.0,0.0,0.00011520065321141358,0.0,0.000702965974394246
2415,piperchester,1530684,0.00016501650165016502,2,0,0.0,0.0,0.00011598966015930514,1.0,0.0005279847085252197
2416,RhysC,124152,0.0,0,0,0.0,0.0,0.000112598494271797,0.0,0.0
2417,Extarys,11581433,0.0005775577557755776,7,0,0.0,0.0,0.0005986394876332816,0.23809523809523808,0.0012252859630029673
2418,anu1097,12491812,0.00016501650165016502,2,0,0.0,0.0,0.0001228585654297203,1.0,0.0016335418627508552
2419,nstuyvesant,5770938,0.00024752475247524753,3,0,0.0,0.0,0.00030609773740790624,0.0,0.0005623727795153968
2420,mogwai,5440566,0.00016501650165016502,2,0,0.0,0.0,0.0001316734620209845,1.0,0.000988705833850399
2421,sehrope,1690926,8.250825082508251e-05,1,0,0.0,0.0,0.00011676194857518352,0.0,0.0011247455590307936
2422,raugustin-amplify,9434022,0.00016501650165016502,2,0,0.0,0.0,0.0001327143255968311,1.0,0.0012698922236080972
2423,greatbody,6984599,8.250825082508251e-05,1,0,0.0,0.0,0.00011520065321141358,0.0,0.000702965974394246
2424,VualeVuaLun,26880325,0.00016501650165016502,1,1,0.0,0.00016501650165016502,0.00011520065321141358,1.0,0.000702965974394246
2425,EsrefDurna,1230575,0.00016501650165016502,2,0,0.0,0.0,0.00011807138731099839,1.0,0.0010903574880406167
2426,jaredreich,8563847,8.250825082508251e-05,1,0,0.0,0.0,0.00011363935784764363,0.0,0.0002811863897576984
2427,yeti-detective,16504895,8.250825082508251e-05,1,0,0.0,0.0,0.00011363935784764363,0.0,0.0002811863897576984
2428,rgoupil,5578546,0.00024752475247524753,3,0,0.0,0.0,0.00030609773740790624,0.0,0.0005623727795153968
2429,p3x-robot,28588124,0.00041254125412541255,1,4,1.6340964018831326e-07,0.19065628116288652,0.00012699233640770666,0.2,5.861224633317601e-06
2430,funkyLover,5418228,8.250825082508251e-05,1,0,0.0,0.0,0.00020830725226400498,0.0,0.0
2431,flickz,15707013,0.0004950495049504951,6,0,0.0,0.0,0.0005937444431724535,0.0,0.000702965974394246
2432,kapouer,131406,0.0006600660066006601,7,1,0.00022569468038811946,0.19051682191951314,0.00022145811098305638,0.4642857142857143,0.005250646752385401
2433,andehwong,9190445,8.250825082508251e-05,1,0,0.0,0.0,0.00011520065321141358,0.0,0.000702965974394246
2434,CalogeroMandracchia,15971959,0.00024752475247524753,3,0,0.0,0.0,0.0003161621902578417,0.3333333333333333,0.0015616896249992167
2435,wzup,3880497,8.250825082508251e-05,1,0,0.0,0.0,0.00011520065321141358,0.0,0.000702965974394246
2436,RussellRC,8294133,0.00041254125412541255,5,0,0.0,0.0,0.00044862001082037156,0.0,0.0002811863897576984
2437,0810731113,14173554,0.00024752475247524753,3,0,0.0,0.0,0.00015802630371532895,0.0,0.00042177958463654756
2438,industral,331772,0.00024752475247524753,3,0,0.0,0.0,0.00021776453179297008,0.3333333333333333,0.003069539960290718
2439,binginto,14208659,8.250825082508251e-05,1,0,0.0,0.0,0.00011520065321141358,0.0,0.000702965974394246
2440,caleblloyd,2414837,8.250825082508251e-05,1,0,0.0,0.0,0.00011988453930272342,0.0,0.0019683047283038887
2441,ginobilee,13459807,8.250825082508251e-05,1,0,0.0,0.0,0.0001162415167872602,0.0,0.0009841523641519443
2442,tapankumar,734522,0.00016501650165016502,2,0,0.0,0.0,0.00020986854762777493,0.0,0.00042177958463654756
2443,heyjoeway,4339897,8.250825082508251e-05,1,0,0.0,0.0,0.00011468022142349027,0.0,0.0005623727795153968
2444,vkupar,12797806,8.250825082508251e-05,1,0,0.0,0.0,0.00011720809806283534,0.0,0.0006761777364965785
2445,lpage,1517904,8.250825082508251e-05,1,0,0.0,0.0,0.00012717058433364984,0.0,0.003936609456607777
2446,hiowenluke,19872828,0.00024752475247524753,3,0,0.0,0.0,0.0001426771040496091,1.0,0.014478383192921633
2447,noraj,16578570,0.00016501650165016502,2,0,0.0,0.0,0.00011758056305912707,1.0,0.0034381931035936545
2448,bryanCoteChang,24922184,0.0014851485148514852,18,0,0.0,0.0,0.0015510859538210302,0.026143790849673203,0.002259508131356123
2449,oztune,663175,8.250825082508251e-05,1,0,0.0,0.0,0.0001261297207578032,0.0,0.003655423066850079
2450,Gchesta,21359113,8.250825082508251e-05,1,0,0.0,0.0,0.00011363935784764363,0.0,0.0002811863897576984
2451,olixis,7017544,8.250825082508251e-05,1,0,0.0,0.0,0.0001261297207578032,0.0,0.003655423066850079
2452,sebasmurphy,3492780,0.00041254125412541255,5,0,0.0,0.0,0.00029005846461602837,0.2,0.0027856705644525603
2453,michAtEl,11807995,0.00016501650165016502,2,0,0.0,0.0,0.00011928982521452859,1.0,0.0012385505160119753
2454,calidion,131776,0.00041254125412541255,4,1,1.3617470015692771e-07,0.00016501650165016502,0.00034861593699251795,0.2,0.006478278366007699
2455,gallyamb,5419623,0.00016501650165016502,2,0,0.0,0.0,0.00020934811583985162,0.0,0.0002811863897576984
2456,shaozi,417833,0.0,0,0,0.0,0.0,0.000112598494271797,0.0,0.0
2457,leoj3n,990216,8.250825082508251e-05,1,0,0.0,0.0,0.00011468022142349027,0.0,0.0005623727795153968
2458,danncoba,2931774,8.250825082508251e-05,1,0,0.0,0.0,0.0001162415167872602,0.0,0.0009841523641519443
2459,LucianBuzzo,15064535,8.250825082508251e-05,1,0,0.0,0.0,0.00011415978963556695,0.0,0.00042177958463654756
2460,tomasgvivo,1284744,8.250825082508251e-05,1,0,0.0,0.0,0.00011520065321141358,0.0,0.000702965974394246
2461,lmf,3777374,8.250825082508251e-05,1,0,0.0,0.0,0.00011468022142349027,0.0,0.0005623727795153968
2462,patrikx3,4770180,0.00016501650165016502,2,0,0.0,0.0,0.00013683594140337832,1.0,0.004840397107066719
2463,CanyonCasa,6250459,0.00016501650165016502,2,0,0.0,0.0,0.0001275962061961771,1.0,0.002935806885296483
2464,simonqian,6582909,0.00016501650165016502,2,0,0.0,0.0,0.00020967965515680863,0.0,7.965384291650411e-05
2465,myvyang,2939352,8.250825082508251e-05,1,0,0.0,0.0,0.00011728238036310684,0.0,0.0012653387539096428
2466,rohmanhm,7524911,0.0,0,0,0.0,0.0,0.000112598494271797,0.0,0.0
2467,PeppeL-G,188492,8.250825082508251e-05,1,0,0.0,0.0,0.00011378844919565374,0.0,0.0013676135645997042
2468,g-k,226605,0.00024752475247524753,3,0,0.0,0.0,0.00017141755108675944,0.3333333333333333,0.013548222792994495
2469,aharbis,20443310,0.00016501650165016502,2,0,0.0,0.0,0.00012704818400330594,1.0,0.0009153398612526384
2470,asafdav2,217065,8.250825082508251e-05,1,0,0.0,0.0,0.00011520065321141358,0.0,0.000702965974394246
2471,golkir,4704602,0.00016501650165016502,2,0,0.0,0.0,0.00021299113835531483,0.0,0.0012653387539096428
2472,vajahath,12165822,0.00024752475247524753,3,0,0.0,0.0,0.00013247752683466635,1.0,0.007612814489372311
2473,joefallon,4212989,0.0006600660066006601,8,0,0.0,0.0,0.0004311777322956542,0.21428571428571427,0.006625415241964126
2474,swapnilaryan,12202963,8.250825082508251e-05,1,0,0.0,0.0,0.00011520065321141358,0.0,0.000702965974394246
2475,davidgatti,411114,0.00024752475247524753,3,0,0.0,0.0,0.0002959624295101257,0.3333333333333333,0.0027828623610079606
2476,vacekj,10381200,0.00016501650165016502,2,0,0.0,0.0,0.00017900649187288558,0.0,0.000702965974394246
2477,notrab,950181,0.0009900990099009901,2,10,2.2972996141950363e-05,0.2560479494153675,0.00014658592586481637,0.18181818181818182,0.00782315726218936
2478,bswscube,23206577,0.00016501650165016502,2,0,0.0,0.0,0.0001718361482312589,1.0,0.0010618694342919618
2479,zuhairHussain,15627521,8.250825082508251e-05,1,0,0.0,0.0,0.00011520065321141358,0.0,0.000702965974394246
2480,myst729,519733,8.250825082508251e-05,1,0,0.0,0.0,0.00011520065321141358,0.0,0.000702965974394246
2481,PotOfCoffee2Go,2096482,8.250825082508251e-05,1,0,0.0,0.0,0.00011728238036310684,0.0,0.0012653387539096428
2482,kunalspathak,12488060,0.00016501650165016502,2,0,0.0,0.0,0.00023484927344809406,0.0,0.007170252938821309
2483,fluency03,7440735,0.00016501650165016502,2,0,0.0,0.0,0.00021090941120362156,0.0,0.000702965974394246
2484,ravirasadiya,13838294,8.250825082508251e-05,1,0,0.0,0.0,0.0001162415167872602,0.0,0.0009841523641519443
2485,Realwate,12814045,8.250825082508251e-05,1,0,0.0,0.0,0.0001162415167872602,0.0,0.0009841523641519443
2486,dewelloper,5022245,8.250825082508251e-05,1,0,0.0,0.0,0.00011572108499933689,0.0,0.0008435591692730951
2487,aashidham,782153,8.250825082508251e-05,1,0,0.0,0.0,0.0001162415167872602,0.0,0.0009841523641519443
2488,devilgags,11678975,0.00033003300330033004,4,0,0.0,0.0,0.00023072068593799657,0.16666666666666666,0.001929986344115101
2489,jpettitt,524856,8.250825082508251e-05,1,0,0.0,0.0,0.00011728238036310684,0.0,0.0012653387539096428
2490,annalam91,20987281,0.00016501650165016502,2,0,0.0,0.0,0.00021299113835531483,0.0,0.0012653387539096428
2491,valeriosillari,2903845,8.250825082508251e-05,1,0,0.0,0.0,0.00011520065321141358,0.0,0.000702965974394246
2492,karlatkinson,2210140,8.250825082508251e-05,1,0,0.0,0.0,0.00011832324393895347,0.0,0.0015465251436673412
2493,Jianru-Lin,1057486,8.250825082508251e-05,1,0,0.0,0.0,0.0001162415167872602,0.0,0.0009841523641519443
2494,ifivebig,10355267,8.250825082508251e-05,1,0,0.0,0.0,0.00011468022142349027,0.0,0.0005623727795153968
2495,mohanen,20907037,0.00041254125412541255,5,0,0.0,0.0,0.0004150429607833094,0.1,0.0012653387539096428
2496,allevo,1054125,0.00024752475247524753,3,0,0.0,0.0,0.000242896575746979,0.0,0.011770501663264255
2497,billouboq,7765196,0.00016501650165016502,2,0,0.0,0.0,0.00011847233528696358,1.0,0.002632952318509347
2498,Pascal66,3041616,8.250825082508251e-05,1,0,0.0,0.0,0.00011832324393895347,0.0,0.0015465251436673412
2499,JoseJacin,18284258,0.0,0,0,0.0,0.0,0.000112598494271797,0.0,0.0
2500,addaleax,899444,0.00033003300330033004,2,2,1.452530135007229e-07,0.2412637893060611,0.00014262877840324012,0.6666666666666666,0.001998120970218305
2501,arpho,364179,0.00016501650165016502,2,0,0.0,0.0,0.00042564038431023633,1.0,0.0012877221470257035
2502,pronebird,704044,0.00024752475247524753,2,1,9.53222901098494e-08,0.00022002200220022002,0.00012081636275369258,0.6666666666666666,0.001318569954812091
2503,zecar,8117818,0.0005775577557755776,6,1,7.939384065889272e-07,0.00016501650165016502,0.00036277395692219436,0.23809523809523808,0.004878994946295495
2504,nicolag,9504602,8.250825082508251e-05,1,0,0.0,0.0,0.00011676194857518352,0.0,0.0011247455590307936
2505,seppevs,1028226,0.00016501650165016502,2,0,0.0,0.0,0.00011598966015930514,1.0,0.0005279847085252197
2506,Download,153391,0.00041254125412541255,3,2,4.465827676614674e-07,0.00033003300330033004,0.00012064454694234705,0.4,0.0016520575393873865
2507,techandsoftware,12749172,8.250825082508251e-05,1,0,0.0,0.0,0.0001162415167872602,0.0,0.0009841523641519443
2508,peacemakr,24189637,8.250825082508251e-05,1,0,0.0,0.0,0.00011826204377378153,0.0,3.589034598977157e-05
2509,tjhosford,126226,8.250825082508251e-05,1,0,0.0,0.0,0.00011520065321141358,0.0,0.000702965974394246
2510,ainthek,559519,0.00024752475247524753,3,0,0.0,0.0,0.00012547990345693685,0.3333333333333333,0.0009051327395356714
2511,ediweissmann,1133571,8.250825082508251e-05,1,0,0.0,0.0,0.00011468022142349027,0.0,0.0005623727795153968
2512,ronag,3065230,0.0004950495049504951,5,1,1.4511542399848647e-05,0.00016501650165016502,0.00033815438927026946,0.4666666666666667,0.007776579785542241
2513,potato4d,6993514,0.00016501650165016502,2,0,0.0,0.0,0.00011598966015930514,1.0,0.0005279847085252197
2514,evgencode,2129431,8.250825082508251e-05,1,0,0.0,0.0,0.00011520065321141358,0.0,0.000702965974394246
2515,MarkAdell,18086162,0.00016501650165016502,2,0,0.0,0.0,0.00012709699975024588,0.0,0.00016896834824589184
2516,subratastack,15680580,8.250825082508251e-05,1,0,0.0,0.0,0.00011520065321141358,0.0,0.000702965974394246
2517,distravantari,10736018,8.250825082508251e-05,1,0,0.0,0.0,0.0001162415167872602,0.0,0.0009841523641519443
2518,bhvreddy,4076309,0.0004950495049504951,6,0,0.0,0.0,0.0005145671020634477,0.06666666666666667,0.0021806786151622815
2519,aniinprni,16476682,8.250825082508251e-05,1,0,0.0,0.0,0.00011572108499933689,0.0,0.0008435591692730951
2520,stz-seongheon,20273188,8.250825082508251e-05,1,0,0.0,0.0,0.0001162415167872602,0.0,0.0009841523641519443
2521,deniztetik,14167019,0.00016501650165016502,2,0,0.0,0.0,0.00011807138731099839,1.0,0.0010903574880406167
2522,hstarorg,4043284,0.00024752475247524753,3,0,0.0,0.0,0.0003086998963475228,0.0,0.0012653387539096428
2523,1Map,1152458,8.250825082508251e-05,1,0,0.0,0.0,0.00012412250374939284,0.0,0.0016904443412414463
2524,sigurjonfv,8933672,8.250825082508251e-05,1,0,0.0,0.0,0.00011520065321141358,0.0,0.000702965974394246
2525,mscdex,54666,0.0010726072607260726,9,4,0.00012861181097313025,0.19209366359892563,0.00036044781211745896,0.36363636363636365,0.019929096325568153
2526,CourageSuo,22150199,8.250825082508251e-05,1,0,0.0,0.0,0.00011415978963556695,0.0,0.00042177958463654756
2527,mic3ael,6862935,8.250825082508251e-05,1,0,0.0,0.0,0.00011580076768833882,0.0,0.00018585896680517624
2528,josephlin55555,9668104,8.250825082508251e-05,1,0,0.0,0.0,0.00011415978963556695,0.0,0.00042177958463654756
2529,mattalco,13972013,8.250825082508251e-05,1,0,0.0,0.0,0.00011884367572687678,0.0,0.0016871183385461903
2530,zeg-io,16530592,8.250825082508251e-05,1,0,0.0,0.0,0.00011520065321141358,0.0,0.000702965974394246
2531,p10ns11y,9104920,0.00033003300330033004,4,0,0.0,0.0,0.00023177142953330207,0.3333333333333333,0.0024962014398524457
2532,maxkoretskyi,6124091,0.00016501650165016502,2,0,0.0,0.0,0.00011873463560199931,1.0,0.0007561971752966942
2533,domfarolino,9669289,0.00016501650165016502,2,0,0.0,0.0,0.00013860741092154227,0.0,0.0005623727795153968
2534,DanielLuu,389431,0.00024752475247524753,3,0,0.0,0.0,0.00012687934634000191,1.0,0.0051934554597559525
2535,Tarabass,462513,8.250825082508251e-05,1,0,0.0,0.0,0.00011468022142349027,0.0,0.0005623727795153968
2536,zmikolaj,5605754,0.00016501650165016502,2,0,0.0,0.0,0.00021090941120362156,0.0,0.000702965974394246
2537,akotulu,1204475,0.00024752475247524753,3,0,0.0,0.0,0.0002152219568550182,0.3333333333333333,0.002914138708267045
2538,Segundissimo,24825791,0.00016501650165016502,2,0,0.0,0.0,0.00021223486381185373,1.0,0.0018322650517492132
2539,Thstone37,11756943,0.00016501650165016502,2,0,0.0,0.0,0.00012449414309376175,1.0,0.0026444824648004673
2540,pravdomil,2387356,0.00033003300330033004,4,0,0.0,0.0,0.00022918737374710515,0.5,0.0015559221557650232
2541,anotherbuild,24739935,8.250825082508251e-05,1,0,0.0,0.0,0.00011520065321141358,0.0,0.000702965974394246
2542,haider0324,3973130,0.00016501650165016502,2,0,0.0,0.0,0.00021090941120362156,0.0,0.000702965974394246
2543,cyphunk,119662,0.00016501650165016502,2,0,0.0,0.0,0.00021291685605504332,0.0,0.0006761777364965785
2544,chaiwa-berian,7937584,0.00016501650165016502,2,0,0.0,0.0,0.00011639060813527032,1.0,0.00207057953899395
2545,manikawnth,10106516,8.250825082508251e-05,1,0,0.0,0.0,0.00011378844919565374,0.0,0.0013676135645997042
2546,superhero,839818,0.00016501650165016502,2,0,0.0,0.0,0.00013608364039557235,0.0,0.00026941358954222464
2547,raijinsetsu,6809014,0.00016501650165016502,1,1,0.0,0.00016501650165016502,0.0001162415167872602,1.0,0.0009841523641519443
2548,franciscop,2801252,0.00033003300330033004,4,0,0.0,0.0,0.000128352001146465,0.5,0.0010189909285954026
2549,syrnick,263328,8.250825082508251e-05,1,0,0.0,0.0,0.00011728238036310684,0.0,0.0012653387539096428
2550,derMart,1069456,8.250825082508251e-05,1,0,0.0,0.0,0.00011884367572687678,0.0,0.0016871183385461903
2551,nickclaw,2576091,0.00024752475247524753,3,0,0.0,0.0,0.00014424543493026537,1.0,0.009255962052901733
2552,hellatan,2065840,8.250825082508251e-05,1,0,0.0,0.0,0.00011832324393895347,0.0,0.0015465251436673412
2553,mickaeltr,378910,0.00016501650165016502,2,0,0.0,0.0,0.00012442727916621026,0.0,0.0003360857146242351
2554,sergey-borisov,18289455,8.250825082508251e-05,1,0,0.0,0.0,0.00011520065321141358,0.0,0.000702965974394246
2555,solocreativeco,14856298,8.250825082508251e-05,1,0,0.0,0.0,0.0001162415167872602,0.0,0.0009841523641519443
2556,julkue,8310677,0.00024752475247524753,3,0,0.0,0.0,0.00021314022970332495,0.3333333333333333,0.0023517659287516485
2557,hilljh82,2015997,8.250825082508251e-05,1,0,0.0,0.0,0.0001162415167872602,0.0,0.0009841523641519443
2558,LaurentVB,2806149,8.250825082508251e-05,1,0,0.0,0.0,0.00011728238036310684,0.0,0.0012653387539096428
2559,sumeetkpatel,4479653,0.0,0,0,0.0,0.0,0.000112598494271797,0.0,0.0
2560,VishvajitP,5609697,0.00024752475247524753,3,0,0.0,0.0,0.00012316666506535407,0.6666666666666666,0.0015653682735796124
2561,rkt2spc,17026876,0.00024752475247524753,3,0,0.0,0.0,0.00014254729431533995,0.0,0.00014986920513347524
2562,phortuin,137299,8.250825082508251e-05,1,0,0.0,0.0,0.00011780281215103015,0.0,0.001405931948788492
2563,stoopidJSON,6391564,8.250825082508251e-05,1,0,0.0,0.0,0.00011378844919565374,0.0,0.0013676135645997042
2564,th0r,302213,8.250825082508251e-05,1,0,0.0,0.0,0.0001162415167872602,0.0,0.0009841523641519443
2565,xcarpentier,923036,0.00016501650165016502,2,0,0.0,0.0,0.000122474313824108,1.0,0.0004142643920138187
2566,q42jaap,114642,0.00016501650165016502,1,1,0.0,0.192014988277989,0.0001162415167872602,1.0,0.0009841523641519443
2567,terencechow,1937276,8.250825082508251e-05,1,0,0.0,0.0,0.00011520065321141358,0.0,0.000702965974394246
2568,kuolun,7124250,0.00016501650165016502,2,0,0.0,0.0,0.00011819731562497592,1.0,0.0013184413158539789
2569,fselcukcan,5363259,0.00033003300330033004,3,1,2.7234940031385545e-08,0.00016501650165016502,0.0002190877552098516,0.5,0.0017741350576297046
2570,sanchitgera,8632167,8.250825082508251e-05,1,0,0.0,0.0,0.00011676194857518352,0.0,0.0011247455590307936
2571,leekangtaqi,5259489,8.250825082508251e-05,1,0,0.0,0.0,0.000127321053102449,0.0,0.00031501079919852047
2572,i5ting,3118295,8.250825082508251e-05,1,0,0.0,0.0,0.00023693839727477548,0.0,1.6770006560946377e-05
2573,CanisLupusXenonis,5897046,0.00041254125412541255,3,2,1.9445747182409278e-05,0.00033003300330033004,0.000219423263597563,0.1,0.0018277115334250395
2574,yvele,4225430,0.00024752475247524753,3,0,0.0,0.0,0.00018577274770407542,0.6666666666666666,0.0011500427670316777
2575,youkaisteve,8175530,8.250825082508251e-05,1,0,0.0,0.0,0.0001162415167872602,0.0,0.0009841523641519443
2576,Shastel,6017041,8.250825082508251e-05,1,0,0.0,0.0,0.00011780281215103015,0.0,0.001405931948788492
2577,naholyr,214067,0.0004950495049504951,4,2,2.1030177451184535e-05,0.24128862345833138,0.00015035541181752633,0.5,0.002417917795043546
2578,bonesoul,73215,0.00024752475247524753,2,1,0.00010264848897829207,0.19054779522823034,0.00021351157014323812,0.3333333333333333,0.001405931948788492
2579,tdsfugal,6570350,0.00016501650165016502,2,0,0.0,0.0,0.0001198102570024519,1.0,0.0013791437108908245
2580,magne4000,1098371,0.00024752475247524753,3,0,0.0,0.0,0.00012069043443971504,0.6666666666666666,0.0010904861269987287
2581,MCTaylor17,7216377,8.250825082508251e-05,1,0,0.0,0.0,0.00011468022142349027,0.0,0.0005623727795153968
2582,adamsiwiec,17085172,8.250825082508251e-05,1,0,0.0,0.0,0.00011520065321141358,0.0,0.000702965974394246
2583,mohammedzamakhan,2327532,0.00024752475247524753,3,0,0.0,0.0,0.00012873327091975396,0.6666666666666666,0.0006322665443370877
2584,julianjensen,680724,8.250825082508251e-05,1,0,0.0,0.0,0.00011832324393895347,0.0,0.0015465251436673412
2585,archasek,2247211,0.00016501650165016502,2,0,0.0,0.0,0.00012704915979054035,1.0,0.0007486819826739653
2586,IiroVaris,12960423,8.250825082508251e-05,1,0,0.0,0.0,0.00011520065321141358,0.0,0.000702965974394246
2587,evanshortiss,1303687,0.00016501650165016502,1,1,0.0,0.00022002200220022002,0.0001193641075148001,1.0,0.0018277115334250395
2588,jon301,122108,0.00033003300330033004,4,0,0.0,0.0,0.0003189599675054461,0.16666666666666666,0.002898880616660498
2589,reggi,296798,0.0008250825082508251,10,0,0.0,0.0,0.0006178253902080622,0.17777777777777778,0.008748548452032722
2590,koistya,197134,0.00033003300330033004,1,3,9.497428654233953e-07,0.0007174630506528914,0.00011378844919565374,0.16666666666666666,0.0013676135645997042
2591,EasyValley,9133644,8.250825082508251e-05,1,0,0.0,0.0,0.00011520065321141358,0.0,0.000702965974394246
2592,ShimShamSam,2212177,0.00041254125412541255,5,0,0.0,0.0,0.00024488143806451746,0.4,0.0016092790128839974
2593,alirawashdeh,10329516,8.250825082508251e-05,1,0,0.0,0.0,0.00012412250374939284,0.0,0.0016904443412414463
2594,perryjsteward,4425826,8.250825082508251e-05,1,0,0.0,0.0,0.00011520065321141358,0.0,0.000702965974394246
2595,adrianiskandar,7379674,8.250825082508251e-05,1,0,0.0,0.0,0.00011468022142349027,0.0,0.0005623727795153968
2596,lmj0011,9396189,8.250825082508251e-05,1,0,0.0,0.0,0.00011520065321141358,0.0,0.000702965974394246
2597,pps83,1614246,8.250825082508251e-05,1,0,0.0,0.0,0.00011520065321141358,0.0,0.000702965974394246
2598,navaneetharaopy,6571626,8.250825082508251e-05,1,0,0.0,0.0,0.00011468022142349027,0.0,0.0005623727795153968
2599,segfaultmedaddy,18165039,0.00016501650165016502,1,1,4.958272137936149e-06,0.00016501650165016502,0.00011363935784764363,0.0,0.0002811863897576984
2600,Rushmead,1780637,0.00016501650165016502,2,0,0.0,0.0,0.0001311521128767816,0.0,0.000702965974394246
2601,ghoolio,15908502,0.00024752475247524753,3,0,0.0,0.0,0.00023483660070167356,0.0,0.000702965974394246
2602,houluy,11565649,8.250825082508251e-05,1,0,0.0,0.0,0.0001162415167872602,0.0,0.0009841523641519443
2603,madnight,10064471,8.250825082508251e-05,1,0,0.0,0.0,0.0001162415167872602,0.0,0.0009841523641519443
2604,justinffs,17650336,0.00033003300330033004,4,0,0.0,0.0,0.00021893561498169671,0.6666666666666666,0.0017331617574774833
2605,darshak6336,21969697,0.0,0,0,0.0,0.0,0.000112598494271797,0.0,0.0
2606,komachi,1848785,8.250825082508251e-05,1,0,0.0,0.0,0.00011520065321141358,0.0,0.000702965974394246
2607,StephenGrable1,19244434,8.250825082508251e-05,1,0,0.0,0.0,0.000120574224104481,0.0,0.0
2608,miller-productions,15177547,8.250825082508251e-05,1,0,0.0,0.0,0.00020830725226400498,0.0,0.0
2609,zenithtekla,11691367,0.0005775577557755776,7,0,0.0,0.0,0.0004508056864119239,0.23809523809523808,0.0021541273555062837
2610,CareerFairPlus,17342716,8.250825082508251e-05,1,0,0.0,0.0,0.00011572108499933689,0.0,0.0008435591692730951
2611,iamchathu,3932230,8.250825082508251e-05,1,0,0.0,0.0,0.00011720809806283534,0.0,0.0006761777364965785
2612,leonardo-silva,7905740,0.00033003300330033004,4,0,0.0,0.0,0.004031335441795888,0.6666666666666666,0.0013931861314269544
2613,enzobes,14608488,8.250825082508251e-05,1,0,0.0,0.0,0.00012412250374939284,0.0,0.0016904443412414463
2614,rohanpadhye,4233266,0.00016501650165016502,2,0,0.0,0.0,0.0001198102570024519,1.0,0.0013791437108908245
2615,jonhp,2311501,0.00016501650165016502,2,0,0.0,0.0,0.00012610061573397298,1.0,0.0002869913920287952
2616,wuddywuddy,21184974,8.250825082508251e-05,1,0,0.0,0.0,0.00011572108499933689,0.0,0.0008435591692730951
2617,rafis,3502395,0.00024752475247524753,3,0,0.0,0.0,0.00012511254696345625,1.0,0.004140685164136901
2618,ZLester,2387793,8.250825082508251e-05,1,0,0.0,0.0,0.00011520065321141358,0.0,0.000702965974394246
2619,essentialskills,8137013,0.00041254125412541255,5,0,0.0,0.0,0.0002232942575658042,0.2,0.0015536011703629925
2620,abhay8nitt,8450003,0.00016501650165016502,2,0,0.0,0.0,0.00012604305403929967,0.0,0.0008092557387526988
2621,cuni0716,9133999,0.00016501650165016502,2,0,0.0,0.0,0.0001198102570024519,1.0,0.0013791437108908245
2622,antpaw,108543,0.00016501650165016502,2,0,0.0,0.0,0.00015192286104452683,0.0,0.0002811863897576984
2623,meanlittlechimp,17816869,0.00016501650165016502,2,0,0.0,0.0,0.00011455429310951272,1.0,0.0003342889517020345
2624,mykiimike,7666506,8.250825082508251e-05,1,0,0.0,0.0,0.00012181770185387367,0.0,0.001352355472993157
2625,codeuniquely,1037719,0.00033003300330033004,4,0,0.0,0.0,0.0002193730267401727,0.5,0.0017818779566135228
2626,leebyron,50130,0.00024752475247524753,3,0,0.0,0.0,0.00015240474613339015,1.0,0.004281551159644062
2627,palanik,1656913,0.00033003300330033004,1,3,0.0,0.2030243354319842,0.00011728238036310684,0.5,0.0012653387539096428
2628,linqFR,18004866,8.250825082508251e-05,1,0,0.0,0.0,0.000127321053102449,0.0,0.00031501079919852047
2629,jshawl,3824954,0.00024752475247524753,3,0,0.0,0.0,0.00021888514103630556,0.0,0.000702965974394246
2630,lennym,117398,0.00016501650165016502,1,1,0.0,0.2412637893060611,0.00011730653589701808,1.0,0.00016987794250166097
2631,sielay,133139,8.250825082508251e-05,1,0,0.0,0.0,0.00011468022142349027,0.0,0.0005623727795153968
2632,gaurav21r,1716462,0.00016501650165016502,2,0,0.0,0.0,0.00021247070656739149,0.0,0.0011247455590307936
2633,hamzaOp,17226097,0.00024752475247524753,3,0,0.0,0.0,0.0002254817291084858,0.3333333333333333,0.002647808467495723
2634,andrewoh531,4927570,0.00024752475247524753,3,0,0.0,0.0,0.00011931298824856118,1.0,0.0020968938630406184
2635,YasharF,6448697,0.00016501650165016502,2,0,0.0,0.0,0.00012397483586221695,1.0,0.006211738616981851
2636,titoesteves,8153364,0.00016501650165016502,2,0,0.0,0.0,0.0001226234051721181,1.0,0.0015006915668558244
2637,ShaneHudson,487005,0.0,0,0,0.0,0.0,0.000112598494271797,0.0,0.0
2638,zackarychapple,2133184,8.250825082508251e-05,1,0,0.0,0.0,0.0001162415167872602,0.0,0.0009841523641519443
2639,zhyinjun,1996673,0.00016501650165016502,2,0,0.0,0.0,0.00021714220824046933,0.0,0.0001330780022561203
2640,wearhere,110000,0.00024752475247524753,3,0,0.0,0.0,0.00052165854059324,0.6666666666666666,0.002719293767950233
2641,wangshijun,719985,8.250825082508251e-05,1,0,0.0,0.0,0.00012143345024826135,0.0,0.0001330780022561203
2642,noopole,11869690,0.00024752475247524753,3,0,0.0,0.0,0.00013256344697511432,0.6666666666666666,0.0027847303847864297
2643,steve-ng,4995336,0.0,0,0,0.0,0.0,0.000112598494271797,0.0,0.0
2644,exotfboy,16457917,0.00016501650165016502,2,0,0.0,0.0,0.0001226234051721181,1.0,0.0015006915668558244
2645,tanger1n,15971328,0.00016501650165016502,2,0,0.0,0.0,0.00013130926980057232,1.0,0.000547342394269939
2646,a0viedo,2440935,8.250825082508251e-05,1,0,0.0,0.0,0.00011520065321141358,0.0,0.000702965974394246
2647,meghprkh,5979605,8.250825082508251e-05,1,0,0.0,0.0,0.00012412250374939284,0.0,0.0016904443412414463
2648,ksushilmaurya,11771883,8.250825082508251e-05,1,0,0.0,0.0,0.00011520065321141358,0.0,0.000702965974394246
2649,frogcjn,1777562,0.00033003300330033004,2,2,0.00010264848897829207,0.19057877860956823,0.0002198312617416008,0.3333333333333333,0.0016904443412414463
2650,BHare1985,2180284,0.00016501650165016502,2,0,0.0,0.0,0.0001494715378174718,1.0,0.0009899573664230413
2651,jaumard,2970449,8.250825082508251e-05,1,0,0.0,0.0,0.00011676194857518352,0.0,0.0011247455590307936
2652,sgajavada,7784691,8.250825082508251e-05,1,0,0.0,0.0,0.00011520065321141358,0.0,0.000702965974394246
2653,JperF,4474118,8.250825082508251e-05,1,0,0.0,0.0,0.00011363935784764363,0.0,0.0002811863897576984
2654,salmanaligeek,5575504,0.00016501650165016502,2,0,0.0,0.0,0.00011847233528696358,1.0,0.002632952318509347
2655,kn9ts,1999708,0.00016501650165016502,2,0,0.0,0.0,0.00012600829621469371,1.0,0.0004674955929162668
2656,na-ka-na,262532,8.250825082508251e-05,1,0,0.0,0.0,0.00011488583242646974,0.0,0.00013275640486084018
2657,huaoguo,263117,0.00016501650165016502,2,0,0.0,0.0,0.00011807138731099839,1.0,0.0010903574880406167
2658,jamespegg,894505,8.250825082508251e-05,1,0,0.0,0.0,0.00011728238036310684,0.0,0.0012653387539096428
2659,urugator,11457665,8.250825082508251e-05,1,0,0.0,0.0,0.00011520065321141358,0.0,0.000702965974394246
2660,adanba,10264934,0.00016501650165016502,2,0,0.0,0.0,0.00011758056305912707,1.0,0.0034381931035936545
2661,weiqingting,6859424,8.250825082508251e-05,1,0,0.0,0.0,0.00011520065321141358,0.0,0.000702965974394246
2662,rubenstolk,692644,0.00041254125412541255,5,0,0.0,0.0,0.0003111767126746076,0.5,0.0048175798173021095
2663,despairblue,927609,8.250825082508251e-05,1,0,0.0,0.0,0.0001162415167872602,0.0,0.0009841523641519443
2664,imam,8213031,0.00016501650165016502,2,0,0.0,0.0,0.00021090941120362156,0.0,0.000702965974394246
2665,khadrin,153242,8.250825082508251e-05,1,0,0.0,0.0,0.0001162415167872602,0.0,0.0009841523641519443
2666,doug65536,3521553,8.250825082508251e-05,1,0,0.0,0.0,0.0001162415167872602,0.0,0.0009841523641519443
2667,craigkj,3908577,8.250825082508251e-05,1,0,0.0,0.0,0.00011832324393895347,0.0,0.0015465251436673412
2668,kimown,7932380,8.250825082508251e-05,1,0,0.0,0.0,0.0001162415167872602,0.0,0.0009841523641519443
2669,silvioprog,1456829,0.00016501650165016502,2,0,0.0,0.0,0.00012697457450187643,1.0,0.0015493661269366126
2670,marvinklein,3330666,0.00016501650165016502,2,0,0.0,0.0,0.0001295498963724519,1.0,0.0028720923787628307
2671,razvanz,3844203,0.00016501650165016502,2,0,0.0,0.0,0.00013871564216619576,1.0,0.001011152421924428
2672,CoericK,897586,8.250825082508251e-05,1,0,0.0,0.0,0.00012143345024826135,0.0,0.0001330780022561203
2673,tgy3300,11471847,0.00024752475247524753,3,0,0.0,0.0,0.00011964957086386842,0.6666666666666666,0.0008092997372410302
2674,lykkin,1342804,0.00024752475247524753,3,0,0.0,0.0,0.0001963255133799137,0.3333333333333333,0.0029299115145876467
2675,cressie176,229672,0.00033003300330033004,4,0,0.0,0.0,0.0001475548144836483,0.8333333333333334,0.001502255932271332
2676,alvaropaco,3423410,8.250825082508251e-05,1,0,0.0,0.0,0.00012144583466649336,0.0,0.002390084312940437
2677,XEuRoMAN,3613663,8.250825082508251e-05,1,0,0.0,0.0,0.00011520065321141358,0.0,0.000702965974394246
2678,kevinburkeshyp,10735057,8.250825082508251e-05,1,0,0.0,0.0,0.00011728238036310684,0.0,0.0012653387539096428
2679,agalazis,2021709,0.0,0,0,0.0,0.0,0.000112598494271797,0.0,0.0
2680,jukkasi,8554087,0.00041254125412541255,5,0,0.0,0.0,0.00024208016487260807,0.3,0.002162664258008248
2681,psych0der,928501,8.250825082508251e-05,1,0,0.0,0.0,0.00011728238036310684,0.0,0.0012653387539096428
2682,ChrisVent,14955224,8.250825082508251e-05,1,0,0.0,0.0,0.00011520065321141358,0.0,0.000702965974394246
2683,davidmerfield,747928,0.00041254125412541255,5,0,0.0,0.0,0.00045527589696532124,0.1,0.001292653226058369
2684,grp06,1573959,8.250825082508251e-05,1,0,0.0,0.0,0.0001162415167872602,0.0,0.0009841523641519443
2685,silverlight513,4225358,0.00016501650165016502,2,0,0.0,0.0,0.00011717334023822937,1.0,0.00033441759066014655
2686,petrbazout,11569908,0.00016501650165016502,2,0,0.0,0.0,0.000304016010256213,0.0,0.0
2687,shakvaal,4275080,0.00016501650165016502,2,0,0.0,0.0,0.00012489284735018317,1.0,0.000986993347421216
2688,DracoBlue,35926,8.250825082508251e-05,1,0,0.0,0.0,0.0001162415167872602,0.0,0.0009841523641519443
2689,chesstrian,3923412,0.00024752475247524753,3,0,0.0,0.0,0.0003133837824388326,0.0,0.0025306775078192856
2690,mccart,13645616,8.250825082508251e-05,1,0,0.0,0.0,0.00011520065321141358,0.0,0.000702965974394246
2691,piuccio,680284,8.250825082508251e-05,1,0,0.0,0.0,0.00011832324393895347,0.0,0.0015465251436673412
2692,dasilvacontin,1260830,0.00033003300330033004,4,0,0.0,0.0,0.00013648622418732157,0.6666666666666666,0.0023004364044261548
2693,pmaoui,318256,0.00041254125412541255,5,0,0.0,0.0,0.000320591963526439,0.3,0.0011255727357681927
2694,THCloud,13058247,0.0005775577557755776,7,0,0.0,0.0,0.0011731198412145063,0.0,0.0002261672014413347
2695,ybrodsky,8831993,8.250825082508251e-05,1,0,0.0,0.0,0.0001162415167872602,0.0,0.0009841523641519443
2696,yvg,387558,8.250825082508251e-05,1,0,0.0,0.0,0.00011520065321141358,0.0,0.000702965974394246
2697,eduarddotgg,4650029,8.250825082508251e-05,1,0,0.0,0.0,0.000127321053102449,0.0,0.00031501079919852047
2698,wagoid,7467450,0.00016501650165016502,2,0,0.0,0.0,0.00012377715518003263,0.0,0.000684573337935256
2699,Knighton910,1773260,0.0017326732673267327,9,12,0.0004148041055912136,0.2470614436022017,0.0004497694300792671,0.2,0.004448172692266685
2700,francose,13445813,0.00016501650165016502,2,0,0.0,0.0,0.00012870277467358956,1.0,0.0009899573664230413
2701,LantosIstvan,5021728,0.00016501650165016502,2,0,0.0,0.0,0.00012870277467358956,1.0,0.0009899573664230413
2702,afanasy,677646,8.250825082508251e-05,1,0,0.0,0.0,0.0001162415167872602,0.0,0.0009841523641519443
2703,aletorrado,279292,8.250825082508251e-05,1,0,0.0,0.0,0.00012144583466649336,0.0,0.002390084312940437
2704,ShaneQful,1859598,0.00033003300330033004,4,0,0.0,0.0,0.0001357248016368946,1.0,0.007865845073734402
2705,Asamaha,17078868,8.250825082508251e-05,1,0,0.0,0.0,0.00011351342953366609,0.0,5.310256194433607e-05
2706,syuilo,4439005,0.00016501650165016502,1,1,0.0,0.00016501650165016502,0.00011520065321141358,1.0,0.000702965974394246
2707,tunniclm,5011883,0.005858085808580858,18,53,0.0007242721208725424,0.24349423256442188,0.0009396451749426443,0.06153846153846154,0.03433206092118404
2708,taichunmin,2192626,0.0004950495049504951,6,0,0.0,0.0,0.0004325189584688568,0.13333333333333333,0.0010355503389702064
2709,justin170055,17793542,0.00016501650165016502,2,0,0.0,0.0,0.00021299113835531483,0.0,0.0012653387539096428
2710,rknell,5875053,0.00024752475247524753,3,0,0.0,0.0,0.00012375188755059632,1.0,0.0022280849385932105
2711,azat-io,5698350,0.00024752475247524753,3,0,0.0,0.0,0.00021827069061894756,0.3333333333333333,0.0008604713739935063
2712,ttdsuen,17019029,8.250825082508251e-05,1,0,0.0,0.0,0.00011520065321141358,0.0,0.000702965974394246
2713,sjanuary,14993288,0.0014026402640264027,6,11,5.83697276469018e-05,0.2451238081039098,0.00018532467610604125,0.32967032967032966,0.001400385467279907
2714,jetbalagtas,5748263,0.00016501650165016502,2,0,0.0,0.0,0.00021403200193116146,0.0,0.0015465251436673412
2715,yalishizhude,3870098,0.00016501650165016502,2,0,0.0,0.0,0.00011717334023822937,1.0,0.00033441759066014655
2716,xywenke,9194669,8.250825082508251e-05,1,0,0.0,0.0,0.00011520065321141358,0.0,0.000702965974394246
2717,hrvolapeter,6537500,0.00024752475247524753,3,0,0.0,0.0,0.00022919975816533718,0.3333333333333333,0.003812928466449339
2718,DavidTPate,2223120,0.0005775577557755776,1,6,0.0,0.0010107260726072607,0.00011728238036310684,0.2857142857142857,0.0012653387539096428
2719,antonaut,513311,0.00016501650165016502,2,0,0.0,0.0,0.0001379588857410674,1.0,0.001707525246986126
2720,yosiasz,900951,0.00024752475247524753,3,0,0.0,0.0,0.0003255045067693587,1.0,0.0010268729922009911
2721,KenKennef,8088154,0.0011551155115511551,14,0,0.0,0.0,0.0011756476544847465,0.10989010989010989,0.00652632816955488
2722,yyjazsf,2438224,0.00033003300330033004,4,0,0.0,0.0,0.00017710030938623868,0.8333333333333334,0.0011452579652614374
2723,jonathanong,643505,0.028547854785478548,53,293,0.007209018446772378,0.27770631168080673,0.003855171883599831,0.009025136122920862,0.03844131010612526
2724,EasonWang01,11001914,8.250825082508251e-05,1,0,0.0,0.0,0.0001162415167872602,0.0,0.0009841523641519443
2725,gfoust,1664161,0.00041254125412541255,5,0,0.0,0.0,0.00016863888069710312,0.8,0.003165689125648625
2726,swarajgiri,6647345,0.00041254125412541255,4,1,1.0667018178959339e-07,0.00016501650165016502,0.00023009552940169678,0.7,0.0019391430877224003
2727,mikeal,579,0.0010726072607260726,7,6,4.4911430711209876e-07,0.24181132421061374,0.00023956301814946528,0.7222222222222222,0.006056579632543256
2728,emilssolmanis,663720,8.250825082508251e-05,1,0,0.0,0.0,0.0001162415167872602,0.0,0.0009841523641519443
2729,segmentationfaulter,6733537,0.00041254125412541255,5,0,0.0,0.0,0.00015557838372987878,0.7,0.0038707788644607596
2730,trexpert,16317797,0.00024752475247524753,3,0,0.0,0.0,0.00012983559323943397,1.0,0.000571769791613079
2731,es6Test,13809207,0.00016501650165016502,2,0,0.0,0.0,0.00012176971032861088,1.0,0.0007113615758329235
2732,pointnotfoe,14087551,0.00016501650165016502,2,0,0.0,0.0,0.00013431586322560417,1.0,0.0007233728828341817
2733,tamtakoe,2244675,8.250825082508251e-05,1,0,0.0,0.0,0.00011520065321141358,0.0,0.000702965974394246
2734,SystemParadox,1228777,0.00016501650165016502,2,0,0.0,0.0,0.00014300924112454802,1.0,0.002722007316859368
2735,vinodmehta,526035,0.00016501650165016502,2,0,0.0,0.0,0.0001186214266349737,1.0,0.003719379493351353
2736,tremby,199635,0.0005775577557755776,7,0,0.0,0.0,0.00018220721224973462,0.6190476190476191,0.007935564722727167
2737,wamoyo,1170326,0.00016501650165016502,1,1,3.9420911444681194e-07,0.00016501650165016502,0.00011616835904336724,0.0,0.004102840693799112
2738,hwclass,3750931,0.00033003300330033004,4,0,0.0,0.0,0.00014674522065318351,0.6666666666666666,0.002249319290842646
2739,imkimchi,13452168,8.250825082508251e-05,1,0,0.0,0.0,0.00011520065321141358,0.0,0.000702965974394246
2740,bnjmnt4n,813865,0.0006600660066006601,8,0,0.0,0.0,0.0003870507703218355,0.2857142857142857,0.001570936112623085
2741,aignacio,5991372,0.00024752475247524753,3,0,0.0,0.0,0.00014900540216532666,0.3333333333333333,0.0008730401252295895
2742,davidbfrogman,7316909,8.250825082508251e-05,1,0,0.0,0.0,0.00011363935784764363,0.0,0.0002811863897576984
2743,Martii,114709,8.250825082508251e-05,1,0,0.0,0.0,0.00011363935784764363,0.0,0.0002811863897576984
2744,feross,121766,0.0010726072607260726,13,0,0.0,0.0,0.0005192147441007072,0.24358974358974358,0.009381549354483458
2745,jasnell,439929,0.0027227722772277226,18,15,0.0011020408771266876,0.24211102839265541,0.0009305863811323578,0.1282051282051282,0.018572401841249656
2746,patrickhousley,3984979,8.250825082508251e-05,1,0,0.0,0.0,0.00012404799360610995,0.0,0.0030930502873346825
2747,parky128,10373419,0.00041254125412541255,5,0,0.0,0.0,0.00031464897174708894,0.3,0.0020874917437143613
2748,Fishrock123,1093990,0.007673267326732673,30,63,0.0022838560014394713,0.26707519390425993,0.0017524953395045982,0.05185779203421545,0.01884762683431201
2749,ganna-shmatova,7226694,0.00024752475247524753,3,0,0.0,0.0,0.00014311083676678653,0.6666666666666666,0.0022901759516445463
2750,pwielgolaski,3696319,0.00041254125412541255,5,0,0.0,0.0,0.00024861244856995375,0.6,0.0028070635391958874
2751,andyfleming,721038,0.00016501650165016502,2,0,0.0,0.0,0.00012256193262673957,1.0,0.0008604713739935063
2752,watson,10602,0.0006600660066006601,8,0,0.0,0.0,0.0006251646176282415,0.03571428571428571,0.012466027480996598
2753,Risto-Stevcev,6767374,0.00016501650165016502,2,0,0.0,0.0,0.00018745534328538056,0.0,0.0009925776553206581
2754,2881099,16286519,8.250825082508251e-05,1,0,0.0,0.0,0.0001260185102454849,0.0,0.00012970106218319907
2755,granteagon,133823,0.00024752475247524753,3,0,0.0,0.0,0.0001299846845874441,1.0,0.0016581969664550846
2756,EloB,476567,0.00033003300330033004,4,0,0.0,0.0,0.00014100440088118043,0.8333333333333334,0.005995492420701518
2757,timlind,237741,0.00016501650165016502,2,0,0.0,0.0,0.0001553643825593997,1.0,0.0002018452559675633
2758,nelsonic,194400,0.00016501650165016502,2,0,0.0,0.0,0.00012891471580732684,1.0,0.0013505434723062755
2759,elliothatch,2262577,0.00016501650165016502,2,0,0.0,0.0,0.00012811651835390508,0.0,0.0027520183320767634
2760,gopops1225,16889542,0.00016501650165016502,2,0,0.0,0.0,0.0001383093029874359,0.0,8.395601438677478e-06
2761,bananu7,2399997,0.00024752475247524753,3,0,0.0,0.0,0.00013311313804080822,0.3333333333333333,0.0004418283725438866
2762,aalonsog,790516,0.00016501650165016502,2,0,0.0,0.0,0.00012258603516343555,1.0,0.0003676537645464978
2763,tleen,1599679,0.00024752475247524753,2,1,0.0,0.00022002200220022002,0.00012836191667829562,1.0,0.0005961971889562189
2764,ajfranzoia,964115,0.00024752475247524753,2,1,1.497921701726205e-07,0.00022002200220022002,0.00012527169329186363,0.6666666666666666,0.00036639110815433107
2765,frankteller-de,3636208,0.00024752475247524753,3,0,0.0,0.0,0.00016060199011747018,0.3333333333333333,0.0006024713975123946
2766,ljharb,45469,0.0008250825082508251,4,6,0.000247761841848948,0.19602935080261663,0.00034776035698356935,0.1111111111111111,0.002645698468130334
2767,amit777,2703309,0.00016501650165016502,2,0,0.0,0.0,0.00011997502380641363,0.0,0.0004250371696665316
2768,eyalw,608669,0.00033003300330033004,4,0,0.0,0.0,0.00019474175245063146,0.16666666666666666,0.00039031055337617024
2769,daluu,637306,0.00024752475247524753,3,0,0.0,0.0,0.00015150059533972714,0.3333333333333333,0.0004718614303171892
2770,avanderhoorn,585619,8.250825082508251e-05,1,0,0.0,0.0,0.00012794308053261082,0.0,2.377262886254838e-05
2771,ChALkeR,291301,0.00024752475247524753,3,0,0.0,0.0,0.00016740784864823475,0.6666666666666666,0.003397510659300846
2772,beige90,5327549,0.00024752475247524753,3,0,0.0,0.0,0.0001707232586158408,0.3333333333333333,0.00021476310017421154
2773,leo,6170607,0.00041254125412541255,3,2,0.00010254635795317451,0.17432282121645643,0.00018907358984266538,0.7,0.001246394493457405
2774,jordonias,6597397,0.0014026402640264027,1,16,3.3806595482616374e-06,0.17691463976586336,0.00013682897961872094,0.04411764705882353,0.0007100684325674247
2775,iyuq,2170848,0.00016501650165016502,2,0,0.0,0.0,0.00014568663444856417,1.0,0.0016141739625489854
2776,chiawendt,16285118,0.00033003300330033004,2,2,9.951560627341195e-08,0.00033003300330033004,0.00014419025903404694,0.16666666666666666,0.000867573832166685
2777,TrejGun,185285,0.005198019801980198,62,1,5.960052839850238e-06,0.00016501650165016502,0.0045959613804981165,0.03891449052739376,0.01446239437530022
2778,adi,10928150,8.250825082508251e-05,1,0,0.0,0.0,0.00011520065321141358,0.0,0.000702965974394246
2779,jhogoforbroke,3209331,8.250825082508251e-05,1,0,0.0,0.0,0.00011520065321141358,0.0,0.000702965974394246
2780,mqsoh,315803,0.00024752475247524753,3,0,0.0,0.0,0.00015008759080974848,0.6666666666666666,0.0037908233234358003
2781,josevillacreses,10968881,8.250825082508251e-05,1,0,0.0,0.0,0.00011676194857518352,0.0,0.0011247455590307936
2782,taueres,3669079,8.250825082508251e-05,1,0,0.0,0.0,0.00011520065321141358,0.0,0.000702965974394246
2783,devntd,6114983,0.00016501650165016502,2,0,0.0,0.0,0.0001337778479404668,1.0,0.00017356679203812944
2784,maqnouch,3692812,8.250825082508251e-05,1,0,0.0,0.0,0.00011520065321141358,0.0,0.000702965974394246
2785,magicdawn,4067115,8.250825082508251e-05,1,0,0.0,0.0,0.0001162415167872602,0.0,0.0009841523641519443
2786,davidhadas,4232801,8.250825082508251e-05,1,0,0.0,0.0,0.00011728238036310684,0.0,0.0012653387539096428
2787,hh9527,3439410,0.00024752475247524753,3,0,0.0,0.0,0.00030765903277167616,0.0,0.0009841523641519443
2788,nicholasf,19967,0.00016501650165016502,1,1,0.0,0.19054779522823034,0.0001162415167872602,1.0,0.0009841523641519443
2789,frankxw,6488033,0.0007425742574257426,2,7,2.8180560230578936e-05,0.0011734506784011735,0.00014441957132141353,0.1388888888888889,0.005181811978010264
2790,Joshua-F,924482,0.00016501650165016502,2,0,0.0,0.0,0.0006078223268312355,1.0,0.001560430257409207
2791,vinojoy,16272907,8.250825082508251e-05,1,0,0.0,0.0,0.00011728238036310684,0.0,0.0012653387539096428
2792,yordis,4237280,0.00016501650165016502,2,0,0.0,0.0,0.00013434240480985517,1.0,0.000702965974394246
2793,urosjarc,8678755,0.0,0,0,0.0,0.0,0.000112598494271797,0.0,0.0
2794,pktippa,7558577,8.250825082508251e-05,1,0,0.0,0.0,0.00011728238036310684,0.0,0.0012653387539096428
2795,sampsakuronen,1944139,8.250825082508251e-05,1,0,0.0,0.0,0.00011520065321141358,0.0,0.000702965974394246
2796,yjgaia,1523129,0.00016501650165016502,2,0,0.0,0.0,0.0001237581699101585,1.0,0.0016813029870949583
2797,anselmh,399345,8.250825082508251e-05,1,0,0.0,0.0,0.00011520065321141358,0.0,0.000702965974394246
2798,rolandjitsu,1479737,0.0008250825082508251,10,0,0.0,0.0,0.0005888034010436263,0.2222222222222222,0.016906954712673897
2799,Josema,1819888,0.00016501650165016502,2,0,0.0,0.0,0.00016305503220751758,0.0,0.000702965974394246
2800,jifeon,384223,8.250825082508251e-05,1,0,0.0,0.0,0.0001162415167872602,0.0,0.0009841523641519443
2801,JSteunou,2323127,0.00016501650165016502,2,0,0.0,0.0,0.00021663416087077802,0.0,0.002249491118061587
2802,aseolin,3073667,8.250825082508251e-05,1,0,0.0,0.0,0.00011520065321141358,0.0,0.000702965974394246
2803,madarche,152407,0.00041254125412541255,4,1,0.00010262125403826068,0.1957674107982036,0.00024035366138906825,0.6,0.0029927267028957015
2804,aoberoi,494795,0.0004950495049504951,5,1,7.515297142543408e-07,0.00016501650165016502,0.00023647013103568704,0.3333333333333333,0.004940784232440857
2805,defunctzombie,84792,0.02103960396039604,55,200,0.006342927916013102,0.2746478004566713,0.004536562417526013,0.012045793927327028,0.029378038647759636
2806,FredericHeem,4118089,8.250825082508251e-05,1,0,0.0,0.0,0.00011832324393895347,0.0,0.0015465251436673412
2807,shankscript,2862389,0.00016501650165016502,2,0,0.0,0.0,0.00022349949927528954,0.0,0.0009856981677261426
2808,fbbdev,3287422,0.00016501650165016502,2,0,0.0,0.0,0.00012258603516343555,1.0,0.0003676537645464978
2809,Nepoxx,1477090,0.00016501650165016502,2,0,0.0,0.0,0.0002119502747794682,0.0,0.0009841523641519443
2810,rightaway,3680078,0.00016501650165016502,1,1,0.0,0.00024752475247524753,0.00012248669824234,1.0,0.002671270702698135
2811,joshuacaron,11246538,0.00033003300330033004,3,1,1.1574849513338857e-07,0.00016501650165016502,0.00026646369751743377,0.3333333333333333,0.0014350707082368627
2812,waqasmughal,7931844,8.250825082508251e-05,1,0,0.0,0.0,0.00011520065321141358,0.0,0.000702965974394246
2813,Ykid,4862636,0.0004950495049504951,6,0,0.0,0.0,0.0006341745820981501,0.13333333333333333,0.0032019087805907308
2814,sebastien-mignot,1381612,0.0005775577557755776,6,1,6.207545170531245e-06,0.00016501650165016502,0.0003739638130074615,0.19047619047619047,0.007097126746361225
2815,suzukua,1744697,8.250825082508251e-05,1,0,0.0,0.0,0.0001162415167872602,0.0,0.0009841523641519443
2816,wulfgarpro,955316,8.250825082508251e-05,1,0,0.0,0.0,0.00020830725226400498,0.0,0.0
2817,elantion,1912695,8.250825082508251e-05,1,0,0.0,0.0,0.00012040497109064673,0.0,0.002108897923182738
2818,stratboy,437598,8.250825082508251e-05,1,0,0.0,0.0,0.00011520065321141358,0.0,0.000702965974394246
2819,trquoccuong,7078282,0.00016501650165016502,2,0,0.0,0.0,0.0001189927670748869,1.0,0.0027735455133881958
2820,ricardohbin,368636,8.250825082508251e-05,1,0,0.0,0.0,0.00011520065321141358,0.0,0.000702965974394246
2821,brickyang,3139237,8.250825082508251e-05,1,0,0.0,0.0,0.0001162415167872602,0.0,0.0009841523641519443
2822,ronkorving,631240,0.00041254125412541255,2,3,7.304259611195201e-07,0.24131346272366583,0.00014446323985025226,0.4,0.0001880664312292401
2823,dortamur,5205615,8.250825082508251e-05,1,0,0.0,0.0,0.00011728238036310684,0.0,0.0012653387539096428
2824,ngnguyen1,1486790,0.00016501650165016502,2,0,0.0,0.0,0.0002119502747794682,0.0,0.0009841523641519443
2825,hellboy81,341600,8.250825082508251e-05,1,0,0.0,0.0,0.0001162415167872602,0.0,0.0009841523641519443
2826,capaj,1305378,0.00024752475247524753,2,1,3.334020516756967e-06,0.00016501650165016502,0.00012304738925344872,0.6666666666666666,0.000986095878563681
2827,eli5zen,10067209,8.250825082508251e-05,1,0,0.0,0.0,0.00011468022142349027,0.0,0.0005623727795153968
2828,chetan988,8217649,8.250825082508251e-05,1,0,0.0,0.0,0.00011728238036310684,0.0,0.0012653387539096428
2829,stevemao,6316590,8.250825082508251e-05,1,0,0.0,0.0,0.0001261297207578032,0.0,0.003655423066850079
2830,uiteoi,102310,8.250825082508251e-05,1,0,0.0,0.0,0.00011468022142349027,0.0,0.0005623727795153968
2831,eranbrill,9510719,8.250825082508251e-05,1,0,0.0,0.0,0.00011363935784764363,0.0,0.0002811863897576984
2832,ankurmishracse,4936604,8.250825082508251e-05,1,0,0.0,0.0,0.00011520065321141358,0.0,0.000702965974394246
2833,reallistic,3686226,8.250825082508251e-05,1,0,0.0,0.0,0.00011728238036310684,0.0,0.0012653387539096428
2834,DCKT,1548421,0.00016501650165016502,2,0,0.0,0.0,0.0001259337109260298,1.0,0.0012681797371789144
2835,jacob-faber,4454502,8.250825082508251e-05,1,0,0.0,0.0,0.0001162415167872602,0.0,0.0009841523641519443
2836,fatfisz,6004414,8.250825082508251e-05,1,0,0.0,0.0,0.00011728238036310684,0.0,0.0012653387539096428
2837,DinisCruz,656739,0.00041254125412541255,5,0,0.0,0.0,0.00016227268109560332,0.6,0.003563359861268903
2838,calebmer,8282507,0.00016501650165016502,1,1,0.0,0.192014988277989,0.00011572108499933689,1.0,0.0008435591692730951
2839,silenceisgolden,2043439,0.00016501650165016502,2,0,0.0,0.0,0.00012112744924730873,1.0,0.0010074803194844882
2840,jabrena,147263,0.0016501650165016502,20,0,0.0,0.0,0.0012668668100484625,0.03684210526315789,0.006604879943745915
2841,mjm,1181,0.0005775577557755776,7,0,0.0,0.0,0.0005268730934134034,0.14285714285714285,0.001286111191915871
2842,merpnderp,78594,8.250825082508251e-05,1,0,0.0,0.0,0.00011728238036310684,0.0,0.0012653387539096428
2843,diosney,1340074,0.0007425742574257426,8,1,3.6959542825131866e-07,0.00022002200220022002,0.00042191243625571865,0.1388888888888889,0.0017685210437037588
2844,octref,4033249,8.250825082508251e-05,1,0,0.0,0.0,0.00011520065321141358,0.0,0.000702965974394246
2845,desenmeng,1209159,0.00024752475247524753,3,0,0.0,0.0,0.00017225214545300242,0.6666666666666666,0.002630892333331491
2846,blitmap,1560788,0.00033003300330033004,4,0,0.0,0.0,0.0001358008476047337,0.6666666666666666,0.004848312643496981
2847,StevenRoan,1586127,8.250825082508251e-05,1,0,0.0,0.0,0.0001162415167872602,0.0,0.0009841523641519443
2848,hypesystem,859106,0.00016501650165016502,1,1,0.0,0.2412389602652763,0.0001162415167872602,0.0,0.0009841523641519443
2849,vehsakul,4193825,0.00016501650165016502,2,0,0.0,0.0,0.00012226861799258506,1.0,0.0008094283761991422
2850,AlexKVal,847572,8.250825082508251e-05,1,0,0.0,0.0,0.00011520065321141358,0.0,0.000702965974394246
2851,kfiron,2239908,8.250825082508251e-05,1,0,0.0,0.0,0.00011520065321141358,0.0,0.000702965974394246
2852,fourpixels,6096926,0.0004950495049504951,5,1,7.408951186230381e-07,0.00016501650165016502,0.0005758809880257208,0.26666666666666666,0.0030309515303951567
2853,leaves4j,6735681,8.250825082508251e-05,1,0,0.0,0.0,0.00011498472433067367,0.0,0.0016151503779710194
2854,bclinkinbeard,140343,8.250825082508251e-05,1,0,0.0,0.0,0.00011520065321141358,0.0,0.000702965974394246
2855,coxd,1314021,8.250825082508251e-05,1,0,0.0,0.0,0.00011572108499933689,0.0,0.0008435591692730951
2856,OKNoah,3739277,0.0005775577557755776,7,0,0.0,0.0,0.00046986385915221714,0.09523809523809523,0.001165569480862745
2857,Chris911,1198196,8.250825082508251e-05,1,0,0.0,0.0,0.00011572108499933689,0.0,0.0008435591692730951
2858,jasisk,62923,8.250825082508251e-05,1,0,0.0,0.0,0.00011572108499933689,0.0,0.0008435591692730951
2859,Myhlamaeus,3647827,0.00016501650165016502,1,1,3.144667992550221e-07,0.1471512226552222,0.00011438342665758211,0.0,0.002051420346899556
2860,gavelino,666210,0.00024752475247524753,3,0,0.0,0.0,0.00016613102576055268,0.6666666666666666,0.000798901912654944
2861,yahao87,10890178,0.00024752475247524753,3,0,0.0,0.0,0.00015935276133892756,0.6666666666666666,0.0035148298719712297
2862,sandipp,1552163,0.0,0,0,0.0,0.0,0.000112598494271797,0.0,0.0
2863,angelsanzn,2227888,0.00024752475247524753,3,0,0.0,0.0,0.00014034088470454574,1.0,0.002057548541755243
2864,leftstick,1059956,8.250825082508251e-05,1,0,0.0,0.0,0.0001162415167872602,0.0,0.0009841523641519443
2865,matthewloring,1485909,8.250825082508251e-05,1,0,0.0,0.0,0.00011520065321141358,0.0,0.000702965974394246
2866,dolph2,4214687,0.00016501650165016502,2,0,0.0,0.0,0.00012124927854068756,1.0,0.0005707683809540743
2867,Ironprod,8128912,0.00016501650165016502,2,0,0.0,0.0,0.0002119502747794682,0.0,0.0009841523641519443
2868,lukeavsec,11494567,8.250825082508251e-05,1,0,0.0,0.0,0.00012092540287857005,0.0,0.002249491118061587
2869,behrangsa,18451,0.00016501650165016502,2,0,0.0,0.0,0.00011869558750500912,1.0,0.0009841523641519443
2870,danillouz,6201287,8.250825082508251e-05,1,0,0.0,0.0,0.00011676194857518352,0.0,0.0011247455590307936
2871,466023746,10148735,8.250825082508251e-05,1,0,0.0,0.0,0.00011520065321141358,0.0,0.000702965974394246
2872,finscn,288367,8.250825082508251e-05,1,0,0.0,0.0,0.0001162415167872602,0.0,0.0009841523641519443
2873,ericuldall,3223296,0.00016501650165016502,1,1,0.0,0.00016501650165016502,0.0001162415167872602,1.0,0.0009841523641519443
2874,elliotf,22679,8.250825082508251e-05,1,0,0.0,0.0,0.00011728238036310684,0.0,0.0012653387539096428
2875,sarbbottam,949380,8.250825082508251e-05,1,0,0.0,0.0,0.00011520065321141358,0.0,0.000702965974394246
2876,NoelBaron,6867744,0.00016501650165016502,2,0,0.0,0.0,0.00012707738998464025,1.0,0.002441362994582983
2877,xdc0,554933,0.0007425742574257426,8,1,0.00041232819547986217,0.19270955087945493,0.0005584922038868626,0.16666666666666666,0.0037363334702599964
2878,gustavnikolaj,1371503,0.00041254125412541255,5,0,0.0,0.0,0.0004560323205914873,0.2,0.0024374839399957777
2879,pueding,114452,8.250825082508251e-05,1,0,0.0,0.0,0.00011520065321141358,0.0,0.000702965974394246
2880,ibc,16191,0.0010726072607260726,12,1,8.601701893245933e-07,0.00016501650165016502,0.0007235671990582048,0.10256410256410256,0.008921126762790572
2881,7nights,3193621,8.250825082508251e-05,1,0,0.0,0.0,0.00011520065321141358,0.0,0.000702965974394246
2882,svnh,4637902,8.250825082508251e-05,1,0,0.0,0.0,0.00011505256498954592,0.0,0.0
2883,gfung,10197722,0.00016501650165016502,2,0,0.0,0.0,0.00012077731465670239,1.0,0.0015465251436673412
2884,ricordisamoa,4588496,0.00033003300330033004,4,0,0.0,0.0,0.0001259087381657761,0.6666666666666666,0.00602519799211094
2885,weikinhuang,794658,0.00016501650165016502,2,0,0.0,0.0,0.00013066504224857004,1.0,0.003742439785933594
2886,brendanashworth,3038254,0.00016501650165016502,2,0,0.0,0.0,0.00012622905767889877,1.0,0.0013518061286984422
2887,taylor009,13009418,8.250825082508251e-05,1,0,0.0,0.0,0.00011884367572687678,0.0,0.0016871183385461903
2888,goonoo,569879,8.250825082508251e-05,1,0,0.0,0.0,0.00011728238036310684,0.0,0.0012653387539096428
2889,phillipwei,557873,0.00016501650165016502,2,0,0.0,0.0,0.00021090941120362156,0.0,0.000702965974394246
2890,wholroyd,147990,8.250825082508251e-05,1,0,0.0,0.0,0.00011884367572687678,0.0,0.0016871183385461903
2891,pirhoo,471176,0.00016501650165016502,2,0,0.0,0.0,0.00021038897941569825,0.0,0.0005623727795153968
2892,Dexus,1674289,8.250825082508251e-05,1,0,0.0,0.0,0.00011676194857518352,0.0,0.0011247455590307936
2893,skleeschulte,3659947,8.250825082508251e-05,1,0,0.0,0.0,0.00011728238036310684,0.0,0.0012653387539096428
2894,vsopvsop,5552204,8.250825082508251e-05,1,0,0.0,0.0,0.0001193641075148001,0.0,0.0018277115334250395
2895,dnutels,1825272,8.250825082508251e-05,1,0,0.0,0.0,0.00012040497109064673,0.0,0.002108897923182738
2896,mogelbrod,150084,8.250825082508251e-05,1,0,0.0,0.0,0.00011520065321141358,0.0,0.000702965974394246
2897,dotnetCarpenter,43763,0.00024752475247524753,3,0,0.0,0.0,0.00021911039149641705,0.3333333333333333,0.0027243732646424707
2898,dmkc,118149,0.00024752475247524753,3,0,0.0,0.0,0.00017545810276969057,0.6666666666666666,0.003075292052969833
2899,DaleCox,4256801,8.250825082508251e-05,1,0,0.0,0.0,0.00011468022142349027,0.0,0.0005623727795153968
2900,AtsushiSuzuki,4677401,8.250825082508251e-05,1,0,0.0,0.0,0.00011728238036310684,0.0,0.0012653387539096428
2901,stuartpb,572196,0.00024752475247524753,2,1,6.123322350389849e-07,0.10164421892713943,0.00013568643092337835,0.6666666666666666,0.004377503094271691
2902,ahmadnassri,183195,0.00033003300330033004,3,1,5.446988006277109e-08,0.00022002200220022002,0.00023503024245547448,0.3333333333333333,0.004083717821546595
2903,behcet,4560012,0.00016501650165016502,2,0,0.0,0.0,0.00012531946527392845,1.0,0.002103082571731506
2904,fairsayan,897578,8.250825082508251e-05,1,0,0.0,0.0,0.0001193641075148001,0.0,0.0018277115334250395
2905,ioncreature,97810,8.250825082508251e-05,1,0,0.0,0.0,0.00011780281215103015,0.0,0.001405931948788492
2906,cappslock,2079125,0.00016501650165016502,1,1,0.0,0.1957674107982036,0.00011520065321141358,1.0,0.000702965974394246
2907,kdzwinel,985504,0.00016501650165016502,2,0,0.0,0.0,0.00021299113835531483,0.0,0.0012653387539096428
2908,rudolfschmidt,1162911,8.250825082508251e-05,1,0,0.0,0.0,0.00011728238036310684,0.0,0.0012653387539096428
2909,juliocanares,5007653,0.00024752475247524753,1,2,0.0,0.188646304273112,0.0001162415167872602,0.6666666666666666,0.0009841523641519443
2910,sparkida,3671173,8.250825082508251e-05,1,0,0.0,0.0,0.00011363935784764363,0.0,0.0002811863897576984
2911,grimurd,4043301,0.00024752475247524753,3,0,0.0,0.0,0.0003658035419811906,0.0,0.0004910971944897182
2912,silkentrance,6068824,8.250825082508251e-05,1,0,0.0,0.0,0.00011520065321141358,0.0,0.000702965974394246
2913,za-creature,1210845,8.250825082508251e-05,1,0,0.0,0.0,0.00011520065321141358,0.0,0.000702965974394246
2914,julien51,17735,0.00024752475247524753,3,0,0.0,0.0,0.00021822766361309631,0.3333333333333333,0.0012106562874874924
2915,aredridel,2876,0.0032178217821782176,9,30,0.0009896820898068616,0.26628637701893554,0.00024065114826560513,0.1380952380952381,0.02091152812341362
2916,MichaelHedman,3403815,0.00024752475247524753,3,0,0.0,0.0,0.000286340338586451,0.0,0.004920761820759722
2917,mgoldsborough,1759329,8.250825082508251e-05,1,0,0.0,0.0,0.00011728238036310684,0.0,0.0012653387539096428
2918,tanqhnguyen,910024,0.0007425742574257426,5,4,2.392770315324638e-05,0.13624638052296947,0.00018508094578662524,0.16666666666666666,0.0058853060784751525
2919,aks-,8316625,0.00024752475247524753,3,0,0.0,0.0,0.00012395618718721242,1.0,0.005259705742378059
2920,listepo,2510800,0.00041254125412541255,1,4,0.0,0.24821251343685827,0.00011780281215103015,0.6666666666666666,0.001405931948788492
2921,gnowoel,543961,8.250825082508251e-05,1,0,0.0,0.0,0.00011520065321141358,0.0,0.000702965974394246
2922,NortonLee,10142351,0.00024752475247524753,3,0,0.0,0.0,0.00021232261834552385,0.3333333333333333,0.00042177958463654756
2923,Madd0g,1171003,8.250825082508251e-05,1,0,0.0,0.0,0.0001162415167872602,0.0,0.0009841523641519443
2924,rgagnon24,546197,8.250825082508251e-05,1,0,0.0,0.0,0.00011520065321141358,0.0,0.000702965974394246
2925,truonguit2010,4622117,0.00016501650165016502,2,0,0.0,0.0,0.00016638989712167767,0.0,0.0007042648919717063
2926,jloveridge,393606,8.250825082508251e-05,1,0,0.0,0.0,0.00011520065321141358,0.0,0.000702965974394246
2927,rndmania,8316060,0.00016501650165016502,2,0,0.0,0.0,0.00012464365977843283,1.0,0.001422844153508903
2928,chrisinajar,422331,0.00016501650165016502,2,0,0.0,0.0,0.0001260554384575317,1.0,0.0030662620494370154
2929,canebat,11918212,0.00016501650165016502,2,0,0.0,0.0,0.00014918529969384282,0.0,0.0012653387539096428
2930,anissajed,1622005,8.250825082508251e-05,1,0,0.0,0.0,0.00012196626645441668,0.0,0.0025306775078192856
2931,cloidjgreen,3143805,8.250825082508251e-05,1,0,0.0,0.0,0.00011520065321141358,0.0,0.000702965974394246
2932,refractalize,123917,0.00016501650165016502,2,0,0.0,0.0,0.00014391328060907598,0.0,0.000702965974394246
2933,igncp,5245900,8.250825082508251e-05,1,0,0.0,0.0,0.00011415978963556695,0.0,0.00042177958463654756
2934,Pana,552081,0.00016501650165016502,2,0,0.0,0.0,0.00012335304216822113,1.0,0.0009051327395356714
2935,jon49,3173098,8.250825082508251e-05,1,0,0.0,0.0,0.00011728238036310684,0.0,0.0012653387539096428
2936,smcmurray,1036479,8.250825082508251e-05,1,0,0.0,0.0,0.00011520065321141358,0.0,0.000702965974394246
2937,dee-kap,917512,0.00016501650165016502,2,0,0.0,0.0,0.0001279787079549911,1.0,0.0028637669596364153
2938,dominhhai,1484298,0.00024752475247524753,3,0,0.0,0.0,0.00021336348192137048,0.3333333333333333,0.000702965974394246
2939,kushG,8779995,8.250825082508251e-05,1,0,0.0,0.0,0.00011520065321141358,0.0,0.000702965974394246
2940,kevbook,926720,0.00016501650165016502,1,1,0.0,0.19054779522823034,0.00011520065321141358,1.0,0.000702965974394246
2941,herokuprojects666,10873876,8.250825082508251e-05,1,0,0.0,0.0,0.00011520065321141358,0.0,0.000702965974394246
2942,ECP-Black,370674,0.00016501650165016502,2,0,0.0,0.0,0.00021090941120362156,0.0,0.000702965974394246
2943,panuhorsmalahti,2162413,0.00016501650165016502,2,0,0.0,0.0,0.00012020841496484093,1.0,0.00028958199119637586
2944,B3rn475,2686902,0.00016501650165016502,2,0,0.0,0.0,0.00012566424084879248,1.0,0.0009473652933919579
2945,facundocabrera,29705,8.250825082508251e-05,1,0,0.0,0.0,0.00011468022142349027,0.0,0.0005623727795153968
2946,g00dnatur3,1024460,0.00024752475247524753,3,0,0.0,0.0,0.0003222127967375118,0.6666666666666666,0.001058722291172151
2947,yp28,4119194,8.250825082508251e-05,1,0,0.0,0.0,0.00011520065321141358,0.0,0.000702965974394246
2948,netergart,5553150,8.250825082508251e-05,1,0,0.0,0.0,0.00011520065321141358,0.0,0.000702965974394246
2949,Yuotta,5524801,0.00016501650165016502,2,0,0.0,0.0,0.0002119502747794682,0.0,0.0009841523641519443
2950,BijurajE,11734893,8.250825082508251e-05,1,0,0.0,0.0,0.00011520065321141358,0.0,0.000702965974394246
2951,juancabrera,355253,8.250825082508251e-05,1,0,0.0,0.0,0.0001162415167872602,0.0,0.0009841523641519443
2952,tikotzky,200528,8.250825082508251e-05,1,0,0.0,0.0,0.00011728238036310684,0.0,0.0012653387539096428
2953,tcort,216720,8.250825082508251e-05,1,0,0.0,0.0,0.00011520065321141358,0.0,0.000702965974394246
2954,ilanbiala,3695164,0.0014851485148514852,13,5,0.0006929760063632395,0.2484492821301208,0.000718238141469147,0.21323529411764705,0.0087097145038887
2955,damphat,677382,0.00024752475247524753,3,0,0.0,0.0,0.00014919144514240605,0.6666666666666666,0.004778124196039421
2956,alex-dixon,9045165,8.250825082508251e-05,1,0,0.0,0.0,0.00011520065321141358,0.0,0.000702965974394246
2957,seedofjoy,3496596,8.250825082508251e-05,1,0,0.0,0.0,0.00011415978963556695,0.0,0.00042177958463654756
2958,akyoto,438936,8.250825082508251e-05,1,0,0.0,0.0,0.0001162415167872602,0.0,0.0009841523641519443
2959,cryptism,9801369,8.250825082508251e-05,1,0,0.0,0.0,0.00011832324393895347,0.0,0.0015465251436673412
2960,wavded,26638,0.0011551155115511551,14,0,0.0,0.0,0.0013558189308146718,0.06593406593406594,0.007069239038325656
2961,wangyangkobe,3325533,8.250825082508251e-05,1,0,0.0,0.0,0.00011520065321141358,0.0,0.000702965974394246
2962,Markkos89,2791028,8.250825082508251e-05,1,0,0.0,0.0,0.00011832324393895347,0.0,0.0015465251436673412
2963,romanzubenko,1948733,8.250825082508251e-05,1,0,0.0,0.0,0.00011520065321141358,0.0,0.000702965974394246
2964,catamphetamine,477167,0.00024752475247524753,3,0,0.0,0.0,0.00022818028234073594,0.3333333333333333,0.0009606981597643423
2965,PiotrWpl,1515300,0.00016501650165016502,2,0,0.0,0.0,0.00012531311252614457,1.0,0.002108897923182738
2966,quiddle,976237,0.00016501650165016502,2,0,0.0,0.0,0.0007302330604193503,1.0,0.0007438934816746041
2967,Tineler,6512608,0.00016501650165016502,2,0,0.0,0.0,0.00012677747208203824,1.0,0.00029797759263505333
2968,Pomax,177243,0.00033003300330033004,4,0,0.0,0.0,0.0002305642786145058,0.5,0.0028201353407782907
2969,codeniac,8115393,0.00024752475247524753,3,0,0.0,0.0,0.0003954113126310705,0.0,0.0021106374222690737
2970,danielkhan,2722161,8.250825082508251e-05,1,0,0.0,0.0,0.00011468022142349027,0.0,0.0005623727795153968
2971,sjmeverett,1624432,0.00041254125412541255,5,0,0.0,0.0,0.00023901219242562332,0.3,0.0010237081288184497
2972,daxim,104814,0.00016501650165016502,2,0,0.0,0.0,0.00012836191667829562,1.0,0.0005961971889562189
2973,dmolinarius,4467005,8.250825082508251e-05,1,0,0.0,0.0,0.0001162415167872602,0.0,0.0009841523641519443
2974,joepie91,1663259,0.00016501650165016502,1,1,0.0,0.192014988277989,0.00011520065321141358,1.0,0.000702965974394246
2975,hex7c0,4419146,0.00024752475247524753,3,0,0.0,0.0,0.00018035838832314638,0.6666666666666666,0.010078610268261538
2976,serby,254583,0.0008250825082508251,10,0,0.0,0.0,0.0007622049402486727,0.15555555555555556,0.0055443310752034585
2977,charyorde,160010,8.250825082508251e-05,1,0,0.0,0.0,0.0001162415167872602,0.0,0.0009841523641519443
2978,gabrielstuff,285033,8.250825082508251e-05,1,0,0.0,0.0,0.00012040497109064673,0.0,0.002108897923182738
2979,louis-she,2050207,8.250825082508251e-05,1,0,0.0,0.0,0.00011520065321141358,0.0,0.000702965974394246
2980,mgenev,3029803,0.00016501650165016502,1,1,0.0,0.2412389602652763,0.00011520065321141358,0.0,0.000702965974394246
2981,ekyo,1851447,8.250825082508251e-05,1,0,0.0,0.0,0.00012248669824234,0.0,0.002671270702698135
2982,gtomitsuka,10295671,0.00016501650165016502,1,1,0.0,0.192014988277989,0.00011728238036310684,1.0,0.0012653387539096428
2983,sethkrasnianski,1910114,8.250825082508251e-05,1,0,0.0,0.0,0.00011520065321141358,0.0,0.000702965974394246
2984,StreetStrider,2124761,0.00024752475247524753,2,1,2.7234940031385545e-08,0.00016501650165016502,0.00021090941120362156,0.3333333333333333,0.000702965974394246
2985,papandreou,373545,0.0006600660066006601,5,3,8.736533396585441e-06,0.0004950495049504951,0.0004855803461841677,0.2857142857142857,0.005921723625750039
2986,rhys-vdw,822105,8.250825082508251e-05,1,0,0.0,0.0,0.0001292523114853431,0.0,0.004498982236123174
2987,halfdan,176576,0.00016501650165016502,2,0,0.0,0.0,0.00021403200193116146,0.0,0.0015465251436673412
2988,vsromanc,8040136,8.250825082508251e-05,1,0,0.0,0.0,0.00011363935784764363,0.0,0.0002811863897576984
2989,ryanmeador,1176600,0.00016501650165016502,1,1,0.0,0.1992281979345308,0.00011832324393895347,1.0,0.0015465251436673412
2990,marcelijanowski,345851,0.00016501650165016502,2,0,0.0,0.0,0.0002119502747794682,0.0,0.0009841523641519443
2991,brycefisher,220106,8.250825082508251e-05,1,0,0.0,0.0,0.00011468022142349027,0.0,0.0005623727795153968
2992,DarkScorpion,1926649,0.00016501650165016502,2,0,0.0,0.0,0.00012086420271339811,1.0,0.0007388563203840176
2993,lpww,8637335,8.250825082508251e-05,1,0,0.0,0.0,0.00011520065321141358,0.0,0.000702965974394246
2994,bullwinkle,3613558,8.250825082508251e-05,1,0,0.0,0.0,0.0001162415167872602,0.0,0.0009841523641519443
2995,koulmomo,983861,8.250825082508251e-05,1,0,0.0,0.0,0.00011728238036310684,0.0,0.0012653387539096428
2996,YouriT,1449797,8.250825082508251e-05,1,0,0.0,0.0,0.00011884367572687678,0.0,0.0016871183385461903
2997,micha149,298880,0.00033003300330033004,3,1,0.00010366035644728837,0.18687172966340002,0.0002205013471557235,0.3333333333333333,0.004771389384492417
2998,limianwang,1587797,8.250825082508251e-05,1,0,0.0,0.0,0.0001162415167872602,0.0,0.0009841523641519443
2999,hansmbakker,3463496,0.00016501650165016502,2,0,0.0,0.0,0.0001303925119822853,1.0,0.002476551687729236
3000,lvn,7042541,8.250825082508251e-05,1,0,0.0,0.0,0.00011520065321141358,0.0,0.000702965974394246
3001,therigu,179094,8.250825082508251e-05,1,0,0.0,0.0,0.00011468022142349027,0.0,0.0005623727795153968
3002,adamzerner,3144254,8.250825082508251e-05,1,0,0.0,0.0,0.00011520065321141358,0.0,0.000702965974394246
3003,akesser,10295987,0.00033003300330033004,4,0,0.0,0.0,0.00026614917215174753,0.3333333333333333,0.0003676537645464978
3004,lipangit,2038071,0.00016501650165016502,2,0,0.0,0.0,0.0001325875673626822,1.0,0.00013809666362187657
3005,ifraixedes,1731633,8.250825082508251e-05,1,0,0.0,0.0,0.00011415978963556695,0.0,0.00042177958463654756
3006,kshay,71506,8.250825082508251e-05,1,0,0.0,0.0,0.00011832324393895347,0.0,0.0015465251436673412
3007,oskosk,746152,8.250825082508251e-05,1,0,0.0,0.0,0.00011520065321141358,0.0,0.000702965974394246
3008,berwin,3739368,0.0,0,0,0.0,0.0,0.000112598494271797,0.0,0.0
3009,paranoid-android,4273160,0.00041254125412541255,5,0,0.0,0.0,0.0004032418624499066,0.1,0.0007560685363385821
3010,drewtunes,80115,0.00024752475247524753,3,0,0.0,0.0,0.00013917283067469257,0.3333333333333333,0.0005875595838314292
3011,James-Parsons,4138815,8.250825082508251e-05,1,0,0.0,0.0,0.0001162415167872602,0.0,0.0009841523641519443
3012,chrisszeluga,6165360,8.250825082508251e-05,1,0,0.0,0.0,0.0001162415167872602,0.0,0.0009841523641519443
3013,tadatuta,475746,8.250825082508251e-05,1,0,0.0,0.0,0.00011415978963556695,0.0,0.00042177958463654756
3014,mehmetavsar,4456732,0.0005775577557755776,7,0,0.0,0.0,0.0006878919058008915,0.0,0.0002811863897576984
3015,rauno56,1334536,8.250825082508251e-05,1,0,0.0,0.0,0.00011520065321141358,0.0,0.000702965974394246
3016,jakeklassen,1383068,8.250825082508251e-05,1,0,0.0,0.0,0.00011363935784764363,0.0,0.0002811863897576984
3017,kenrick,760470,0.00033003300330033004,4,0,0.0,0.0,0.00014203423682524255,0.8333333333333334,0.005013474246110606
3018,sanderhouttekier,473305,8.250825082508251e-05,1,0,0.0,0.0,0.00011780281215103015,0.0,0.001405931948788492
3019,luca-moser,1385611,8.250825082508251e-05,1,0,0.0,0.0,0.00011468022142349027,0.0,0.0005623727795153968
3020,jackspaniel,10325861,8.250825082508251e-05,1,0,0.0,0.0,0.00011363935784764363,0.0,0.0002811863897576984
3021,danieljuhl,2785418,0.0008250825082508251,9,1,4.3179230428703016e-07,0.00016501650165016502,0.0007245337157936813,0.13333333333333333,0.004093205582957399
3022,arnauddri,3715491,0.00016501650165016502,2,0,0.0,0.0,0.00016409589578336419,0.0,0.0009841523641519443
3023,lediur,1077648,8.250825082508251e-05,1,0,0.0,0.0,0.00011728238036310684,0.0,0.0012653387539096428
3024,macalinao,401263,0.00024752475247524753,2,1,3.442960276882509e-06,0.00016501650165016502,0.00012072884675276425,0.3333333333333333,0.00043017518607522503
3025,lucianboboc,1366904,0.00016501650165016502,2,0,0.0,0.0,0.00013698955171469873,1.0,0.0012905255582256754
3026,bevacqua,934293,0.0009900990099009901,11,1,0.0007218923861031385,0.15091218546949653,0.0007973489048488,0.09090909090909091,0.005163778817704989
3027,jefflage,1093605,0.00024752475247524753,3,0,0.0,0.0,0.00022604219227658308,0.3333333333333333,0.0029544006068675695
3028,jstkim7,5655548,8.250825082508251e-05,1,0,0.0,0.0,0.00011415978963556695,0.0,0.00042177958463654756
3029,binshel,3909479,8.250825082508251e-05,1,0,0.0,0.0,0.00011415978963556695,0.0,0.00042177958463654756
3030,doom-fr,7809481,8.250825082508251e-05,1,0,0.0,0.0,0.00011728238036310684,0.0,0.0012653387539096428
3031,colingoldberg,2991417,0.00016501650165016502,2,0,0.0,0.0,0.0002119502747794682,0.0,0.0009841523641519443
3032,cusspvz,3604053,8.250825082508251e-05,1,0,0.0,0.0,0.00012248669824234,0.0,0.002671270702698135
3033,the-t-in-rtf,5765222,8.250825082508251e-05,1,0,0.0,0.0,0.00011363935784764363,0.0,0.0002811863897576984
3034,krisselden,61024,8.250825082508251e-05,1,0,0.0,0.0,0.00011363935784764363,0.0,0.0002811863897576984
3035,cosmosgenius,1056039,0.00016501650165016502,2,0,0.0,0.0,0.00021247070656739149,0.0,0.0011247455590307936
3036,hemanth,18315,0.00033003300330033004,4,0,0.0,0.0,0.0001395850511532223,0.6666666666666666,0.0025590944934195544
3037,snowdream,737958,0.0004950495049504951,6,0,0.0,0.0,0.0004411928554880818,0.2,0.0018071681190896995
3038,190n,7763597,0.00016501650165016502,1,1,0.0,0.17755786826978412,0.00011363935784764363,1.0,0.0002811863897576984
3039,nvcken,3489866,8.250825082508251e-05,1,0,0.0,0.0,0.00011832324393895347,0.0,0.0015465251436673412
3040,danielgindi,366926,0.00041254125412541255,4,1,0.00010617680276028916,0.19053230731510115,0.00024145638582155166,0.3333333333333333,0.002456939385020959
3041,nmandel,7317887,0.00016501650165016502,2,0,0.0,0.0,0.00012310646695135887,1.0,0.000508246959425347
3042,jczaplew,1739551,0.00024752475247524753,2,1,0.0,0.00016501650165016502,0.00012069266292406468,1.0,0.0008954622313325266
3043,troygoode,72844,0.00016501650165016502,2,0,0.0,0.0,0.0001324473688146167,1.0,0.002056158971172324
3044,Fabryprog,8210189,0.00024752475247524753,3,0,0.0,0.0,0.00021864160572219977,0.3333333333333333,0.0022227028801639196
3045,YukonSaint,4625659,8.250825082508251e-05,1,0,0.0,0.0,0.00012248669824234,0.0,0.002671270702698135
3046,malgorithms,614943,8.250825082508251e-05,1,0,0.0,0.0,0.0001162415167872602,0.0,0.0009841523641519443
3047,morwalz,3679081,8.250825082508251e-05,1,0,0.0,0.0,0.00011520065321141358,0.0,0.000702965974394246
3048,OliPelz,2950651,0.00016501650165016502,2,0,0.0,0.0,0.000121213094711988,1.0,0.0010360554262113758
3049,moll,156837,0.00016501650165016502,1,1,0.0,0.1992281979345308,0.00011676194857518352,1.0,0.0011247455590307936
3050,lmk123,5035625,0.00016501650165016502,1,1,0.0,0.18687172966340002,0.0001162415167872602,1.0,0.0009841523641519443
3051,izaakschroeder,206921,0.00024752475247524753,2,1,0.0,0.2412389602652763,0.00013871942058905833,1.0,0.0047260428057908236
3052,dronus,1840405,0.00016501650165016502,2,0,0.0,0.0,0.0001232313853744513,1.0,0.0015465251436673412
3053,zzz6519003,1625608,8.250825082508251e-05,1,0,0.0,0.0,0.00011520065321141358,0.0,0.000702965974394246
3054,altsang,2261105,0.0009075907590759076,9,2,0.0002355107356238974,0.19071832860610932,0.00035325819763310255,0.2545454545454545,0.004852048125694887
3055,Rovack,6605826,0.00041254125412541255,5,0,0.0,0.0,0.00021417621275219426,0.7,0.006326000652210161
3056,Lassi,700245,0.00016501650165016502,2,0,0.0,0.0,0.00012205675095810688,0.0,0.0009874099491819284
3057,jackielihf,3974585,0.00024752475247524753,3,0,0.0,0.0,0.00021596178067344703,0.6666666666666666,0.0010417699278626891
3058,Dreyer,294523,8.250825082508251e-05,1,0,0.0,0.0,0.00011520065321141358,0.0,0.000702965974394246
3059,QuantumKing,235305,0.00016501650165016502,2,0,0.0,0.0,0.00013408853182129364,1.0,0.0018277115334250395
3060,riston,782237,0.00016501650165016502,1,1,0.0,0.2412389602652763,0.00011520065321141358,0.0,0.000702965974394246
3061,VictorQueiroz,5693176,0.00016501650165016502,2,0,0.0,0.0,0.00011964785542315163,1.0,0.0011605098192175097
3062,frankrousseau,1336623,0.0007425742574257426,8,1,2.4154511922723614e-07,0.00016501650165016502,0.0005647496331000127,0.25,0.021349098218408965
3063,analytically,254434,8.250825082508251e-05,1,0,0.0,0.0,0.00012560928896987987,0.0,0.0035148298719712297
3064,luckydrq,1474688,0.00024752475247524753,1,2,0.0,0.00033003300330033004,0.00011520065321141358,0.6666666666666666,0.000702965974394246
3065,josemarjobs,138081,8.250825082508251e-05,1,0,0.0,0.0,0.00011520065321141358,0.0,0.000702965974394246
3066,oyyd,5847587,8.250825082508251e-05,1,0,0.0,0.0,0.00011520065321141358,0.0,0.000702965974394246
3067,dougmoscrop,586516,8.250825082508251e-05,1,0,0.0,0.0,0.00011884367572687678,0.0,0.0016871183385461903
3068,jaimeagudo,4053914,8.250825082508251e-05,1,0,0.0,0.0,0.0001162415167872602,0.0,0.0009841523641519443
3069,iq-dot,3438620,8.250825082508251e-05,1,0,0.0,0.0,0.00011728238036310684,0.0,0.0012653387539096428
3070,arcanis,1037931,0.00024752475247524753,1,2,0.0,0.19204645067161147,0.0001162415167872602,0.6666666666666666,0.0009841523641519443
3071,jmar777,183199,0.00024752475247524753,3,0,0.0,0.0,0.00014434695105150456,1.0,0.002149635079320165
3072,maxim-grishaev,50437,0.00016501650165016502,2,0,0.0,0.0,0.00011827664676444867,1.0,0.000798901912654944
3073,sawyerzhu,4082271,8.250825082508251e-05,1,0,0.0,0.0,0.00011520065321141358,0.0,0.000702965974394246
3074,Zhang,5522395,0.00033003300330033004,4,0,0.0,0.0,0.00017295318919286387,1.0,0.0013350449107178035
3075,nnarhinen,265438,0.0008250825082508251,10,0,0.0,0.0,0.0008417524961435685,0.06666666666666667,0.0038696476920153638
3076,ahamid,77031,0.00024752475247524753,3,0,0.0,0.0,0.00031806766853014243,0.0,0.0037960162617289286
3077,xaka,504813,0.00024752475247524753,3,0,0.0,0.0,0.0001571843388562691,1.0,0.0037215890309896505
3078,xishvai,1906031,0.00016501650165016502,2,0,0.0,0.0,0.00021090941120362156,0.0,0.000702965974394246
3079,fishenal,1457884,8.250825082508251e-05,1,0,0.0,0.0,0.00011520065321141358,0.0,0.000702965974394246
3080,raitucarp,163585,8.250825082508251e-05,1,0,0.0,0.0,0.0001162415167872602,0.0,0.0009841523641519443
3081,omochi,312792,0.00024752475247524753,3,0,0.0,0.0,0.00032223112283352896,0.0,0.004920761820759722
3082,praf,1664622,8.250825082508251e-05,1,0,0.0,0.0,0.00011832324393895347,0.0,0.0015465251436673412
3083,modestemax,4639013,8.250825082508251e-05,1,0,0.0,0.0,0.00012144583466649336,0.0,0.002390084312940437
3084,barrelblur,3187877,0.00016501650165016502,2,0,0.0,0.0,0.00012205675095810688,0.0,0.0009874099491819284
3085,jhlange,2426688,0.00024752475247524753,3,0,0.0,0.0,0.00022610126997449326,0.3333333333333333,0.002476551687729236
3086,tonymilne,58188,8.250825082508251e-05,1,0,0.0,0.0,0.0001162415167872602,0.0,0.0009841523641519443
3087,Jason618,1276755,8.250825082508251e-05,1,0,0.0,0.0,0.00011520065321141358,0.0,0.000702965974394246
3088,iambchan,1360643,0.00024752475247524753,3,0,0.0,0.0,0.00015744007732067217,0.6666666666666666,0.0022818326727603367
3089,stefanpenner,1377,8.250825082508251e-05,1,0,0.0,0.0,0.00011520065321141358,0.0,0.000702965974394246
3090,mitica,1456557,0.00016501650165016502,2,0,0.0,0.0,0.00012413847810980016,0.0,0.0015497827286973251
3091,mujimu,850016,8.250825082508251e-05,1,0,0.0,0.0,0.0001162415167872602,0.0,0.0009841523641519443
3092,zmacomber,6527742,8.250825082508251e-05,1,0,0.0,0.0,0.00011520065321141358,0.0,0.000702965974394246
3093,darkoromanov,711784,8.250825082508251e-05,1,0,0.0,0.0,0.00011468022142349027,0.0,0.0005623727795153968
3094,vfermino,7974776,8.250825082508251e-05,1,0,0.0,0.0,0.00011520065321141358,0.0,0.000702965974394246
3095,lufias,5868109,8.250825082508251e-05,1,0,0.0,0.0,0.00011520065321141358,0.0,0.000702965974394246
3096,dspaeth-faber,7701058,8.250825082508251e-05,1,0,0.0,0.0,0.00011832324393895347,0.0,0.0015465251436673412
3097,SheetJSDev,6070939,8.250825082508251e-05,1,0,0.0,0.0,0.00011832324393895347,0.0,0.0015465251436673412
3098,delagen,783335,8.250825082508251e-05,1,0,0.0,0.0,0.00011363935784764363,0.0,0.0002811863897576984
3099,jmcbee,8855087,0.00024752475247524753,3,0,0.0,0.0,0.00017141629848250724,1.0,0.0015289647368798356
3100,tylerbrazier,4481528,0.0,0,0,0.0,0.0,0.000112598494271797,0.0,0.0
3101,nikcorg,816988,0.00024752475247524753,3,0,0.0,0.0,0.00030974075992336943,0.0,0.0015465251436673412
3102,nicroto,1172150,8.250825082508251e-05,1,0,0.0,0.0,0.00011468022142349027,0.0,0.0005623727795153968
3103,keirlawson,49213,8.250825082508251e-05,1,0,0.0,0.0,0.00011363935784764363,0.0,0.0002811863897576984
3104,nijikokun,198276,0.00033003300330033004,2,2,1.8577820895507973e-06,0.00033003300330033004,0.00011977549917784595,0.3333333333333333,0.0010373835650543926
3105,diversoft,2303685,8.250825082508251e-05,1,0,0.0,0.0,0.00011520065321141358,0.0,0.000702965974394246
3106,mderazon,717076,8.250825082508251e-05,1,0,0.0,0.0,0.0001162415167872602,0.0,0.0009841523641519443
3107,krisbarrett,671702,8.250825082508251e-05,1,0,0.0,0.0,0.0001162415167872602,0.0,0.0009841523641519443
3108,MicroConan,3262834,0.00016501650165016502,2,0,0.0,0.0,0.00011998609111102398,0.0,0.000702965974394246
3109,markreg,1209643,8.250825082508251e-05,1,0,0.0,0.0,0.0001162415167872602,0.0,0.0009841523641519443
3110,designfrontier,422540,0.0004950495049504951,6,0,0.0,0.0,0.0003532174587183152,0.2,0.0019008267825284043
3111,tarunlalwani,5294143,0.00024752475247524753,3,0,0.0,0.0,0.00015959677574811364,0.6666666666666666,0.0008208847158162149
3112,ErisDS,101513,0.00041254125412541255,3,2,1.906445802196988e-07,0.00033003300330033004,0.0002185193318966655,0.3,0.0009925479655906219
3113,albertorestifo,1037048,8.250825082508251e-05,1,0,0.0,0.0,0.00011520065321141358,0.0,0.000702965974394246
3114,misterdjules,811047,0.00024752475247524753,3,0,0.0,0.0,0.00017329855263681162,0.3333333333333333,0.00606062337108996
3115,strwind,2310406,0.00016501650165016502,2,0,0.0,0.0,0.000121213094711988,1.0,0.0010360554262113758
3116,jwalton,1771003,0.00024752475247524753,3,0,0.0,0.0,0.00021606713190834993,0.3333333333333333,0.001361274692170341
3117,Subash,3478693,8.250825082508251e-05,1,0,0.0,0.0,0.00011832324393895347,0.0,0.0015465251436673412
3118,aeos,5134130,8.250825082508251e-05,1,0,0.0,0.0,0.00011832324393895347,0.0,0.0015465251436673412
3119,hans-d,46201,0.00016501650165016502,2,0,0.0,0.0,0.00013794244485493932,1.0,0.0012763301554902784
3120,jigarjain,4211882,0.00041254125412541255,5,0,0.0,0.0,0.0003509040410590995,0.2,0.0037982049675458138
3121,aj07mm,3050129,8.250825082508251e-05,1,0,0.0,0.0,0.00015391862325546196,0.0,2.1982803161270954e-05
3122,ordre,8693360,8.250825082508251e-05,1,0,0.0,0.0,0.00011520065321141358,0.0,0.000702965974394246
3123,watch-the-stars,5200135,8.250825082508251e-05,1,0,0.0,0.0,0.00011780281215103015,0.0,0.001405931948788492
3124,benpptung,364314,0.0005775577557755776,7,0,0.0,0.0,0.00029714250719832503,0.5238095238095238,0.003053877813056507
3125,viniciuspinto,121031,8.250825082508251e-05,1,0,0.0,0.0,0.00011728238036310684,0.0,0.0012653387539096428
3126,backlost,4522159,0.00016501650165016502,2,0,0.0,0.0,0.0001233094815684317,1.0,0.0010906147659568407
3127,sgardn,1424950,8.250825082508251e-05,1,0,0.0,0.0,0.00011520065321141358,0.0,0.000702965974394246
3128,mlallan1307,7757725,0.00024752475247524753,3,0,0.0,0.0,0.00012532995184086972,1.0,0.0014131777542297722
3129,deitch,282526,0.00016501650165016502,2,0,0.0,0.0,0.00011833934762822764,1.0,0.00081621793606202
3130,jollen,1126021,8.250825082508251e-05,1,0,0.0,0.0,0.00011676194857518352,0.0,0.0011247455590307936
3131,danadanad,1916418,8.250825082508251e-05,1,0,0.0,0.0,0.00011572108499933689,0.0,0.0008435591692730951
3132,ausir0726,7247064,8.250825082508251e-05,1,0,0.0,0.0,0.00011520065321141358,0.0,0.000702965974394246
3133,Ansaga,4419180,8.250825082508251e-05,1,0,0.0,0.0,0.00011415978963556695,0.0,0.00042177958463654756
3134,Kapeli,1445635,0.00024752475247524753,3,0,0.0,0.0,0.00022709774850815693,0.3333333333333333,0.0024938904370592993
3135,zarkone,1899654,8.250825082508251e-05,1,0,0.0,0.0,0.00011832324393895347,0.0,0.0015465251436673412
3136,monsur,81861,0.00016501650165016502,2,0,0.0,0.0,0.0001244593852691558,1.0,0.0023027223189640354
3137,blackrosezy,1811410,8.250825082508251e-05,1,0,0.0,0.0,0.00011520065321141358,0.0,0.000702965974394246
3138,sidazhang,3519115,0.00016501650165016502,2,0,0.0,0.0,0.00012433568543952789,1.0,0.001879614595484471
3139,wclr,736697,8.250825082508251e-05,1,0,0.0,0.0,0.00011520065321141358,0.0,0.000702965974394246
3140,alvarotrigo,1706326,8.250825082508251e-05,1,0,0.0,0.0,0.0001193641075148001,0.0,0.0018277115334250395
3141,qbaty,190570,0.00016501650165016502,2,0,0.0,0.0,0.00012622905767889877,1.0,0.0013518061286984422
3142,sixlettervariables,8238690,0.0005775577557755776,3,4,2.0452603803130985e-05,0.0006875687568756876,0.00014583568733068063,0.19047619047619047,0.0023958382297267302
3143,stanac,8450675,0.00024752475247524753,3,0,0.0,0.0,0.00014062299199730268,1.0,0.0013922597567953305
3144,pintux,4560610,8.250825082508251e-05,1,0,0.0,0.0,0.0001162415167872602,0.0,0.0009841523641519443
3145,martindale,129761,0.00033003300330033004,4,0,0.0,0.0,0.0002502604612139147,0.5,0.0022485672776084292
3146,epmatsw,1126580,8.250825082508251e-05,1,0,0.0,0.0,0.00011520065321141358,0.0,0.000702965974394246
3147,tejasmanohar,5959235,0.00024752475247524753,2,1,0.0,0.2412389602652763,0.00011873463560199931,1.0,0.0007561971752966942
3148,slavaGanzin,1011721,0.00024752475247524753,3,0,0.0,0.0,0.00012324822468917645,1.0,0.0008508049747143753
3149,lwald,8516673,8.250825082508251e-05,1,0,0.0,0.0,0.00011520065321141358,0.0,0.000702965974394246
3150,aikimcr,5436992,8.250825082508251e-05,1,0,0.0,0.0,0.00011520065321141358,0.0,0.000702965974394246
3151,alsotang,1147375,8.250825082508251e-05,1,0,0.0,0.0,0.0001162415167872602,0.0,0.0009841523641519443
3152,jeremylevy,1233275,8.250825082508251e-05,1,0,0.0,0.0,0.0001162415167872602,0.0,0.0009841523641519443
3153,coderholic,26079,8.250825082508251e-05,1,0,0.0,0.0,0.00011832324393895347,0.0,0.0015465251436673412
3154,GarrettS,56098,0.00016501650165016502,2,0,0.0,0.0,0.00021138324581704005,0.0,9.593593826069797e-05
3155,manuelstofer,227334,0.00033003300330033004,4,0,0.0,0.0,0.00017451451526587187,0.3333333333333333,0.0057391978969391026
3156,wywzxxz,5335612,0.0,0,0,0.0,0.0,0.000112598494271797,0.0,0.0
3157,SebastienElet,541937,0.00024752475247524753,3,0,0.0,0.0,0.0001387869732128453,0.3333333333333333,0.0015756850878330209
3158,seth-admittedly,4643337,0.0005775577557755776,5,2,2.079553742009624e-06,0.0003712871287128713,0.00025642584660901614,0.47619047619047616,0.005008440838585236
3159,uzarubin,4978069,0.00024752475247524753,3,0,0.0,0.0,0.00014079148903673383,0.3333333333333333,0.0004973548267296968
3160,ioleon13,3785637,8.250825082508251e-05,1,0,0.0,0.0,0.00012950841627567517,0.0,8.385003280473188e-06
3161,ritch,462228,0.0019801980198019802,4,20,0.0002441675790135206,0.26538197406291064,0.00017100755809148517,0.15584415584415584,0.002542442289450104
3162,JoshWillik,2429492,0.00024752475247524753,3,0,0.0,0.0,0.00012660140124495442,1.0,0.0007894333491830454
3163,kethinov,419567,8.250825082508251e-05,1,0,0.0,0.0,0.00012254165012125259,0.0,0.00010380612411886275
3164,openhoat,818737,8.250825082508251e-05,1,0,0.0,0.0,0.00012028847815438474,0.0,0.00023983984565174494
3165,lloydwatkin,271622,0.00016501650165016502,2,0,0.0,0.0,0.0001345511887787956,1.0,0.0008465686397713118
3166,sjonnet19,1060672,0.00041254125412541255,3,2,1.4008296731101223e-06,0.00033003300330033004,0.0001395303851809921,0.0,0.00033831254970459544
3167,jfromaniello,178512,0.00016501650165016502,2,0,0.0,0.0,0.00011877484069658692,1.0,0.0002820071544390302
3168,rajesh134,5573624,0.00024752475247524753,3,0,0.0,0.0,0.00015052722777477844,0.3333333333333333,0.0007035131508484673
3169,WhatFreshHellIsThis,1392388,0.00016501650165016502,1,1,0.0,0.2412389602652763,0.00011520065321141358,0.0,0.000702965974394246
3170,isaackehle,798015,8.250825082508251e-05,1,0,0.0,0.0,0.00011602214950442586,0.0,5.471764542212233e-07
3171,sgentle,441426,0.0008250825082508251,10,0,0.0,0.0,0.001397706029544828,0.08888888888888889,0.007327388087930675
3172,canpoyrazoglu,4348413,8.250825082508251e-05,1,0,0.0,0.0,0.0001349651875612768,0.0,0.00021616843697199844
3173,fabien,2749,0.00041254125412541255,5,0,0.0,0.0,0.00017861220285335388,0.6,0.001165322414329732
3174,ForbesLindesay,1260646,0.0014851485148514852,16,2,0.000747559872029865,0.24131346272366583,0.0008512293255185053,0.11029411764705882,0.004990493637736824
3175,djholly123,5286524,8.250825082508251e-05,1,0,0.0,0.0,0.00012115763235336915,0.0,1.367941135553058e-06
3176,shanelau,3140898,0.00016501650165016502,2,0,0.0,0.0,0.00012212956507948652,1.0,2.9707120619900754e-05
3177,raymondfeng,540892,0.0018976897689768977,3,20,0.00020171216845693094,0.2428635492019985,0.00022354444942459162,0.09523809523809523,0.00011927016930490744
3178,skotchio,1432812,0.0009075907590759076,10,1,7.426353465202861e-07,0.00016501650165016502,0.0004570659001578816,0.16363636363636364,0.0007771598739691336
3179,knownasilya,34726,8.250825082508251e-05,1,0,0.0,0.0,0.00012115763235336915,0.0,1.367941135553058e-06
3180,Guuz,810327,0.0005775577557755776,7,0,0.0,0.0,0.0004823511559715938,0.3333333333333333,0.0024618710862840663
3181,paulomcnally,181533,0.00016501650165016502,1,1,0.0,0.17467354522337478,0.00012115763235336915,0.0,1.367941135553058e-06
3182,sebastienfilion,1426491,0.00033003300330033004,3,1,0.0,0.19199926094665326,0.00012826423558881926,0.6666666666666666,0.00039738927575264056
3183,grofit,927201,8.250825082508251e-05,1,0,0.0,0.0,0.00012286945996968358,0.0,1.6415293626636699e-06
3184,nolanlawson,283842,0.00016501650165016502,2,0,0.0,0.0,0.0001331259420927782,1.0,0.004211980494914244
3185,jbltx,1284323,8.250825082508251e-05,1,0,0.0,0.0,0.0001162415167872602,0.0,0.0009841523641519443
3186,adam-beck,6046654,8.250825082508251e-05,1,0,0.0,0.0,0.00011728238036310684,0.0,0.0012653387539096428
3187,draschke,4199123,8.250825082508251e-05,1,0,0.0,0.0,0.00011520065321141358,0.0,0.000702965974394246
3188,phildow,536415,8.250825082508251e-05,1,0,0.0,0.0,0.00011520065321141358,0.0,0.000702965974394246
3189,cmpsoares91,4914211,8.250825082508251e-05,1,0,0.0,0.0,0.00012040497109064673,0.0,0.002108897923182738
3190,rlidwka,999113,0.006353135313531353,10,67,0.0014838377877444899,0.28534619317074733,0.0007018694542225669,0.05955734406438632,0.011313508220685227
3191,spreddy1987,8043786,8.250825082508251e-05,1,0,0.0,0.0,0.00012143345024826135,0.0,0.0001330780022561203
3192,samholmes,517469,0.00024752475247524753,3,0,0.0,0.0,0.0002412393881066413,0.3333333333333333,0.002284606408919609
3193,roark31337,223829,8.250825082508251e-05,1,0,0.0,0.0,0.00011728238036310684,0.0,0.0012653387539096428
3194,mogadanez,790307,8.250825082508251e-05,1,0,0.0,0.0,0.00011520065321141358,0.0,0.000702965974394246
3195,roundrobin,452232,0.00016501650165016502,2,0,0.0,0.0,0.00013109735475746456,1.0,0.004253560106552192
3196,vaseker,1942271,8.250825082508251e-05,1,0,0.0,0.0,0.00011520065321141358,0.0,0.000702965974394246
3197,Twipped,231157,0.0033828382838283827,6,35,0.00046407793366040704,0.2498261725351902,0.0004868828322662048,0.0728744939271255,0.0018300215211091507
3198,honzajavorek,283441,0.00016501650165016502,2,0,0.0,0.0,0.00013261090422461822,1.0,0.002058947301704686
3199,akr760,3612130,8.250825082508251e-05,1,0,0.0,0.0,0.0001162415167872602,0.0,0.0009841523641519443
3200,TangMonk,3498786,0.00016501650165016502,2,0,0.0,0.0,0.00021090941120362156,0.0,0.000702965974394246
3201,avetisk,737729,8.250825082508251e-05,1,0,0.0,0.0,0.00011520065321141358,0.0,0.000702965974394246
3202,totherik,412006,0.00016501650165016502,1,1,1.9220194325879605e-06,0.00016501650165016502,0.00012040497109064673,0.0,0.002108897923182738
3203,samlecuyer,867225,8.250825082508251e-05,1,0,0.0,0.0,0.00011572108499933689,0.0,0.0008435591692730951
3204,busticated,367674,0.00016501650165016502,1,1,0.0,0.00016501650165016502,0.00011520065321141358,1.0,0.000702965974394246
3205,scriby,815188,0.00016501650165016502,2,0,0.0,0.0,0.00012094955841248128,1.0,0.0011540303066536054
3206,fixe,484559,8.250825082508251e-05,1,0,0.0,0.0,0.00011832324393895347,0.0,0.0015465251436673412
3207,ysmood,1415488,0.00033003300330033004,4,0,0.0,0.0,0.00019038671743304482,0.6666666666666666,0.00708738446714157
3208,santialbo,1557563,0.00033003300330033004,3,1,1.354234946681499e-07,0.17825999824317032,0.00013539168016193852,0.6666666666666666,0.002755575938056369
3209,tj,25254,0.07392739273927393,115,781,0.024646197842822643,0.29305150355015497,0.01277632578044201,0.0017636634133714132,0.024685958389162346
3210,ryanseys,163873,8.250825082508251e-05,1,0,0.0,0.0,0.00011415978963556695,0.0,0.00042177958463654756
3211,greenlikeorange,4847843,8.250825082508251e-05,1,0,0.0,0.0,0.00012111434086152553,0.0,0.0004408936376639128
3212,saumyatripathi,2563821,8.250825082508251e-05,1,0,0.0,0.0,0.00012248669824234,0.0,0.002671270702698135
3213,austentalbot,3654181,8.250825082508251e-05,1,0,0.0,0.0,0.00011780281215103015,0.0,0.001405931948788492
3214,Spekpannenkoek,6929480,0.0005775577557755776,1,6,4.82330787955838e-05,0.19294748348816276,0.0001193641075148001,0.14285714285714285,0.0018277115334250395
3215,AuthorOfTheSurf,5395478,8.250825082508251e-05,1,0,0.0,0.0,0.00011728238036310684,0.0,0.0012653387539096428
3216,jas,2625486,8.250825082508251e-05,1,0,0.0,0.0,0.00011728238036310684,0.0,0.0012653387539096428
3217,DongDiddler,8010189,8.250825082508251e-05,1,0,0.0,0.0,0.00011520065321141358,0.0,0.000702965974394246
3218,tanertopal,423981,8.250825082508251e-05,1,0,0.0,0.0,0.00011572108499933689,0.0,0.0008435591692730951
3219,chrisknoll,6818777,8.250825082508251e-05,1,0,0.0,0.0,0.00011728238036310684,0.0,0.0012653387539096428
3220,xizhao,2066021,0.00024752475247524753,3,0,0.0,0.0,0.00014648668397899766,1.0,0.0013256245425247361
3221,klimashkin,576077,0.00033003300330033004,1,3,5.061074894157101e-06,0.0004950495049504951,0.00011728238036310684,0.16666666666666666,0.0012653387539096428
3222,callmewa,4795798,8.250825082508251e-05,1,0,0.0,0.0,0.00011676194857518352,0.0,0.0011247455590307936
3223,caike,10722,8.250825082508251e-05,1,0,0.0,0.0,0.00011728238036310684,0.0,0.0012653387539096428
3224,jsdevel,2605980,8.250825082508251e-05,1,0,0.0,0.0,0.00012352756181818663,0.0,0.0029524570924558333
3225,palmerabollo,673420,0.00041254125412541255,5,0,0.0,0.0,0.0006317126075205499,0.6,0.003242115281627192
3226,Kumaran7111989,7315568,8.250825082508251e-05,1,0,0.0,0.0,0.0001162415167872602,0.0,0.0009841523641519443
3227,kadishmal,978004,8.250825082508251e-05,1,0,0.0,0.0,0.00011572108499933689,0.0,0.0008435591692730951
3228,meteormatt,424475,0.00024752475247524753,1,2,0.0,0.18690152901432702,0.00011415978963556695,0.6666666666666666,0.00042177958463654756
3229,IObert,1873245,8.250825082508251e-05,1,0,0.0,0.0,0.00011520065321141358,0.0,0.000702965974394246
3230,Muju-Abi,7904262,8.250825082508251e-05,1,0,0.0,0.0,0.00011520065321141358,0.0,0.000702965974394246
3231,sstamats,1623681,0.00016501650165016502,2,0,0.0,0.0,0.00012167644275846523,1.0,0.0011189302075795614
3232,windwaterbo,5296461,8.250825082508251e-05,1,0,0.0,0.0,0.00011520065321141358,0.0,0.000702965974394246
3233,gabzim,804281,0.00016501650165016502,2,0,0.0,0.0,0.0001274011924256217,1.0,0.0026654553512469024
3234,xs23933,92106,8.250825082508251e-05,1,0,0.0,0.0,0.00011520065321141358,0.0,0.000702965974394246
3235,zacharynevin,4896226,8.250825082508251e-05,1,0,0.0,0.0,0.00011520065321141358,0.0,0.000702965974394246
3236,madbence,296735,8.250825082508251e-05,1,0,0.0,0.0,0.0001193641075148001,0.0,0.0018277115334250395
3237,baloca,1159756,8.250825082508251e-05,1,0,0.0,0.0,0.00011363935784764363,0.0,0.0002811863897576984
3238,talha-asad,2978646,8.250825082508251e-05,1,0,0.0,0.0,0.0001193641075148001,0.0,0.0018277115334250395
3239,matejkramny,797608,8.250825082508251e-05,1,0,0.0,0.0,0.00012300713003026331,0.0,0.002811863897576984
3240,dmitrig01,10422,8.250825082508251e-05,1,0,0.0,0.0,0.00012144583466649336,0.0,0.002390084312940437
3241,willisblackburn,178697,0.00033003300330033004,4,0,0.0,0.0,0.00022790306476752555,0.5,0.0012162680380288537
3242,danilNil,2604736,0.0,0,0,0.0,0.0,0.000112598494271797,0.0,0.0
3243,citius,337889,8.250825082508251e-05,1,0,0.0,0.0,0.00011728238036310684,0.0,0.0012653387539096428
3244,ganeshkumar,160764,8.250825082508251e-05,1,0,0.0,0.0,0.0001162415167872602,0.0,0.0009841523641519443
3245,NickHeiner,829827,8.250825082508251e-05,1,0,0.0,0.0,0.0001162415167872602,0.0,0.0009841523641519443
3246,JoshSGman,5226301,8.250825082508251e-05,1,0,0.0,0.0,0.00011520065321141358,0.0,0.000702965974394246
3247,undoZen,2306358,0.00024752475247524753,2,1,0.0,0.2412389602652763,0.00012439390574406776,1.0,0.0011863191292933698
3248,guyellis,2047725,0.00016501650165016502,2,0,0.0,0.0,0.00012068871899899826,1.0,0.001441696208975208
3249,daslicht,465008,0.00033003300330033004,4,0,0.0,0.0,0.00024332889263251848,0.5,0.0017194223529699323
3250,jsilvestre,568111,8.250825082508251e-05,1,0,0.0,0.0,0.00011728238036310684,0.0,0.0012653387539096428
3251,angelochen960,688123,0.00016501650165016502,2,0,0.0,0.0,0.0001298288317152728,1.0,0.0013210969727209868
3252,atheros,1220453,8.250825082508251e-05,1,0,0.0,0.0,0.0001193641075148001,0.0,0.0018277115334250395
3253,gahula,1808699,0.00024752475247524753,3,0,0.0,0.0,0.00013481864519180822,1.0,0.0032678758192650325
3254,adamterlson,2498418,0.0017326732673267327,20,1,0.001928000407921371,0.2412389602652763,0.0018235420091764418,0.06315789473684211,0.010245553978862447
3255,nukulb,701733,0.00033003300330033004,4,0,0.0,0.0,0.00032143085126312915,0.16666666666666666,0.0038115898979741826
3256,swrh,195439,0.00016501650165016502,2,0,0.0,0.0,0.00014653873737082525,1.0,0.0025016007505631243
3257,jkarneges,521953,0.00033003300330033004,4,0,0.0,0.0,0.00013583398059536516,1.0,0.0024676586912978004
3258,clarle,686352,0.00024752475247524753,2,1,0.0,0.00016501650165016502,0.00012826753635150284,1.0,0.0008993173880844392
3259,SupremeTechnopriest,2261598,8.250825082508251e-05,1,0,0.0,0.0,0.00011520065321141358,0.0,0.000702965974394246
3260,programming-kid,4522965,0.00024752475247524753,3,0,0.0,0.0,0.0002605373597501157,0.0,0.0002824853073351587
3261,gbukauskas,422575,8.250825082508251e-05,1,0,0.0,0.0,0.00011520065321141358,0.0,0.000702965974394246
3262,imme-emosol,487989,8.250825082508251e-05,1,0,0.0,0.0,0.00011832324393895347,0.0,0.0015465251436673412
3263,dresende,157494,0.00024752475247524753,2,1,0.0,0.19054779522823034,0.00012187145652902065,1.0,0.0013892817416291412
3264,zucatti,939116,8.250825082508251e-05,1,0,0.0,0.0,0.00011520065321141358,0.0,0.000702965974394246
3265,EricCat,4900138,0.00016501650165016502,2,0,0.0,0.0,0.00021090941120362156,0.0,0.000702965974394246
3266,bithavoc,219289,0.0008250825082508251,9,1,0.00041546193322088425,0.19921126683926996,0.0005883263919836132,0.16666666666666666,0.0044026556809009165
3267,btd,334851,8.250825082508251e-05,1,0,0.0,0.0,0.0001162415167872602,0.0,0.0009841523641519443
3268,tiangooden,1486597,8.250825082508251e-05,1,0,0.0,0.0,0.00011728238036310684,0.0,0.0012653387539096428
3269,lazdmx,1035026,8.250825082508251e-05,1,0,0.0,0.0,0.0001162415167872602,0.0,0.0009841523641519443
3270,max-degterev,789031,0.00024752475247524753,3,0,0.0,0.0,0.00023947394393542432,0.3333333333333333,0.005752690287130353
3271,zack-lin,2063703,8.250825082508251e-05,1,0,0.0,0.0,0.00011520065321141358,0.0,0.000702965974394246
3272,xudejian,974259,0.00041254125412541255,5,0,0.0,0.0,0.0002140814562655237,0.3,0.004296011869669463
3273,ashi009,687367,0.00033003300330033004,3,1,0.00010266210644830778,0.12146952932416259,0.0002504121274307647,0.3333333333333333,0.004800251323880695
3274,rodrigok,234261,8.250825082508251e-05,1,0,0.0,0.0,0.00011520065321141358,0.0,0.000702965974394246
3275,BedouiMouoifek,5154388,8.250825082508251e-05,1,0,0.0,0.0,0.00011520065321141358,0.0,0.000702965974394246
3276,Nelrann,503587,8.250825082508251e-05,1,0,0.0,0.0,0.0001162415167872602,0.0,0.0009841523641519443
3277,victorwoo,173351,0.00016501650165016502,2,0,0.0,0.0,0.00021090941120362156,0.0,0.000702965974394246
3278,benatkin,4126,0.0004950495049504951,3,3,6.507168034280786e-06,0.17398641556429076,0.00014698412433594802,0.4666666666666667,0.0014520029791091082
3279,nook-scheel,824669,0.00041254125412541255,2,3,4.4535611460846675e-07,0.1920621857351651,0.000145903001536916,0.7,0.0029965846083647133
3280,pemrouz,2184177,0.00016501650165016502,2,0,0.0,0.0,0.00012583989706185176,1.0,0.002243675766610355
3281,Vadorequest,3807458,0.00016501650165016502,2,0,0.0,0.0,0.00012167644275846523,1.0,0.0011189302075795614
3282,RasterBurn,184899,8.250825082508251e-05,1,0,0.0,0.0,0.00011520065321141358,0.0,0.000702965974394246
3283,Arsey,1629335,0.00041254125412541255,5,0,0.0,0.0,0.00033799004065726535,0.2,0.004223604978085567
3284,d-adamkiewicz,412643,8.250825082508251e-05,1,0,0.0,0.0,0.00011520065321141358,0.0,0.000702965974394246
3285,braco,2449172,0.00041254125412541255,4,1,0.0,0.19921126683926996,0.00016296575149819635,1.0,0.001149385375848339
3286,omkarv,4481885,8.250825082508251e-05,1,0,0.0,0.0,0.00011520065321141358,0.0,0.000702965974394246
3287,KyivJunta,1730837,8.250825082508251e-05,1,0,0.0,0.0,0.0001162415167872602,0.0,0.0009841523641519443
3288,AMKohn,2001842,0.00016501650165016502,2,0,0.0,0.0,0.00015394533476077073,0.0,0.0012734093204970537
3289,mgcrea,108273,0.0004950495049504951,6,0,0.0,0.0,0.0002573470157442789,0.4,0.0047124559963901275
3290,pconerly,469808,8.250825082508251e-05,1,0,0.0,0.0,0.00012196626645441668,0.0,0.0025306775078192856
3291,kevinSuttle,95672,0.00033003300330033004,2,2,3.1055223781034035e-06,0.24128862345833138,0.00013392185915505063,0.6666666666666666,0.0025522507237075148
3292,azat-co,1137314,8.250825082508251e-05,1,0,0.0,0.0,0.00011520065321141358,0.0,0.000702965974394246
3293,felixrabe,400795,8.250825082508251e-05,1,0,0.0,0.0,0.00011520065321141358,0.0,0.000702965974394246
3294,ashtuchkin,627997,8.250825082508251e-05,1,0,0.0,0.0,0.00012352756181818663,0.0,0.0029524570924558333
3295,gvaish,266251,0.00033003300330033004,4,0,0.0,0.0,0.00018000027359193642,1.0,0.0034894615569247022
3296,albertoleal,15064,8.250825082508251e-05,1,0,0.0,0.0,0.00011520065321141358,0.0,0.000702965974394246
3297,samzilverberg,229485,0.00024752475247524753,3,0,0.0,0.0,0.0001666462452292905,0.6666666666666666,0.0013152816212697548
3298,gregberge,266302,0.00033003300330033004,4,0,0.0,0.0,0.00025927652789711157,0.16666666666666666,0.002919156678137132
3299,joelabair,3341315,8.250825082508251e-05,1,0,0.0,0.0,0.00011520065321141358,0.0,0.000702965974394246
3300,bricejlin,4443267,0.00016501650165016502,2,0,0.0,0.0,0.0001272266727756562,1.0,0.0006181309983267408
3301,relvao,1629490,0.00016501650165016502,2,0,0.0,0.0,0.00011964785542315163,1.0,0.0011605098192175097
3302,elliotstokes,4385563,0.00016501650165016502,2,0,0.0,0.0,0.000184380062765953,0.0,0.0
3303,justinjdickow,3627664,8.250825082508251e-05,1,0,0.0,0.0,0.00011520065321141358,0.0,0.000702965974394246
3304,Burnett01,1208707,8.250825082508251e-05,1,0,0.0,0.0,0.00012618580919980958,0.0,0.00033694460856904243
3305,parisholley,399289,0.00041254125412541255,5,0,0.0,0.0,0.0002869974376513837,0.7,0.004641128238569169
3306,adamsilver,37163,0.00016501650165016502,1,1,3.670994104513151e-06,0.00016501650165016502,0.00011520065321141358,0.0,0.000702965974394246
3307,Xulai,5481226,8.250825082508251e-05,1,0,0.0,0.0,0.00012618580919980958,0.0,0.00033694460856904243
3308,mrzepinski,435196,0.00016501650165016502,2,0,0.0,0.0,0.00014961092155637011,0.0,0.0002645361825983477
3309,markstos,25829,0.00033003300330033004,2,2,0.0,0.19056328565951464,0.00012773808015035287,1.0,0.002602206028192718
3310,laggingreflex,2523987,8.250825082508251e-05,1,0,0.0,0.0,0.00012618580919980958,0.0,0.00033694460856904243
3311,brandoncarl,5427971,0.00024752475247524753,3,0,0.0,0.0,0.00022773462090515997,0.3333333333333333,0.001247892699555946
3312,drummerboof,107011,0.00016501650165016502,2,0,0.0,0.0,0.00012179174680445118,1.0,0.00048335315489912386
3313,WebReflection,85749,0.00033003300330033004,3,1,5.446988006277109e-08,0.00016501650165016502,0.0003339081030978406,0.16666666666666666,0.0007412781388518934
3314,rgrove,1465,0.00033003300330033004,4,0,0.0,0.0,0.0001552064845173073,0.6666666666666666,0.001229780621824725
3315,alexpts,1306916,8.250825082508251e-05,1,0,0.0,0.0,0.00012618580919980958,0.0,0.00033694460856904243
3316,dbrugne,4611149,8.250825082508251e-05,1,0,0.0,0.0,0.0001162415167872602,0.0,0.0009841523641519443
3317,prateekbhatt,1881378,0.00024752475247524753,1,2,1.0625006417208181e-06,0.00033003300330033004,0.00012618580919980958,0.0,0.00033694460856904243
3318,vanwagonet,270632,0.00024752475247524753,3,0,0.0,0.0,0.00020208529469611215,0.6666666666666666,0.0011863087801132345
3319,DamienP33,3381192,0.00033003300330033004,4,0,0.0,0.0,0.00025557352311376985,0.6666666666666666,0.0014198506575270663
3320,3nsoft,5834973,0.0005775577557755776,7,0,0.0,0.0,0.00023365332258673015,0.47619047619047616,0.0024698668564325883
3321,andrejewski,1660953,0.00016501650165016502,2,0,0.0,0.0,0.00011964785542315163,1.0,0.0011605098192175097
3322,shawnzhu,1059372,8.250825082508251e-05,1,0,0.0,0.0,0.00012618580919980958,0.0,0.00033694460856904243
3323,zokeefe,5115849,8.250825082508251e-05,1,0,0.0,0.0,0.00012618580919980958,0.0,0.00033694460856904243
3324,srlm-io,5284696,0.0004950495049504951,6,0,0.0,0.0,0.0006924692305465776,0.26666666666666666,0.0020745061033019493
3325,deiga,27202,0.00033003300330033004,4,0,0.0,0.0,0.0004236763082990337,0.0,0.0005423363749721883
3326,zimmem,921023,8.250825082508251e-05,1,0,0.0,0.0,0.00011520065321141358,0.0,0.000702965974394246
3327,ezmilhouse,45563,0.00033003300330033004,2,2,0.00010398929440748421,0.15094133785561425,0.00022189456719201757,0.0,0.00033694460856904243
3328,bluemultipass,321466,8.250825082508251e-05,1,0,0.0,0.0,0.00012346834621420705,0.0,0.0002695556868552339
3329,belmarca,6055789,8.250825082508251e-05,1,0,0.0,0.0,0.0001316207351710146,0.0,0.0004717224519966594
3330,fantasyni,1411347,8.250825082508251e-05,1,0,0.0,0.0,0.00012075088322860455,0.0,0.00020216676514142544
3331,sahat,544954,0.00016501650165016502,1,1,0.0,0.1992281979345308,0.00012075088322860455,1.0,0.00020216676514142544
3332,einsitang,1745525,8.250825082508251e-05,1,0,0.0,0.0,0.00012111434086152553,0.0,0.0004408936376639128
3333,boljen,4733114,8.250825082508251e-05,1,0,0.0,0.0,0.00012618580919980958,0.0,0.00033694460856904243
3334,gergelyke,2174968,0.00016501650165016502,1,1,2.900521113342561e-07,0.1489369703855194,0.00011803342024300203,0.0,0.00013477784342761696
3335,michamil,1659857,8.250825082508251e-05,1,0,0.0,0.0,0.00012452067949741695,0.0,0.000617251092729478
3336,ryandesign,429209,0.00033003300330033004,3,1,3.1141110322885606e-06,0.00016501650165016502,0.00013743888387773612,0.6666666666666666,0.0007964319678040425
3337,hayeah,50120,8.250825082508251e-05,1,0,0.0,0.0,0.00012618580919980958,0.0,0.00033694460856904243
3338,Sally-Xu,1042478,0.00041254125412541255,5,0,0.0,0.0,0.000333635210038085,0.3,0.00204201499169333
3339,sinejoe,494192,0.0004950495049504951,5,1,0.00010272509363338975,0.17384448063613836,0.0002464308289282423,0.6,0.002416399613240697
3340,soliton4,1090629,8.250825082508251e-05,1,0,0.0,0.0,0.00012618580919980958,0.0,0.00033694460856904243
3341,seanlinsley,688886,8.250825082508251e-05,1,0,0.0,0.0,0.00012075088322860455,0.0,0.00020216676514142544
3342,vtsukur,315491,8.250825082508251e-05,1,0,0.0,0.0,0.0001162415167872602,0.0,0.0009841523641519443
3343,MOZGIII,265507,0.00024752475247524753,3,0,0.0,0.0,0.00013867404024743565,1.0,0.0010859982935714876
3344,seonpiao,4477794,8.250825082508251e-05,1,0,0.0,0.0,0.00012618580919980958,0.0,0.00033694460856904243
3345,rook2pawn,176303,0.00024752475247524753,2,1,1.7886308753497774e-06,0.00016501650165016502,0.00013502707380690603,0.3333333333333333,0.0006480799070622246
3346,shailendra9,1866381,8.250825082508251e-05,1,0,0.0,0.0,0.00012111434086152553,0.0,0.0004408936376639128
3347,btleffler,665794,0.00024752475247524753,3,0,0.0,0.0,0.0001285856803215382,0.3333333333333333,0.0020073265735205885
3348,Devrama,5025118,8.250825082508251e-05,1,0,0.0,0.0,0.00011770800222563412,0.0,0.0002645361825983477
3349,pgn-vole,2323627,0.00024752475247524753,3,0,0.0,0.0,0.00022869822005057374,0.3333333333333333,0.0025331413536873004
3350,ycdesu,1477617,0.00016501650165016502,2,0,0.0,0.0,0.0001226795801503619,1.0,0.00031643924465777907
3351,kentcdodds,1500684,0.00016501650165016502,2,0,0.0,0.0,0.00015346066305497725,0.0,0.0002660819861725458
3352,danschumann,1516973,0.00024752475247524753,1,2,0.0,0.1920307181860973,0.00012618580919980958,1.0,0.00033694460856904243
3353,bluehallu,1838241,0.00033003300330033004,4,0,0.0,0.0,0.00014855616843037874,1.0,0.001678319981822368
3354,claydiffrient,606262,0.00024752475247524753,3,0,0.0,0.0,0.0002348461462861209,0.3333333333333333,0.0011688730749396731
3355,deerawan,1243921,8.250825082508251e-05,1,0,0.0,0.0,0.00012618580919980958,0.0,0.00033694460856904243
3356,agchou,1366142,0.00041254125412541255,5,0,0.0,0.0,0.0002476755896121325,0.5,0.001963670513712579
3357,bodokaiser,1780466,0.00033003300330033004,4,0,0.0,0.0,0.0002816818268141228,0.5,0.002425011194672564
3358,seibei-iguchi,2836193,8.250825082508251e-05,1,0,0.0,0.0,0.00012111434086152553,0.0,0.0004408936376639128
3359,colby-swandale,996377,8.250825082508251e-05,1,0,0.0,0.0,0.00012111434086152553,0.0,0.0004408936376639128
3360,felixsanz,6182099,0.00033003300330033004,4,0,0.0,0.0,0.0002347146054762146,0.5,0.0023199968278617487
3361,soyuka,1321971,0.00016501650165016502,1,1,0.0,0.00016501650165016502,0.00012618580919980958,1.0,0.00033694460856904243
3362,jrvidotti,5623041,8.250825082508251e-05,1,0,0.0,0.0,0.00012111434086152553,0.0,0.0004408936376639128
3363,spencerbeggs,109114,8.250825082508251e-05,1,0,0.0,0.0,0.00012111434086152553,0.0,0.0004408936376639128
3364,mikermcneil,618009,0.00041254125412541255,3,2,0.00010281427725447671,0.1920307181860973,0.00023142470744940292,0.3333333333333333,0.0007570484404139812
3365,spyrade,7047321,8.250825082508251e-05,1,0,0.0,0.0,0.00012075088322860455,0.0,0.00020216676514142544
3366,jprystowsky,3267617,8.250825082508251e-05,1,0,0.0,0.0,0.00012618580919980958,0.0,0.00033694460856904243
3367,eiriklv,3486317,0.0006600660066006601,8,0,0.0,0.0,0.0007189944944821887,0.21428571428571427,0.0014286607050595507
3368,mman,249814,0.00024752475247524753,3,0,0.0,0.0,0.00031760332518422554,0.0,0.00033694460856904243
3369,gkorland,753206,0.00016501650165016502,1,1,6.668021151017559e-07,0.00016501650165016502,0.00012618580919980958,0.0,0.00033694460856904243
3370,geekatron,704495,8.250825082508251e-05,1,0,0.0,0.0,0.00012111434086152553,0.0,0.0004408936376639128
3371,hanxue,760008,8.250825082508251e-05,1,0,0.0,0.0,0.00012111434086152553,0.0,0.0004408936376639128
3372,eden,7797,0.00024752475247524753,3,0,0.0,0.0,0.00013763317667158902,1.0,0.0008048119038137891
3373,eshell,1856531,8.250825082508251e-05,1,0,0.0,0.0,0.00012111434086152553,0.0,0.0004408936376639128
3374,brianblocker,793419,8.250825082508251e-05,1,0,0.0,0.0,0.00012111434086152553,0.0,0.0004408936376639128
3375,popomore,360661,0.00024752475247524753,3,0,0.0,0.0,0.00015609686384342492,0.3333333333333333,0.0007776953412569476
3376,ypinskiy,6011399,8.250825082508251e-05,1,0,0.0,0.0,0.00011572108499933689,0.0,0.0008435591692730951
3377,ralt,1016379,0.00016501650165016502,2,0,0.0,0.0,0.0001272266727756562,1.0,0.0006181309983267408
3378,nakedible,445682,0.0006600660066006601,8,0,0.0,0.0,0.00048758784542521675,0.32142857142857145,0.004885762966216863
3379,ljcqx,309218,0.00033003300330033004,4,0,0.0,0.0,0.00023281755895080726,0.5,0.0012104526865776212
3380,robgraeber,2387719,8.250825082508251e-05,1,0,0.0,0.0,0.00012618580919980958,0.0,0.00033694460856904243
3381,jontewks,3970573,0.00033003300330033004,4,0,0.0,0.0,0.00016119621905725888,0.6666666666666666,0.0009450365983820107
3382,thomasfr,287432,0.00041254125412541255,1,4,3.07625132164031e-07,0.1920621857351651,0.00012618580919980958,0.6,0.00033694460856904243
3383,lithiumjake,5306636,8.250825082508251e-05,1,0,0.0,0.0,0.00012075088322860455,0.0,0.00020216676514142544
3384,brettlaforge,324460,8.250825082508251e-05,1,0,0.0,0.0,0.0001316207351710146,0.0,0.0004717224519966594
3385,ThatGeoGuy,5060863,8.250825082508251e-05,1,0,0.0,0.0,0.00012618580919980958,0.0,0.00033694460856904243
3386,frootloops,861670,0.00016501650165016502,2,0,0.0,0.0,0.00014285404474634566,1.0,0.0009800050113743808
3387,inca,118196,0.0006600660066006601,4,4,4.691393796913928e-06,0.0006600660066006601,0.00017401992147528226,0.39285714285714285,0.0024265457783630875
3388,jamlfy,1652887,0.0022277227722772275,7,20,0.0003765698406488246,0.26141619013022077,0.00040789649546240855,0.13405797101449277,0.004702395835734435
3389,shin1m,1365743,0.00033003300330033004,4,0,0.0,0.0,0.00027059296962161504,0.5,0.0018209960851335132
3390,jamielinux,2598089,0.00016501650165016502,2,0,0.0,0.0,0.0001347016557895381,1.0,0.0007778382462329552
3391,PatrickJS,1016365,0.00033003300330033004,4,0,0.0,0.0,0.0001438522539854523,0.5,0.0005850517279220312
3392,dariuszp,249863,0.0004950495049504951,6,0,0.0,0.0,0.0002960947418052286,0.2,0.0010676811094644286
3393,newmanw,3382274,0.00024752475247524753,3,0,0.0,0.0,0.00016944607858484118,1.0,0.0027528304774673985
3394,codewarmer,4745457,0.00024752475247524753,3,0,0.0,0.0,0.000225300905827909,0.3333333333333333,0.0005133020636346076
3395,nitsugahcram,1857880,0.00041254125412541255,5,0,0.0,0.0,0.00023123677295489503,0.6,0.0015998715337462075
3396,seriousManual,1330022,0.00016501650165016502,2,0,0.0,0.0,0.00014183975107868885,1.0,0.0010007948171933548
3397,anthonybrown,1719818,0.00016501650165016502,2,0,0.0,0.0,0.00015173334896899517,1.0,0.001659625521560781
3398,daver182,1016076,0.00016501650165016502,2,0,0.0,0.0,0.00012215520443737218,1.0,0.0007220800274216113
3399,qcom,706027,8.250825082508251e-05,1,0,0.0,0.0,0.00012075088322860455,0.0,0.00020216676514142544
3400,mmnoo,1740152,0.00033003300330033004,4,0,0.0,0.0,0.00034072078036962344,0.16666666666666666,0.0010939930489830237
3401,youurayy,588573,0.00024752475247524753,2,1,0.0,0.19921126683926996,0.00014260616562986378,1.0,0.0008681043178338682
3402,cjroth,582130,0.00033003300330033004,3,1,0.0002061994711258918,0.15091218546949653,0.0003298960992046499,0.5,0.0004795659869261034
3403,jbender,723784,0.00016501650165016502,2,0,0.0,0.0,0.00012415722186449597,1.0,0.0003785242202069906
3404,val-samonte,767060,0.00041254125412541255,5,0,0.0,0.0,0.0002538531280978631,0.3,0.0009321239154903354
3405,shinnn,1131567,8.250825082508251e-05,1,0,0.0,0.0,0.0001316207351710146,0.0,0.0004717224519966594
3406,bradb,24045,8.250825082508251e-05,1,0,0.0,0.0,0.00012111434086152553,0.0,0.0004408936376639128
3407,sdogruyol,990485,0.00016501650165016502,2,0,0.0,0.0,0.00012324120215024127,0.0,0.0004408936376639128
3408,davidmichaelkarr,5566419,0.00016501650165016502,2,0,0.0,0.0,0.00013757853822427956,1.0,0.0026570843414067988
3409,jeremyruppel,251146,8.250825082508251e-05,1,0,0.0,0.0,0.00012618580919980958,0.0,0.00033694460856904243
3410,tcbeutler,3911368,8.250825082508251e-05,1,0,0.0,0.0,0.00011363935784764363,0.0,0.0002811863897576984
3411,henrytao-me,5274722,0.00016501650165016502,2,0,0.0,0.0,0.00012608591878625333,1.0,0.0004927966997233441
3412,bpasero,900690,0.00024752475247524753,3,0,0.0,0.0,0.00013104280405525393,1.0,0.0012863963213487447
3413,chenj28,4919986,8.250825082508251e-05,1,0,0.0,0.0,0.00012111434086152553,0.0,0.0004408936376639128
3414,cheddar,216778,0.00016501650165016502,2,0,0.0,0.0,0.00014354292039663456,1.0,0.0010889735447261375
3415,robrich,664956,8.250825082508251e-05,1,0,0.0,0.0,0.00012452067949741695,0.0,0.000617251092729478
3416,rlisowski,7737,8.250825082508251e-05,1,0,0.0,0.0,0.0001316207351710146,0.0,0.0004717224519966594
3417,reqshark,937826,0.0005775577557755776,1,6,2.9689067639452995e-06,0.21347044685344593,0.00012201457752223917,0.4,0.00033975588500332194
3418,dkimdon,6527022,0.00024752475247524753,3,0,0.0,0.0,0.00014903562016613015,1.0,0.0010308875555852324
3419,rhhamburg,1785160,0.0005775577557755776,7,0,0.0,0.0,0.00045224607947254503,0.3333333333333333,0.0011918934224480415
3420,shellscape,76371,0.00024752475247524753,3,0,0.0,0.0,0.00013715393509562175,0.3333333333333333,0.0006480799070622246
3421,A,1410106,0.00033003300330033004,3,1,8.034631534735282e-07,0.00016501650165016502,0.00021642163252511747,0.3333333333333333,0.00034623539756722607
3422,benkaiser,608054,0.00033003300330033004,4,0,0.0,0.0,0.00012663126473781548,1.0,0.0006533508142737418
3423,tkellen,1004324,8.250825082508251e-05,1,0,0.0,0.0,0.00012111434086152553,0.0,0.0004408936376639128
3424,sintaxi,867,8.250825082508251e-05,1,0,0.0,0.0,0.00012111434086152553,0.0,0.0004408936376639128
3425,bcochran-shutterstock,5647662,0.00016501650165016502,2,0,0.0,0.0,0.00012179174680445118,1.0,0.00048335315489912386
3426,rickihastings,45660,0.00041254125412541255,5,0,0.0,0.0,0.00013598875021633296,0.8,0.0005943917133134533
3427,pradeep-mishra,1678791,0.00016501650165016502,2,0,0.0,0.0,0.00013115738712453736,1.0,0.0003888476706284738
3428,ds3mbc,4141933,0.00016501650165016502,2,0,0.0,0.0,0.00022189456719201757,0.0,0.00033694460856904243
3429,danpalmer,202400,0.0005775577557755776,7,0,0.0,0.0,0.0003582366923161066,0.2857142857142857,0.0007498620442296989
3430,anuj123,177223,0.00033003300330033004,4,0,0.0,0.0,0.00015129657083070777,1.0,0.001878726935769268
3431,matheusazzi,1292945,8.250825082508251e-05,1,0,0.0,0.0,0.00011770800222563412,0.0,0.0002645361825983477
3432,oliversalzburg,1658949,0.00016501650165016502,2,0,0.0,0.0,0.00014260616562986378,1.0,0.0008681043178338682
3433,vesln,330048,0.00024752475247524753,3,0,0.0,0.0,0.00013833352202924118,1.0,0.0009802894532820914
3434,netnichols,26061,8.250825082508251e-05,1,0,0.0,0.0,0.00012111434086152553,0.0,0.0004408936376639128
3435,L8D,2355315,0.00024752475247524753,3,0,0.0,0.0,0.00015228429459017477,1.0,0.0015559609343736211
3436,dpatti,458155,0.00016501650165016502,2,0,0.0,0.0,0.0001493032643852075,1.0,0.0010939930489830237
3437,hasnainv,979383,8.250825082508251e-05,1,0,0.0,0.0,0.00012111434086152553,0.0,0.0004408936376639128
3438,kevinoid,336433,0.00041254125412541255,5,0,0.0,0.0,0.00025997104101775897,0.3,0.0012655346007015736
3439,wabmca,5073668,0.00016501650165016502,2,0,0.0,0.0,0.0001272266727756562,1.0,0.0006181309983267408
3440,gluxon,906558,8.250825082508251e-05,1,0,0.0,0.0,0.00012111434086152553,0.0,0.0004408936376639128
3441,pwmckenna,295678,0.00016501650165016502,2,0,0.0,0.0,0.00021929268272285416,0.0,0.00039638186583720896
3442,jtal,156836,0.00016501650165016502,2,0,0.0,0.0,0.00011943339718573381,0.0,0.00016987794250166097
3443,yosssi,1583973,0.00016501650165016502,2,0,0.0,0.0,0.00011983486351434986,0.0,0.0002645361825983477
3444,mygoare,950850,8.250825082508251e-05,1,0,0.0,0.0,0.00011472535556051274,0.0,0.0
3445,danielfttorres,1668289,8.250825082508251e-05,1,0,0.0,0.0,0.00012111434086152553,0.0,0.0004408936376639128
3446,fdp09,3786995,8.250825082508251e-05,1,0,0.0,0.0,0.00011730653589701808,0.0,0.00016987794250166097
3447,liuyanghejerry,345442,8.250825082508251e-05,1,0,0.0,0.0,0.00012111434086152553,0.0,0.0004408936376639128
3448,yamatt,618054,0.00016501650165016502,2,0,0.0,0.0,0.00012817638783942814,1.0,0.00043943362935689487
3449,kwhinnery,29193,0.00033003300330033004,4,0,0.0,0.0,0.00015266748640583322,1.0,0.0012333387626343685
3450,SibghatullahSheikh,4567791,0.00016501650165016502,2,0,0.0,0.0,0.00013957334330070965,1.0,0.0009855933994466883
3451,azhang,940275,0.00024752475247524753,3,0,0.0,0.0,0.0001430456715740329,1.0,0.0013312477696237732
3452,jas-,422084,0.0004950495049504951,6,0,0.0,0.0,0.000318693542170336,0.4666666666666667,0.003045987246575886
3453,paazmaya,369881,8.250825082508251e-05,1,0,0.0,0.0,0.00012075088322860455,0.0,0.00020216676514142544
3454,skeggse,1348991,0.0006600660066006601,4,4,1.267825674138958e-05,0.19575106278895113,0.00014606564408213487,0.5357142857142857,0.0016484141640527785
3455,FvckSh1t,5885450,0.00016501650165016502,2,0,0.0,0.0,0.00021682309885373352,0.0,0.0004408936376639128
3456,thefourtheye,696611,0.0007425742574257426,9,0,0.0,0.0,0.00039652187704812504,0.2222222222222222,0.003664921697583436
3457,boa86,5426037,0.00016501650165016502,2,0,0.0,0.0,0.00012155676884098406,1.0,0.0002665588735325344
3458,gdw2,665024,8.250825082508251e-05,1,0,0.0,0.0,0.00012111434086152553,0.0,0.0004408936376639128
3459,k-j-kleist,157474,0.00033003300330033004,3,1,2.0915515305253834e-06,0.00016501650165016502,0.00013309429988543603,0.6666666666666666,0.0008652808978248689
3460,mcharytoniuk,1286785,0.00016501650165016502,2,0,0.0,0.0,0.00017548622221500473,0.0,0.0009756812402014333
3461,tomibennett,3235855,8.250825082508251e-05,1,0,0.0,0.0,0.00012618580919980958,0.0,0.00033694460856904243
3462,nitriques,771169,0.00024752475247524753,3,0,0.0,0.0,0.00012955955263471185,0.3333333333333333,0.00039840455677139563
3463,forpizinmind,5499858,8.250825082508251e-05,1,0,0.0,0.0,0.00012111434086152553,0.0,0.0004408936376639128
3464,torvalamo,397369,0.00016501650165016502,2,0,0.0,0.0,0.000129592147835701,1.0,0.0005133020636346076
3465,s1na,1591639,8.250825082508251e-05,1,0,0.0,0.0,0.00012452067949741695,0.0,0.000617251092729478
3466,btmdave,28645,0.0004950495049504951,6,0,0.0,0.0,0.00028863102308146797,0.6666666666666666,0.002978969873381963
3467,ecostanza,6095445,0.0,0,0,0.0,0.0,0.000112598494271797,0.0,0.0
3468,kulturbande,68833,0.00016501650165016502,2,0,0.0,0.0,0.00013502707380690603,1.0,0.0006480799070622246
3469,dotproto,1047763,0.0008250825082508251,9,1,0.00012673369258839028,0.19199926094665326,0.00027195975594029534,0.3333333333333333,0.0012481095048406817
3470,slaniado,5296975,0.00016501650165016502,2,0,0.0,0.0,0.00012654926683273055,1.0,0.0005756714810915297
3471,impronunciable,165799,8.250825082508251e-05,1,0,0.0,0.0,0.00012618580919980958,0.0,0.00033694460856904243
3472,fluxusfrequency,4485051,8.250825082508251e-05,1,0,0.0,0.0,0.00012618580919980958,0.0,0.00033694460856904243
3473,igorcrevar,729576,8.250825082508251e-05,1,0,0.0,0.0,0.00012618580919980958,0.0,0.00033694460856904243
3474,steveliles,441745,0.00024752475247524753,3,0,0.0,0.0,0.00013900823108614315,1.0,0.0008530579486379296
3475,rudylacrete,5718370,0.00024752475247524753,3,0,0.0,0.0,0.0001251980854403426,1.0,0.000659710609964689
3476,michaelficarra,218840,0.00024752475247524753,3,0,0.0,0.0,0.00023211099668961707,0.3333333333333333,0.0007314148320660752
3477,ocorsvall,6038753,8.250825082508251e-05,1,0,0.0,0.0,0.00012111434086152553,0.0,0.0004408936376639128
3478,skepticfx,803950,0.00041254125412541255,5,0,0.0,0.0,0.00022010252808122107,0.9,0.0018619746242429245
3479,yakubori,166437,8.250825082508251e-05,1,0,0.0,0.0,0.00011730653589701808,0.0,0.00016987794250166097
3480,AdoPi,5956940,8.250825082508251e-05,1,0,0.0,0.0,0.00012111434086152553,0.0,0.0004408936376639128
3481,uiii,179219,0.00016501650165016502,2,0,0.0,0.0,0.00013874058686706578,1.0,0.0007899524552401384
3482,hill01,1680369,0.00033003300330033004,4,0,0.0,0.0,0.0002577293628860836,0.5,0.0030281174573709483
3483,SamuelBolduc,4836669,0.00033003300330033004,4,0,0.0,0.0,0.00031697905905767954,0.16666666666666666,0.0008984374824871765
3484,AnnanFay,766048,0.00041254125412541255,5,0,0.0,0.0,0.0003936914232369398,0.3,0.001874558897635764
3485,gockxml,982461,8.250825082508251e-05,1,0,0.0,0.0,0.00012111434086152553,0.0,0.0004408936376639128
3486,mons54,3779810,8.250825082508251e-05,1,0,0.0,0.0,0.00012111434086152553,0.0,0.0004408936376639128
3487,tmcdonnell87,4717014,8.250825082508251e-05,1,0,0.0,0.0,0.00020830725226400498,0.0,0.0
3488,chunpu,4565306,0.00016501650165016502,2,0,0.0,0.0,0.00012880821741032442,0.0,0.0004432316893033413
3489,cooolbasha,1131747,8.250825082508251e-05,1,0,0.0,0.0,0.00012111434086152553,0.0,0.0004408936376639128
3490,Thomasdezeeuw,3159064,0.00033003300330033004,4,0,0.0,0.0,0.00016916807862279716,1.0,0.0016925304610673245
3491,noazark,477526,8.250825082508251e-05,1,0,0.0,0.0,0.00012281751017947126,0.0,0.0005290723651966954
3492,bscott,191290,0.00016501650165016502,2,0,0.0,0.0,0.00020934811583985162,0.0,0.0002811863897576984
3493,malixsys,664650,0.00016501650165016502,2,0,0.0,0.0,0.00013306993356215947,1.0,0.0004624668535521419
3494,chirag04,954063,0.0008250825082508251,3,7,0.00033184654543950623,0.18913336912196946,0.0003644957353142553,0.26666666666666666,0.001178688053138907
3495,mcculloughsean,249299,0.00016501650165016502,2,0,0.0,0.0,0.00012215520443737218,1.0,0.0007220800274216113
3496,seriema,693684,0.0007425742574257426,9,0,0.0,0.0,0.0007680093288598908,0.16666666666666666,0.002285052939857977
3497,qiuxiaoj,4260708,8.250825082508251e-05,1,0,0.0,0.0,0.00012792701813330837,0.0,0.0007936085477950431
3498,alvaro-cuesta,1827495,8.250825082508251e-05,1,0,0.0,0.0,0.00011941117154357984,0.0,0.0003527149101311303
3499,apriendeau,700344,8.250825082508251e-05,1,0,0.0,0.0,0.00012044523031383214,0.0,0.000283129904169435
3500,sjorobekov,4434217,8.250825082508251e-05,1,0,0.0,0.0,0.00011644726088714693,0.0,2.0226909341867137e-06
3501,andrewnewman,5717878,8.250825082508251e-05,1,0,0.0,0.0,0.00012111434086152553,0.0,0.0004408936376639128
3502,zhuangya,499038,0.00016501650165016502,2,0,0.0,0.0,0.00012425303527833958,1.0,0.0005541455993316868
3503,endymion00,3352675,0.00024752475247524753,3,0,0.0,0.0,0.00021605021263290233,0.6666666666666666,0.0013819198043039432
3504,igorescobar,24032,0.00033003300330033004,4,0,0.0,0.0,0.00015415345443505754,1.0,0.001692673366043332
3505,hallas,404172,0.0016501650165016502,2,18,0.0001231250229658072,0.21543231108332778,0.00013583876516801906,0.18128654970760233,0.0004408936376639128
3506,Jacob-Christian-Munch-Andersen,3379706,0.0004950495049504951,6,0,0.0,0.0,0.0003616380321613725,0.26666666666666666,0.00032849966416305073
3507,ykumar6,1085792,0.00016501650165016502,2,0,0.0,0.0,0.00013106571255012243,1.0,0.0009068605094628171
3508,tazle,681203,0.00024752475247524753,3,0,0.0,0.0,0.00017628437874559199,0.6666666666666666,0.0007996766205976032
3509,AlexandreRoba,60746,0.0,0,0,0.0,0.0,0.000112598494271797,0.0,0.0
3510,raulsebastianmihaila,5671355,0.00024752475247524753,2,1,0.00010264848897829202,0.19199926094665326,0.00022022943748962494,0.0,0.000617251092729478
3511,d4goxn,3030411,0.00016501650165016502,2,0,0.0,0.0,0.0002213212565462042,1.0,0.0004445169978551508
3512,fabriziomoscon,721890,0.00016501650165016502,2,0,0.0,0.0,0.0001284765530147723,0.0,0.0004408936376639128
3513,beneloper,2236601,0.00033003300330033004,3,1,1.3617470015692771e-07,0.00016501650165016502,0.0001368999641688209,0.3333333333333333,0.0005506455810849245
3514,missyyyyyyy,1213662,0.00016501650165016502,2,0,0.0,0.0,0.000129592147835701,1.0,0.0005133020636346076
3515,plus-,841776,0.00024752475247524753,3,0,0.0,0.0,0.00023803381992981216,0.3333333333333333,0.0004464892296770872
3516,jseip1679,1295375,8.250825082508251e-05,1,0,0.0,0.0,0.00012452067949741695,0.0,0.000617251092729478
3517,muratgu,873836,8.250825082508251e-05,1,0,0.0,0.0,0.00012111434086152553,0.0,0.0004408936376639128
3518,evjan,18362,0.00041254125412541255,5,0,0.0,0.0,0.00041969267999941137,0.3,0.003363553252768002
3519,cmundi,471759,0.00024752475247524753,3,0,0.0,0.0,0.00013632383387680858,0.3333333333333333,0.00036027735207049845
3520,magicode,1408578,8.250825082508251e-05,1,0,0.0,0.0,0.00012452067949741695,0.0,0.000617251092729478
3521,matthewmueller,170299,0.00041254125412541255,4,1,1.1394323715492286e-05,0.19921126683926996,0.00019505703610741147,0.6666666666666666,0.002568693151514728
3522,sorribas,1163358,0.0004950495049504951,1,5,2.176110615564895e-05,0.19368082102765344,0.00013143066077268134,0.2,0.0006795117700066439
3523,villadora,724998,8.250825082508251e-05,1,0,0.0,0.0,0.00012111434086152553,0.0,0.0004408936376639128
3524,yields,1661587,0.0008250825082508251,2,8,2.9600987480374673e-05,0.14908853125343063,0.0002522569004268401,0.15555555555555556,0.0008632693942654672
3525,wadeharrell,967290,0.00024752475247524753,3,0,0.0,0.0,0.0001831506185315833,0.3333333333333333,0.0007576636326003738
3526,timmywil,192451,0.00041254125412541255,4,1,0.00010366109479571268,0.14677346295771648,0.0002216420540936248,0.5,0.001021860138750397
3527,superic,464946,8.250825082508251e-05,1,0,0.0,0.0,0.00011730653589701808,0.0,0.00016987794250166097
3528,jasonhargrove,285708,8.250825082508251e-05,1,0,0.0,0.0,0.00012044523031383214,0.0,0.000283129904169435
3529,LeeQ,870061,0.00016501650165016502,2,0,0.0,0.0,0.0001490965808537781,1.0,0.00030581722998753954
3530,momofiona,650155,0.00016501650165016502,2,0,0.0,0.0,0.00013240882506285813,0.0,0.000283129904169435
3531,lxe,1486609,0.0005775577557755776,5,2,0.0001336573157602016,0.19566936368094237,0.00025879719636230994,0.38095238095238093,0.0017591720416899725
3532,cotko,795665,0.00016501650165016502,2,0,0.0,0.0,0.00013366911852878176,1.0,0.0008939014843350088
3533,dminkovsky,218725,8.250825082508251e-05,1,0,0.0,0.0,0.00013770804960630943,0.0,0.0009060156933421919
3534,patelbhavin2426,1132057,0.00016501650165016502,2,0,0.0,0.0,0.0002161539883060401,0.0,0.000283129904169435
3535,Jack12816,2496275,0.00016501650165016502,2,0,0.0,0.0,0.00020934811583985162,0.0,0.0002811863897576984
3536,patelatharva,1047821,8.250825082508251e-05,1,0,0.0,0.0,0.00011770800222563412,0.0,0.0002645361825983477
3537,Broham,899854,0.00016501650165016502,2,0,0.0,0.0,0.00013831343697824218,1.0,0.0002870903328668805
3538,tolgaek,891261,0.00016501650165016502,2,0,0.0,0.0,0.00014165595138991078,0.0,0.0002887254961826093
3539,lws68825,916968,0.00024752475247524753,3,0,0.0,0.0,0.000249919487049375,0.0,0.0007417333428537052
3540,debonet,694857,0.00016501650165016502,2,0,0.0,0.0,0.00014929886743709136,1.0,0.0006834721987040894
3541,rkatti,3044030,8.250825082508251e-05,1,0,0.0,0.0,0.00012044523031383214,0.0,0.000283129904169435
3542,gmethvin,171663,0.0009075907590759076,2,9,3.132018103609338e-07,0.18430057212813034,0.00017791189205826986,0.2,0.0019468565642403867
3543,AleksMeshkov,1904894,8.250825082508251e-05,1,0,0.0,0.0,0.00012044523031383214,0.0,0.000283129904169435
3544,matthewwithanm,126263,0.00016501650165016502,2,0,0.0,0.0,0.0001361860230978111,1.0,0.00040531347698542005
3545,jin-cheng,4216635,0.00024752475247524753,3,0,0.0,0.0,0.00013194691182713845,0.6666666666666666,0.0005564836509711153
3546,evdb,187630,0.00016501650165016502,2,0,0.0,0.0,0.00017614634535197127,0.0,0.00056625980833887
3547,brian-pantano,1005811,0.00041254125412541255,5,0,0.0,0.0,0.00021584675789454593,0.0,1.0258909034319526e-05
3548,cjihrig,2512748,8.250825082508251e-05,1,0,0.0,0.0,0.0001235839247306462,0.0,0.00039638186583720896
3549,shennan,1840398,8.250825082508251e-05,1,0,0.0,0.0,0.00011887588310542511,0.0,0.00022650392333554796
3550,tomalex0,208168,8.250825082508251e-05,1,0,0.0,0.0,0.00013196233981376112,0.0,5.407475401011976e-06
3551,jonjenkins,407316,8.250825082508251e-05,1,0,0.0,0.0,0.00013456935518949537,0.0,0.0007927637316744179
3552,fluff,755752,8.250825082508251e-05,1,0,0.0,0.0,0.00012044523031383214,0.0,0.000283129904169435
3553,netpoetica,1972316,0.00024752475247524753,1,2,2.0149316466553407e-06,0.00033003300330033004,0.00012044523031383214,0.3333333333333333,0.000283129904169435
3554,reecelewellen,3856277,8.250825082508251e-05,1,0,0.0,0.0,0.00012044523031383214,0.0,0.000283129904169435
3555,dominykas,505619,0.00024752475247524753,3,0,0.0,0.0,0.00026703724712913825,0.6666666666666666,0.0008471472770898199
3556,pijusn,2745605,0.00024752475247524753,3,0,0.0,0.0,0.00021996179327054757,0.3333333333333333,0.0005541455993316868
3557,shubik,2243421,0.00016501650165016502,2,0,0.0,0.0,0.00013304732868099704,1.0,0.0002920615153176461
3558,lampiclobe,1488408,0.0,0,0,0.0,0.0,0.000112598494271797,0.0,0.0
3559,gabbsmo,1475256,8.250825082508251e-05,1,0,0.0,0.0,0.00012044523031383214,0.0,0.000283129904169435
3560,necolas,239676,0.00024752475247524753,3,0,0.0,0.0,0.00031500144071506213,0.0,0.00039638186583720896
3561,keithmarsh,2086182,8.250825082508251e-05,1,0,0.0,0.0,0.00012044523031383214,0.0,0.000283129904169435
3562,stackptr,4542907,0.00024752475247524753,3,0,0.0,0.0,0.000153157836749291,0.3333333333333333,0.0008244373621277897
3563,kavu,1994,0.0005775577557755776,7,0,0.0,0.0,0.0006521939658674747,0.047619047619047616,0.001927621399991586
3564,paulmillr,574696,0.00016501650165016502,2,0,0.0,0.0,0.00013183212710129736,1.0,0.0007741700101033306
3565,dhanik,468129,8.250825082508251e-05,1,0,0.0,0.0,0.0001235839247306462,0.0,0.00039638186583720896
3566,gjohnson,67717,8.250825082508251e-05,1,0,0.0,0.0,0.00011887588310542511,0.0,0.00022650392333554796
3567,esco,375773,8.250825082508251e-05,1,0,0.0,0.0,0.00011770800222563412,0.0,0.0002645361825983477
3568,bzuillsmith,1412248,8.250825082508251e-05,1,0,0.0,0.0,0.0001235839247306462,0.0,0.00039638186583720896
3569,CharlesHolbrow,1512520,8.250825082508251e-05,1,0,0.0,0.0,0.00011730653589701808,0.0,0.00016987794250166097
3570,cdpetty,4886185,0.00016501650165016502,2,0,0.0,0.0,0.00012385156894972356,1.0,0.00045948735923500005
3571,TheLudd,557295,0.00016501650165016502,2,0,0.0,0.0,0.00013831343697824218,1.0,0.0002870903328668805
3572,adammw,153219,8.250825082508251e-05,1,0,0.0,0.0,0.00012452067949741695,0.0,0.000617251092729478
3573,okv,465522,0.00016501650165016502,2,0,0.0,0.0,0.00012385156894972356,1.0,0.00045948735923500005
3574,edude03,494483,0.00016501650165016502,2,0,0.0,0.0,0.00012425303527833958,1.0,0.0005541455993316868
3575,ix-xerri,2903633,0.0005775577557755776,6,1,0.00020794285238063336,0.1450568673822828,0.0002750877389612669,0.3333333333333333,0.0017126624427874935
3576,DominicBoettger,662196,0.00024752475247524753,3,0,0.0,0.0,0.00033957647879324525,0.3333333333333333,0.0009671655930152596
3577,Siyfion,338488,0.0006600660066006601,8,0,0.0,0.0,0.0007454328640987003,0.0,0.0009626416741760789
3578,cly,314215,0.00016501650165016502,2,0,0.0,0.0,0.0001403832429319591,0.0,0.0002889349064405318
3579,MarkoZabcic,22573,0.0,0,0,0.0,0.0,0.000112598494271797,0.0,0.0
3580,andriichyzh,1223418,8.250825082508251e-05,1,0,0.0,0.0,0.0001235839247306462,0.0,0.00039638186583720896
3581,nixta,25374,0.0,0,0,0.0,0.0,0.000112598494271797,0.0,0.0
3582,sebmck,853712,0.00024752475247524753,3,0,0.0,0.0,0.0002240214284807333,0.0,0.00033694460856904243
3583,mooreds,91825,0.00041254125412541255,5,0,0.0,0.0,0.00032208176220592234,0.1,0.0008122022693661304
3584,justin-john,2345128,0.00016501650165016502,2,0,0.0,0.0,0.00022400072434807525,0.0,0.00056625980833887
3585,sjkaliski,602845,0.00016501650165016502,2,0,0.0,0.0,0.0001246989528912636,0.0,0.000283129904169435
3586,mobisimon,4229200,8.250825082508251e-05,1,0,0.0,0.0,0.00012044523031383214,0.0,0.000283129904169435
3587,ralphtheninja,308049,0.00024752475247524753,3,0,0.0,0.0,0.00013225171115249673,0.3333333333333333,0.0005049109087305274
3588,RuudBurger,38136,0.00033003300330033004,4,0,0.0,0.0,0.00024296383918595696,0.0,0.0005359030438838254
3589,jun-lu,491651,0.00016501650165016502,2,0,0.0,0.0,0.00021301529388922604,0.0,0.00016987794250166097
3590,eighteyes,405274,0.00016501650165016502,2,0,0.0,0.0,0.0002161539883060401,0.0,0.000283129904169435
3591,peakji,219051,8.250825082508251e-05,1,0,0.0,0.0,0.00012044523031383214,0.0,0.000283129904169435
3592,printercu,1144890,8.250825082508251e-05,1,0,0.0,0.0,0.00012515327193905322,0.0,0.0004530078466710959
3593,vicary,85772,0.00024752475247524753,2,1,1.979263214506083e-06,0.18688662815097581,0.00012541680823855992,0.6666666666666666,0.00033503296622886637
3594,itzik16,3527186,8.250825082508251e-05,1,0,0.0,0.0,0.00011685221684922847,0.0,0.0
3595,kawanet,9765,8.250825082508251e-05,1,0,0.0,0.0,0.00012515327193905322,0.0,0.0004530078466710959
3596,jade-bot,4529801,8.250825082508251e-05,1,0,0.0,0.0,0.00011730653589701808,0.0,0.00016987794250166097
3597,tinganho,1324476,8.250825082508251e-05,1,0,0.0,0.0,0.00012044523031383214,0.0,0.000283129904169435
3598,trusktr,297678,0.00033003300330033004,4,0,0.0,0.0,0.0001888269043903013,0.16666666666666666,0.00017039750953264508
3599,tellnes,613729,0.0008250825082508251,7,3,0.00041590134892929316,0.19207792337739182,0.0005226228061840632,0.2777777777777778,0.0019522639507024637
3600,srlowe,1562665,8.250825082508251e-05,1,0,0.0,0.0,0.00012044523031383214,0.0,0.000283129904169435
3601,joshlangner,852593,8.250825082508251e-05,1,0,0.0,0.0,0.00011730653589701808,0.0,0.00016987794250166097
3602,nathggns,719814,8.250825082508251e-05,1,0,0.0,0.0,0.00012044523031383214,0.0,0.000283129904169435
3603,godfox2012,1642170,8.250825082508251e-05,1,0,0.0,0.0,0.00012111434086152553,0.0,0.0004408936376639128
3604,iomico,1781036,0.00016501650165016502,2,0,0.0,0.0,0.0001324008230144661,1.0,0.00030470312005766403
3605,bazjapan,108936,0.00033003300330033004,4,0,0.0,0.0,0.0002702913048539812,0.16666666666666666,0.0009579187554016232
3606,saintedlama,123820,8.250825082508251e-05,1,0,0.0,0.0,0.00012201457752223917,0.0,0.00033975588500332194
3607,zumoshi,4184939,8.250825082508251e-05,1,0,0.0,0.0,0.00012044523031383214,0.0,0.000283129904169435
3608,paynechu,314176,0.00016501650165016502,2,0,0.0,0.0,0.00013674408976983515,1.0,0.00023046435203299352
3609,alvinsw,2344573,0.00016501650165016502,2,0,0.0,0.0,0.00012896107690356067,1.0,0.0007240235418333478
3610,esnunes,961874,0.0,0,0,0.0,0.0,0.000112598494271797,0.0,0.0
3611,leemunroe,15963,8.250825082508251e-05,1,0,0.0,0.0,0.00012111434086152553,0.0,0.0004408936376639128
3612,ricardobeat,97396,0.00033003300330033004,3,1,1.0087394726997502e-06,0.00024752475247524753,0.00015777273176423342,0.3333333333333333,0.001750615525527843
3613,realguess,263215,8.250825082508251e-05,1,0,0.0,0.0,0.00011941117154357984,0.0,0.0003527149101311303
3614,carlituxman,2116042,0.0006600660066006601,8,0,0.0,0.0,0.0005769960589767117,0.14285714285714285,0.0007252188024371145
3615,s2young,1398798,0.00033003300330033004,4,0,0.0,0.0,0.00027327203477649263,0.16666666666666666,0.0003992394845076215
3616,lagoasoft-lucasschmidt,849274,0.0,0,0,0.0,0.0,0.000112598494271797,0.0,0.0
3617,silentuser,1732023,0.00033003300330033004,4,0,0.0,0.0,0.00040757150429045604,0.0,0.000283129904169435
3618,gimmi,6589,8.250825082508251e-05,1,0,0.0,0.0,0.00012044523031383214,0.0,0.000283129904169435
3619,elslooo,732188,0.00016501650165016502,2,0,0.0,0.0,0.00012228222174131653,1.0,0.0004028613784011131
3620,colynb,1049124,8.250825082508251e-05,1,0,0.0,0.0,0.00011730653589701808,0.0,0.00016987794250166097
3621,Cauldrath,1427204,8.250825082508251e-05,1,0,0.0,0.0,0.00011730653589701808,0.0,0.00016987794250166097
3622,wasula,879053,8.250825082508251e-05,1,0,0.0,0.0,0.0001235839247306462,0.0,0.00039638186583720896
3623,bartsqueezy,647029,8.250825082508251e-05,1,0,0.0,0.0,0.00011730653589701808,0.0,0.00016987794250166097
3624,CodersBrothers,2166523,0.00033003300330033004,4,0,0.0,0.0,0.0002387260522671101,0.16666666666666666,0.0006294992803688523
3625,skerit,755212,0.00024752475247524753,3,0,0.0,0.0,0.000178296337390494,0.3333333333333333,0.0006721567719111246
3626,allenpc,1543187,0.00016501650165016502,2,0,0.0,0.0,0.0001397336924582216,0.0,0.0004440110398498174
3627,nickleefly,1024773,8.250825082508251e-05,1,0,0.0,0.0,0.00014833490760061708,0.0,7.920857394891058e-06
3628,nickpack,109072,0.00033003300330033004,4,0,0.0,0.0,0.0003151198821228042,0.16666666666666666,0.00018040283693393857
3629,clearly,1709962,0.00016501650165016502,2,0,0.0,0.0,0.0002161539883060401,0.0,0.000283129904169435
3630,tarqd,554927,0.00041254125412541255,2,3,0.0,0.19926206876042926,0.00012896107690356067,0.8333333333333334,0.0007240235418333478
3631,SLaks,313894,0.0006600660066006601,8,0,0.0,0.0,0.00043633642014117966,0.35714285714285715,0.004843370893507995
3632,silentjohnny,569663,0.00024752475247524753,1,2,1.260036880070248e-05,0.00033003300330033004,0.00012044523031383214,0.0,0.000283129904169435
3633,caridy,38969,0.0010726072607260726,1,12,1.4849655290580388e-05,0.17691463976586336,0.00012672261914746025,0.08974358974358974,0.0005096338275049829
3634,ctalibard,4116610,0.00016501650165016502,2,0,0.0,0.0,0.00012425303527833958,1.0,0.0005541455993316868
3635,jsmarkus,1039431,8.250825082508251e-05,1,0,0.0,0.0,0.00011730653589701808,0.0,0.00016987794250166097
3636,lacek,1272100,8.250825082508251e-05,1,0,0.0,0.0,0.00011600483290768841,0.0,0.00017635745506556515
3637,greengerong,2569893,0.00016501650165016502,2,0,0.0,0.0,0.0001207128745329095,1.0,0.00034623539756722607
3638,JonathanMH,919732,0.0,0,0,0.0,0.0,0.000112598494271797,0.0,0.0
3639,jlubawy,596251,0.00016501650165016502,1,1,0.0,0.00016501650165016502,0.00011730653589701808,1.0,0.00016987794250166097
3640,cloudconferenceroom,3916443,0.0,0,0,0.0,0.0,0.000112598494271797,0.0,0.0
3641,rkulla,244283,0.00016501650165016502,2,0,0.0,0.0,0.00018464939752798397,1.0,0.0005151218520248565
3642,venkatperi,1389947,8.250825082508251e-05,1,0,0.0,0.0,0.00012044523031383214,0.0,0.000283129904169435
3643,guybrush,306324,0.00033003300330033004,1,3,0.0,0.19926206876042926,0.00011730653589701808,0.6666666666666666,0.00016987794250166097
3644,daguej,354349,0.0004950495049504951,5,1,0.0001026484889782921,0.19921126683926996,0.0002801223814190328,0.4,0.0011704280627912317
3645,pavelbrylov,448437,8.250825082508251e-05,1,0,0.0,0.0,0.00012044523031383214,0.0,0.000283129904169435
3646,joshbedo,607239,0.0,0,0,0.0,0.0,0.000112598494271797,0.0,0.0
3647,karenism,301221,8.250825082508251e-05,1,0,0.0,0.0,0.00012044523031383214,0.0,0.000283129904169435
3648,mangvlad,1328123,0.00016501650165016502,2,0,0.0,0.0,0.0001334014743097044,1.0,0.0008307959909372176
3649,Dahie,28617,0.00041254125412541255,5,0,0.0,0.0,0.00039257579030821003,0.3,0.0007765955579671015
3650,nihildeb,57786,8.250825082508251e-05,1,0,0.0,0.0,0.00012044523031383214,0.0,0.000283129904169435
3651,peterschmidler,234022,8.250825082508251e-05,1,0,0.0,0.0,0.00012044523031383214,0.0,0.000283129904169435
3652,yuvalkariv,3962138,0.00016501650165016502,2,0,0.0,0.0,0.00017605395114953797,1.0,0.00018177240702454565
3653,poliveira89,1919475,8.250825082508251e-05,1,0,0.0,0.0,0.00012044523031383214,0.0,0.000283129904169435
3654,arcthur,322331,0.00016501650165016502,2,0,0.0,0.0,0.0001664948608587861,1.0,0.00017039750953264508
3655,adrianheine,139208,0.00016501650165016502,2,0,0.0,0.0,0.00012811169754157475,1.0,0.000283129904169435
3656,chrisfosterelli,2072672,0.00041254125412541255,5,0,0.0,0.0,0.0001990854692993614,0.4,0.0009337546752779888
3657,thatmarvin,646125,8.250825082508251e-05,1,0,0.0,0.0,0.00012672261914746025,0.0,0.0005096338275049829
3658,ktsuttlemyre,1229777,0.00016501650165016502,2,0,0.0,0.0,0.0001324008230144661,1.0,0.00030470312005766403
3659,jorgebg,606597,8.250825082508251e-05,1,0,0.0,0.0,0.00012044523031383214,0.0,0.000283129904169435
3660,akamensky,985805,0.00016501650165016502,2,0,0.0,0.0,0.00017143830372675018,0.0,0.00039638186583720896
3661,peebles,2389297,0.00016501650165016502,2,0,0.0,0.0,0.0001272702831705451,1.0,0.0002933261445607089
3662,joebnimble,2382321,0.00033003300330033004,4,0,0.0,0.0,0.00032381833899888205,0.16666666666666666,0.00030470312005766403
3663,fern4lvarez,1381925,0.00033003300330033004,4,0,0.0,0.0,0.00022640521327374466,0.5,0.0010983746124944166
3664,justinwalsh,1172959,0.0,0,0,0.0,0.0,0.000112598494271797,0.0,0.0
3665,jney,747,8.250825082508251e-05,1,0,0.0,0.0,0.00013121784586849307,0.0,3.1174021859046238e-06
3666,invegas,3273830,0.00024752475247524753,3,0,0.0,0.0,0.00021956032694193153,0.3333333333333333,0.00045948735923500005
3667,Starefossen,968267,0.00033003300330033004,3,1,4.0852410047078315e-08,0.00016501650165016502,0.00021301529388922604,0.3333333333333333,0.00016987794250166097
3668,mcauser,1038959,0.0,0,0,0.0,0.0,0.000112598494271797,0.0,0.0
3669,asmblah,1714005,8.250825082508251e-05,1,0,0.0,0.0,0.00012044523031383214,0.0,0.000283129904169435
3670,alnoor,1174303,0.00016501650165016502,2,0,0.0,0.0,0.00012968104474998178,1.0,0.00033975588500332194
3671,lazd,201344,0.00016501650165016502,2,0,0.0,0.0,0.000127659373914231,1.0,0.000730503054397252
3672,tarun29061990,1535607,8.250825082508251e-05,1,0,0.0,0.0,0.00012044523031383214,0.0,0.000283129904169435
3673,RGBboy,1566539,0.00016501650165016502,2,0,0.0,0.0,0.00014465454898763094,1.0,0.0012902833501722178
3674,misterjt,1521354,0.00024752475247524753,3,0,0.0,0.0,0.0001306766218064365,1.0,0.00046968359962627407
3675,geoffreyvanwyk,194185,0.0,0,0,0.0,0.0,0.000112598494271797,0.0,0.0
3676,thomseddon,747138,0.00016501650165016502,1,1,0.0,0.1840834754906306,0.00011730653589701808,1.0,0.00016987794250166097
3677,nickjackson,693875,0.00033003300330033004,4,0,0.0,0.0,0.0002627143476140619,0.5,0.0021800222899456853
3678,jaeh,510877,0.00024752475247524753,1,2,0.0,0.00033003300330033004,0.00011573718868861105,0.6666666666666666,0.00011325196166777398
3679,yawnt,148907,0.00016501650165016502,1,1,0.0,0.00016501650165016502,0.00011730653589701808,1.0,0.00016987794250166097
3680,deeveeloop,3243542,8.250825082508251e-05,1,0,0.0,0.0,0.00012111434086152553,0.0,0.0004408936376639128
3681,SpencerC,817672,0.00016501650165016502,2,0,0.0,0.0,0.00015301726019226154,0.0,0.0004408936376639128
3682,michaelahlers,2034877,8.250825082508251e-05,1,0,0.0,0.0,0.0001235839247306462,0.0,0.00039638186583720896
3683,drozzy,140710,8.250825082508251e-05,1,0,0.0,0.0,0.00012111434086152553,0.0,0.0004408936376639128
3684,victorandree,52588,0.00033003300330033004,4,0,0.0,0.0,0.0003224832285345384,0.16666666666666666,0.0009068605094628171
3685,killmenot,119337,8.250825082508251e-05,1,0,0.0,0.0,0.00011730653589701808,0.0,0.00016987794250166097
3686,dstroynov,3646753,8.250825082508251e-05,1,0,0.0,0.0,0.00012044523031383214,0.0,0.000283129904169435
3687,Antonio-Laguna,946645,0.00016501650165016502,2,0,0.0,0.0,0.00011914352732450247,1.0,0.00028960941673333916
3688,SomeKittens,1616464,8.250825082508251e-05,1,0,0.0,0.0,0.00012044523031383214,0.0,0.000283129904169435
3689,gravis,12752,8.250825082508251e-05,1,0,0.0,0.0,0.0001235839247306462,0.0,0.00039638186583720896
3690,ryancole,484801,0.00016501650165016502,2,0,0.0,0.0,0.00012896107690356067,1.0,0.0007240235418333478
3691,qjcg,1133291,0.00016501650165016502,2,0,0.0,0.0,0.00013040897758735914,1.0,0.00040657810622848293
3692,rauchg,13041,0.0014026402640264027,4,13,2.629505016757415e-05,0.20508477488168764,0.00021663677935458172,0.17582417582417584,0.002330461694755634
3693,robraux,145411,0.00016501650165016502,2,0,0.0,0.0,0.00014061561791010326,1.0,0.0012781691411650345
3694,adambrod,359049,0.00024752475247524753,2,1,0.0,0.19199926094665326,0.0001329984864715924,1.0,0.0006896595187001727
3695,x1a0,205756,8.250825082508251e-05,1,0,0.0,0.0,0.00012044523031383214,0.0,0.000283129904169435
3696,aaronjgreenberg,1333396,8.250825082508251e-05,1,0,0.0,0.0,0.00012452067949741695,0.0,0.000617251092729478
3697,linhmtran168,646436,8.250825082508251e-05,1,0,0.0,0.0,0.00012044523031383214,0.0,0.000283129904169435
3698,marcwan,525058,0.00016501650165016502,2,0,0.0,0.0,0.0002161539883060401,0.0,0.000283129904169435
3699,nka11,250248,8.250825082508251e-05,1,0,0.0,0.0,0.0001235839247306462,0.0,0.00039638186583720896
3700,isnolan,1823025,0.00016501650165016502,2,0,0.0,0.0,0.00012833928705577598,1.0,0.0001221835728159851
3701,SomeoneWeird,665754,8.250825082508251e-05,1,0,0.0,0.0,0.00012044523031383214,0.0,0.000283129904169435
3702,dusts66,729912,8.250825082508251e-05,1,0,0.0,0.0,0.00012672261914746025,0.0,0.0005096338275049829
3703,curious-attempt-bunny,51608,0.00041254125412541255,5,0,0.0,0.0,0.00018302621183902352,0.5,0.0011071965118910837
3704,haoxins,2569835,0.0,0,0,0.0,0.0,0.000112598494271797,0.0,0.0
3705,ajacksified,175515,8.250825082508251e-05,0,1,0.0,0.2028685266243085,0.000112598494271797,0.0,0.0
3706,es128,1740641,0.00024752475247524753,3,0,0.0,0.0,0.00017565676966609144,0.6666666666666666,0.00014280544216133855
3707,juliangruber,10247,0.0004950495049504951,1,5,1.9336807422283736e-05,0.19285223997512874,0.0001361387023979024,0.26666666666666666,0.0008493897125083048
3708,sergop321,1838071,8.250825082508251e-05,1,0,0.0,0.0,0.00015888567326266442,0.0,1.5587010929523117e-05
3709,ericf,29096,0.00033003300330033004,4,0,0.0,0.0,0.00016553427413582635,0.6666666666666666,0.0015349077702840018
3710,darrenderidder,627254,0.00024752475247524753,2,1,0.0,0.19921126683926996,0.00012425303527833958,1.0,0.0005541455993316868
3711,reedyrm,1012513,8.250825082508251e-05,1,0,0.0,0.0,0.00012044523031383214,0.0,0.000283129904169435
3712,pvencill,48778,8.250825082508251e-05,1,0,0.0,0.0,0.0001298613135642743,0.0,0.0006228857891727569
3713,al6x,94196,0.00016501650165016502,2,0,0.0,0.0,0.00023027811318170337,0.0,0.0007927637316744179
3714,takeshy,112040,8.250825082508251e-05,1,0,0.0,0.0,0.00011468022142349027,0.0,0.0005623727795153968
3715,sang4lv,2039144,8.250825082508251e-05,1,0,0.0,0.0,0.00012044523031383214,0.0,0.000283129904169435
3716,ReiGarcia,426476,0.00016501650165016502,2,0,0.0,0.0,0.00012833928705577598,1.0,0.0001221835728159851
3717,ia3andy,2223984,0.00016501650165016502,2,0,0.0,0.0,0.0001479236823690805,1.0,0.0007377268596020029
3718,andbas,440532,8.250825082508251e-05,1,0,0.0,0.0,0.00012111434086152553,0.0,0.0004408936376639128
3719,aweeks,289403,8.250825082508251e-05,1,0,0.0,0.0,0.00012044523031383214,0.0,0.000283129904169435
3720,tlhunter,551402,0.00016501650165016502,2,0,0.0,0.0,0.00013707545716467315,1.0,0.001070258939400574
3721,erelsgl,1462215,8.250825082508251e-05,1,0,0.0,0.0,0.00012044523031383214,0.0,0.000283129904169435
3722,thlorenz,192891,0.00033003300330033004,4,0,0.0,0.0,0.0004260269538488633,0.5,0.0022310025501979143
3723,myok12,601042,8.250825082508251e-05,1,0,0.0,0.0,0.00012672261914746025,0.0,0.0005096338275049829
3724,Elzair,2352818,0.00016501650165016502,2,0,0.0,0.0,0.00013304732868099704,1.0,0.0002920615153176461
3725,jescalan,556932,0.00024752475247524753,2,1,1.347135240092123e-06,0.00016501650165016502,0.00013639668997920013,0.3333333333333333,0.000283129904169435
3726,Silviu-Marian,1747499,0.0,0,0,0.0,0.0,0.000112598494271797,0.0,0.0
3727,buschtoens,834636,0.0009075907590759076,7,4,0.000209991758759716,0.1992959511050578,0.0006830478486439911,0.2,0.0030254059583185015
3728,heilingbrunner,1827209,0.00016501650165016502,2,0,0.0,0.0,0.00021301529388922604,0.0,0.00016987794250166097
3729,jagooding,364998,0.0,0,0,0.0,0.0,0.000112598494271797,0.0,0.0
3730,juanmac,1013345,0.00016501650165016502,1,1,2.7234940031385545e-08,0.00016501650165016502,0.00020830725226400498,0.0,0.0
3731,darokel,616080,0.00024752475247524753,3,0,0.0,0.0,0.00023518651935263107,0.0,2.316232464970113e-05
3732,thalesfsp,750360,0.00033003300330033004,4,0,0.0,0.0,0.00021638191257442,0.5,0.002275738002007293
3733,emilbayes,416524,8.250825082508251e-05,1,0,0.0,0.0,0.0001235839247306462,0.0,0.00039638186583720896
3734,stagas,283907,0.00016501650165016502,2,0,0.0,0.0,0.00013366911852878176,1.0,0.0008939014843350088
3735,fredericosilva,927601,0.00016501650165016502,2,0,0.0,0.0,0.00023453110412171072,1.0,0.00026818998012368073
3736,piscis,326163,8.250825082508251e-05,1,0,0.0,0.0,0.00012829196635586728,0.0,0.00056625980833887
3737,RobDuhm,2846579,8.250825082508251e-05,1,0,0.0,0.0,0.00012672261914746025,0.0,0.0005096338275049829
3738,hunterloftis,364501,0.00024752475247524753,2,1,1.3617470015692771e-07,0.00016501650165016502,0.0002669524167556633,0.6666666666666666,0.00023546033977139006
3739,pixelfreak,833548,0.00024752475247524753,2,1,3.8584297461021525e-07,0.00016501650165016502,0.00012425303527833958,0.6666666666666666,0.0005541455993316868
3740,vgeshel,100214,0.00016501650165016502,2,0,0.0,0.0,0.00021929268272285416,0.0,0.00039638186583720896
3741,eckz,567737,8.250825082508251e-05,1,0,0.0,0.0,0.00012044523031383214,0.0,0.000283129904169435
3742,arunoda,50838,0.00024752475247524753,3,0,0.0,0.0,0.0001319195025060822,0.6666666666666666,0.0005541455993316868
3743,tonysherbondy,899305,0.0004950495049504951,6,0,0.0,0.0,0.000717637481626374,0.13333333333333333,0.003180329208915133
3744,thepixelmonk,857940,0.00016501650165016502,2,0,0.0,0.0,0.00022557007155648228,0.0,0.0006228857891727569
3745,seandunaway,768947,0.0004950495049504951,1,5,4.0852410047078315e-08,0.20277845820914273,0.00012752216865978915,0.5,1.5891087614720592e-06
3746,chuyeow,213,0.00016501650165016502,2,0,0.0,0.0,0.00021144594668081901,0.0,0.00011325196166777398
3747,BruceFletcher,22562,8.250825082508251e-05,1,0,0.0,0.0,0.00012044523031383214,0.0,0.000283129904169435
3748,dkarigithu,472600,0.00024752475247524753,3,0,0.0,0.0,0.000190550830835488,0.3333333333333333,0.00039793394512307285
3749,Laboratory,1676506,0.00016501650165016502,2,0,0.0,0.0,0.00026521735567402386,1.0,0.0007989815070209469
3750,fatshotty,238659,0.00016501650165016502,2,0,0.0,0.0,0.00021144594668081901,0.0,0.00011325196166777398
3751,DmitryBochkarev,1196822,8.250825082508251e-05,1,0,0.0,0.0,0.00011730653589701808,0.0,0.00016987794250166097
3752,juzerali,1373803,0.0008250825082508251,3,7,0.00012454829760347123,0.2028135470581147,0.00015801530758265684,0.25,0.0003463839569422146
3753,eldargab,762157,0.00024752475247524753,3,0,0.0,0.0,0.00044620235052695125,0.3333333333333333,0.00039962253631814113
3754,zerodivisi0n,687694,8.250825082508251e-05,1,0,0.0,0.0,0.0001235839247306462,0.0,0.00039638186583720896
3755,tommedema,331833,0.00033003300330033004,2,2,3.0962221539715352e-06,0.2092776517183903,0.00017531837101412897,0.6666666666666666,0.0011396191693629869
3756,sebascabot,198871,8.250825082508251e-05,1,0,0.0,0.0,0.00012044523031383214,0.0,0.000283129904169435
3757,fgalassi,49930,8.250825082508251e-05,1,0,0.0,0.0,0.0001235839247306462,0.0,0.00039638186583720896
3758,mirkokiefer,315252,0.00016501650165016502,2,0,0.0,0.0,0.0001353689047018243,1.0,0.00028471901293090706
3759,nyteshade,225558,0.0004950495049504951,2,4,3.731482844734988e-06,0.1530803223991177,0.000146625362524654,0.4,0.0014415675711027915
3760,kc-dot-io,18702,8.250825082508251e-05,1,0,0.0,0.0,0.00012201457752223917,0.0,0.00033975588500332194
3761,norman784,204656,0.00033003300330033004,3,1,7.799096463533132e-08,0.15095105782070253,0.00016516646361133106,0.5,0.0006181628703983013
3762,chrisabrams,527740,0.00024752475247524753,3,0,0.0,0.0,0.0001934817287971657,1.0,0.0010526340840541324
3763,71104,1778989,0.00041254125412541255,3,2,0.00014552510352065548,0.1992281979345308,0.00042229636866733826,0.3333333333333333,0.0023872476114590955
3764,valllabh,1380940,8.250825082508251e-05,1,0,0.0,0.0,0.00011730653589701808,0.0,0.00016987794250166097
3765,seanmonstar,51479,0.00024752475247524753,3,0,0.0,0.0,0.00013922587587117906,0.6666666666666666,0.000314899360448938
3766,ericedem,1060669,0.00016501650165016502,2,0,0.0,0.0,0.00012855550265537398,1.0,0.00044828492789664035
3767,shakarchi,2633117,0.00016501650165016502,2,0,0.0,0.0,0.00013169419707218804,1.0,0.0005615368895644144
3768,mutazmq,34026,0.00016501650165016502,2,0,0.0,0.0,0.00021929268272285416,0.0,0.00039638186583720896
3769,seanjsong,229229,0.00016501650165016502,2,0,0.0,0.0,0.00014267962753103722,1.0,0.0009579187554016232
3770,ralyodio,27381,0.00024752475247524753,3,0,0.0,0.0,0.00016086399623429666,0.6666666666666666,0.0007240235418333478
3771,sharedinnovationlab,1310343,8.250825082508251e-05,1,0,0.0,0.0,0.0001235839247306462,0.0,0.00039638186583720896
3772,yozik04,2420038,8.250825082508251e-05,1,0,0.0,0.0,0.00013300000798108835,0.0,0.0007361377508405309
3773,simov,1694112,0.00016501650165016502,2,0,0.0,0.0,0.00013247152434852795,1.0,0.0009606981597643423
3774,lucasgonze,111581,0.00016501650165016502,2,0,0.0,0.0,0.00015002739426923332,1.0,0.0004089506170732921
3775,LarryBattle,288263,8.250825082508251e-05,1,0,0.0,0.0,0.00011730653589701808,0.0,0.00016987794250166097
3776,TooBug,1243593,8.250825082508251e-05,1,0,0.0,0.0,0.00011573718868861105,0.0,0.00011325196166777398
3777,techhead,311112,0.00024752475247524753,3,0,0.0,0.0,0.00013315529341153593,1.0,0.0005607590905277822
3778,glynnbird,697925,0.0004950495049504951,6,0,0.0,0.0,0.0006140838157482805,0.2,0.0003530169696707056
3779,isaacs,9287,0.0004950495049504951,3,3,0.00010581733763901402,0.19285223997512874,0.00027259647621474397,0.26666666666666666,0.001196245150196874
3780,langpavel,142462,0.0006600660066006601,3,5,2.5968515319926113e-06,0.1510385938722738,0.0003422094309126107,0.21428571428571427,0.0027396575268696117
3781,sakateka,2256154,0.00033003300330033004,4,0,0.0,0.0,0.00027186253206009785,0.3333333333333333,0.0013130890374598156
3782,lihanli,830084,8.250825082508251e-05,1,0,0.0,0.0,0.00011730653589701808,0.0,0.00016987794250166097
3783,panbhag,155842,0.0,0,0,0.0,0.0,0.000112598494271797,0.0,0.0
3784,andrewrk,106511,0.00024752475247524753,1,2,1.979263214506083e-06,0.186916432254022,0.0001235839247306462,0.3333333333333333,0.00039638186583720896
3785,benw,12386,8.250825082508251e-05,1,0,0.0,0.0,0.0001235839247306462,0.0,0.00039638186583720896
3786,jeroenbourgois,202312,0.00016501650165016502,2,0,0.0,0.0,0.00017143830372675018,0.0,0.00039638186583720896
3787,maupin,2416324,8.250825082508251e-05,1,0,0.0,0.0,0.0001235839247306462,0.0,0.00039638186583720896
3788,umarashfaq,1681120,0.0,0,0,0.0,0.0,0.000112598494271797,0.0,0.0
3789,regality,678338,8.250825082508251e-05,1,0,0.0,0.0,0.00012044523031383214,0.0,0.000283129904169435
3790,mgurov,339544,0.00024752475247524753,3,0,0.0,0.0,0.00018795567890729248,0.6666666666666666,0.0007806495226672348
3791,benekastah,740268,8.250825082508251e-05,1,0,0.0,0.0,0.00012201457752223917,0.0,0.00033975588500332194
3792,msiebuhr,330611,0.00016501650165016502,2,0,0.0,0.0,0.0001395353843960142,1.0,0.00039638186583720896
3793,trnc-ck,435783,0.00041254125412541255,5,0,0.0,0.0,0.00022998516490381656,0.2,0.0011389226807615627
3794,yhpark,1078489,0.00024752475247524753,3,0,0.0,0.0,0.00013935532444417964,0.3333333333333333,0.0006673975609994608
3795,leeight,104052,0.00024752475247524753,3,0,0.0,0.0,0.00014444315705734818,1.0,0.0009878357920655467
3796,eknkc,1248453,0.00033003300330033004,2,2,5.446988006277109e-08,0.00033003300330033004,0.00023812484922373846,0.3333333333333333,0.001075893635843853
3797,cozmo,696340,8.250825082508251e-05,1,0,0.0,0.0,0.00012044523031383214,0.0,0.000283129904169435
3798,chadlung,338981,8.250825082508251e-05,1,0,0.0,0.0,0.0001298613135642743,0.0,0.0006228857891727569
3799,ZacS803,1908251,8.250825082508251e-05,1,0,0.0,0.0,0.00012044523031383214,0.0,0.000283129904169435
3800,yagudaev,1386966,0.00033003300330033004,3,1,2.7234940031385545e-08,0.00037718057520037715,0.00023202104454890168,0.5,0.0013605822411062402
3801,thynson,895964,8.250825082508251e-05,1,0,0.0,0.0,0.00012044523031383214,0.0,0.000283129904169435
3802,engram-design,1221575,8.250825082508251e-05,1,0,0.0,0.0,0.00012044523031383214,0.0,0.000283129904169435
3803,525c1e21-bd67-4735-ac99-b4b0e5262290,13998,0.00041254125412541255,2,3,4.93588019781627e-05,0.19280465347077558,0.0001388259516522258,0.3,0.0004530078466710959
3804,marcelklehr,986878,0.00016501650165016502,2,0,0.0,0.0,0.00018242373418559936,1.0,0.0007927637316744179
3805,jhouchard,2272643,8.250825082508251e-05,1,0,0.0,0.0,0.00012672261914746025,0.0,0.0005096338275049829
3806,chamsae,2271545,8.250825082508251e-05,1,0,0.0,0.0,0.0001235839247306462,0.0,0.00039638186583720896
3807,akumpf,243480,0.00016501650165016502,1,1,0.0,0.00016501650165016502,0.00012044523031383214,1.0,0.000283129904169435
3808,Freyskeyd,1394604,8.250825082508251e-05,1,0,0.0,0.0,0.0001235839247306462,0.0,0.00039638186583720896
3809,AndrewForth,2249147,8.250825082508251e-05,1,0,0.0,0.0,0.00012044523031383214,0.0,0.000283129904169435
3810,nickjj,813219,0.00016501650165016502,2,0,0.0,0.0,0.00013097921561019065,0.0,0.00016987794250166097
3811,evanp,6770,8.250825082508251e-05,1,0,0.0,0.0,0.00012044523031383214,0.0,0.000283129904169435
3812,inadarei,30158,8.250825082508251e-05,1,0,0.0,0.0,0.00012044523031383214,0.0,0.000283129904169435
3813,robby,88970,0.00033003300330033004,2,2,5.550738925982838e-05,0.1992281979345308,0.00013097921561019065,0.3333333333333333,0.00016987794250166097
3814,EhevuTov,1071470,0.00016501650165016502,2,0,0.0,0.0,0.00018694080366403088,1.0,0.000944105041160814
3815,npenin,1405160,8.250825082508251e-05,1,0,0.0,0.0,0.00013300000798108835,0.0,0.0007361377508405309
3816,joemccann,48234,8.250825082508251e-05,1,0,0.0,0.0,0.0001486934800651586,0.0,0.0013023975591794008
3817,mstade,605731,0.00041254125412541255,5,0,0.0,0.0,0.00025848897263166425,0.6,0.002544655562292068
3818,xmen4u,1030439,0.00024752475247524753,2,1,0.0,0.00016501650165016502,0.0008323456306260392,1.0,0.00017118046292829463
3819,tokuhirom,21084,8.250825082508251e-05,1,0,0.0,0.0,0.00012627117398496956,0.0,0.0
3820,madcampos,609904,8.250825082508251e-05,1,0,0.0,0.0,0.00011573718868861105,0.0,0.00011325196166777398
3821,MikeTatsky,1744857,8.250825082508251e-05,1,0,0.0,0.0,0.0001298613135642743,0.0,0.0006228857891727569
3822,jayyvis,1243391,0.0004950495049504951,4,2,3.5691814409833155e-06,0.00033003300330033004,0.00023578087162501522,0.4,0.0007897974066894107
3823,doboy,1144344,0.0004950495049504951,6,0,0.0,0.0,0.000324260993729143,0.26666666666666666,0.0006530796881298309
3824,RobKohr,26756,0.00016501650165016502,2,0,0.0,0.0,0.00021929268272285416,0.0,0.00039638186583720896
3825,tnydwrds,753869,0.00033003300330033004,3,1,2.7234940031385545e-08,0.00016501650165016502,0.0008414561183509578,0.3333333333333333,0.00028391523030290314
3826,Tivoli,40634,0.00024752475247524753,3,0,0.0,0.0,0.0002462811703633309,0.3333333333333333,0.0006795117700066439
3827,sofianhn,2146228,8.250825082508251e-05,1,0,0.0,0.0,0.00012044523031383214,0.0,0.000283129904169435
3828,sridhar480,1335982,0.00016501650165016502,2,0,0.0,0.0,0.00022400072434807525,0.0,0.00056625980833887
3829,mauromarano,1044368,0.00024752475247524753,2,1,2.7234940031385545e-08,0.00016501650165016502,0.00021301529388922604,0.3333333333333333,0.00016987794250166097
3830,Enome,144792,0.00016501650165016502,2,0,0.0,0.0,0.0001576581181531101,0.0,0.00113251961667774
3831,mercmobily,2128734,8.250825082508251e-05,1,0,0.0,0.0,0.00012044523031383214,0.0,0.000283129904169435
3832,KlonD90,790299,0.00016501650165016502,2,0,0.0,0.0,0.00016829960930993612,0.0,0.000283129904169435
3833,adamsch1,333530,8.250825082508251e-05,1,0,0.0,0.0,0.00012044523031383214,0.0,0.000283129904169435
3834,rdrey,347977,8.250825082508251e-05,1,0,0.0,0.0,0.00012044523031383214,0.0,0.000283129904169435
3835,Prakt,1902134,0.00033003300330033004,4,0,0.0,0.0,0.00040449794151283376,0.16666666666666666,0.0008550001990399912
3836,dreamflywang,866068,8.250825082508251e-05,1,0,0.0,0.0,0.00012044523031383214,0.0,0.000283129904169435
3837,sinistersig,1987997,8.250825082508251e-05,1,0,0.0,0.0,0.00020830725226400498,0.0,0.0
3838,artalat,295630,0.0004950495049504951,6,0,0.0,0.0,0.0005210664854536554,0.06666666666666667,0.0005203253057853977
3839,remoe,804941,0.00016501650165016502,2,0,0.0,0.0,0.00016829960930993612,0.0,0.000283129904169435
3840,constantx,113969,8.250825082508251e-05,1,0,0.0,0.0,0.00011887588310542511,0.0,0.00022650392333554796
3841,glenjamin,151272,0.00041254125412541255,3,2,1.775013405334085e-06,0.1920307181860973,0.00013900823108614315,0.6666666666666666,0.0008530579486379296
3842,iatek,1154528,8.250825082508251e-05,1,0,0.0,0.0,0.00012044523031383214,0.0,0.000283129904169435
3843,sreekumar-kr,1733074,0.00016501650165016502,2,0,0.0,0.0,0.00012385156894972356,1.0,0.00045948735923500005
3844,Raigen,894799,8.250825082508251e-05,1,0,0.0,0.0,0.00012672261914746025,0.0,0.0005096338275049829
3845,dioteos,248150,8.250825082508251e-05,1,0,0.0,0.0,0.00012044523031383214,0.0,0.000283129904169435
3846,calvinfo,487539,8.250825082508251e-05,1,0,0.0,0.0,0.00012044523031383214,0.0,0.000283129904169435
3847,aeosynth,75317,0.00016501650165016502,2,0,0.0,0.0,0.0002607182184692406,1.0,0.002972094881547662
3848,vkrishnasatya,1715901,8.250825082508251e-05,1,0,0.0,0.0,0.0001235839247306462,0.0,0.00039638186583720896
3849,ychun2k,1485450,0.00016501650165016502,2,0,0.0,0.0,0.0001313150822562422,1.0,0.0005526855910246689
3850,blakevanlan,987656,0.00016501650165016502,2,0,0.0,0.0,0.00021929268272285416,0.0,0.00039638186583720896
3851,samccone,883126,0.00041254125412541255,5,0,0.0,0.0,0.00033494811565264063,0.3,0.0006515309959348423
3852,davidrios,1418372,8.250825082508251e-05,1,0,0.0,0.0,0.00012201457752223917,0.0,0.00033975588500332194
3853,RubenVerborgh,675313,8.250825082508251e-05,1,0,0.0,0.0,0.00012044523031383214,0.0,0.000283129904169435
3854,scarvell,1268862,0.0009075907590759076,10,1,1.4621115854140938e-06,0.00016501650165016502,0.001483577325089052,0.05454545454545454,0.0027164589163471485
3855,donflopez,463462,0.00024752475247524753,3,0,0.0,0.0,0.00031186274629824807,0.0,0.000283129904169435
3856,jdolle,1841898,8.250825082508251e-05,0,1,0.0,0.00016501650165016502,0.000112598494271797,0.0,0.0
3857,goloroden,906327,8.250825082508251e-05,1,0,0.0,0.0,0.00012044523031383214,0.0,0.000283129904169435
3858,anandof28,644294,8.250825082508251e-05,1,0,0.0,0.0,0.0001235839247306462,0.0,0.00039638186583720896
3859,gitawego,438120,8.250825082508251e-05,1,0,0.0,0.0,0.00011573718868861105,0.0,0.00011325196166777398
3860,strk,289678,0.0005775577557755776,3,4,3.447186816429827e-06,0.0006600660066006601,0.00027645829277320053,0.23809523809523808,0.0025926809093516187
3861,Tank000,1010158,8.250825082508251e-05,1,0,0.0,0.0,0.00020830725226400498,0.0,0.0
3862,sagivo,1484886,0.00024752475247524753,2,1,8.102718884813745e-07,0.00016501650165016502,0.00013438908637520287,0.3333333333333333,0.0005096338275049829
3863,kav,216737,8.250825082508251e-05,1,0,0.0,0.0,0.00011573718868861105,0.0,0.00011325196166777398
3864,juriejan,85799,0.00024752475247524753,3,0,0.0,0.0,0.0003231435960217177,0.3333333333333333,0.0009331828269700766
3865,jzabel,1323146,0.00024752475247524753,3,0,0.0,0.0,0.00026605268637129126,0.6666666666666666,0.0010253643312916518
3866,Radagaisus,550061,0.00033003300330033004,1,3,1.324439456732635e-06,0.19926206876042926,0.00012044523031383214,0.3333333333333333,0.000283129904169435
3867,riadhchtara,938164,0.00041254125412541255,3,2,1.6683479137663173e-06,0.2026907891826796,0.0001630021915997269,0.6666666666666666,0.0016866652160094267
3868,node-migrator-bot,1855799,8.250825082508251e-05,1,0,0.0,0.0,0.00012515327193905322,0.0,0.0004530078466710959
3869,allanlundhansen,345632,8.250825082508251e-05,1,0,0.0,0.0,0.00012044523031383214,0.0,0.000283129904169435
3870,mamzellejuu,614394,8.250825082508251e-05,1,0,0.0,0.0,0.00012672261914746025,0.0,0.0005096338275049829
3871,the-teacher,496713,0.0,0,0,0.0,0.0,0.000112598494271797,0.0,0.0
3872,peacemaker11,1422299,0.00016501650165016502,2,0,0.0,0.0,0.00013509275906800944,1.0,0.00040707334411762376
3873,btx0,680318,8.250825082508251e-05,1,0,0.0,0.0,0.00011573718868861105,0.0,0.00011325196166777398
3874,tleach,1006902,8.250825082508251e-05,1,0,0.0,0.0,0.00011887588310542511,0.0,0.00022650392333554796
3875,greenlieber,656207,8.250825082508251e-05,1,0,0.0,0.0,0.00011600483290768841,0.0,0.00017635745506556515
3876,scan,450679,8.250825082508251e-05,1,0,0.0,0.0,0.00012515327193905322,0.0,0.0004530078466710959
3877,cortfr,421325,8.250825082508251e-05,1,0,0.0,0.0,0.00012044523031383214,0.0,0.000283129904169435
3878,Mirodil,1898801,0.00041254125412541255,5,0,0.0,0.0,0.0004693590360154337,0.1,0.0007742270986591532
3879,karlseguin,206480,0.00016501650165016502,2,0,0.0,0.0,0.0001794419795207344,1.0,0.0004057340723949228
3880,fireph,443370,0.00024752475247524753,3,0,0.0,0.0,0.0002516074896777161,0.3333333333333333,0.0002950288306056431
3881,TedAvery,608185,0.00033003300330033004,4,0,0.0,0.0,0.0003204363666862672,0.16666666666666666,0.0005311597092648259
3882,peters,869,0.00016501650165016502,2,0,0.0,0.0,0.00019513330440163422,0.0,0.0009060156933421919
3883,marafal,1685623,8.250825082508251e-05,1,0,0.0,0.0,0.00012044523031383214,0.0,0.000283129904169435
3884,timeturner,1278432,0.0009900990099009901,12,0,0.0,0.0,0.0010215777728279332,0.06060606060606061,0.001007039689401611
3885,natural,146692,0.0009075907590759076,11,0,0.0,0.0,0.0008035949475528912,0.14545454545454545,0.002311609536559636
3886,morozovsk,1822063,8.250825082508251e-05,1,0,0.0,0.0,0.00012044523031383214,0.0,0.000283129904169435
3887,nullfirm,1829014,8.250825082508251e-05,1,0,0.0,0.0,0.00012829196635586728,0.0,0.00056625980833887
3888,martinkadlec0,822702,8.250825082508251e-05,1,0,0.0,0.0,0.00012044523031383214,0.0,0.000283129904169435
3889,davewasmer,707213,8.250825082508251e-05,1,0,0.0,0.0,0.00012044523031383214,0.0,0.000283129904169435
3890,guileen,249313,0.00024752475247524753,3,0,0.0,0.0,0.00020859598653207118,0.6666666666666666,0.00018461273327040058
3891,alokthapa,26993,8.250825082508251e-05,1,0,0.0,0.0,0.00012044523031383214,0.0,0.000283129904169435
3892,caio-ribeiro-pereira,551228,0.00016501650165016502,2,0,0.0,0.0,0.0001774315511488159,1.0,0.0010777121204522972
3893,sharonjl,910581,0.0011551155115511551,14,0,0.0,0.0,0.0016097314934028163,0.054945054945054944,0.0012213996455895568
3894,panzi,134175,0.00016501650165016502,2,0,0.0,0.0,0.00013843493395229337,1.0,0.0008709155942681478
3895,danneu,529580,8.250825082508251e-05,1,0,0.0,0.0,0.00011730653589701808,0.0,0.00016987794250166097
3896,davidmurdoch,187813,0.00024752475247524753,1,2,0.0,0.00033003300330033004,0.0001235839247306462,0.6666666666666666,0.00039638186583720896
3897,ipiyer,29092,0.00024752475247524753,2,1,0.0,0.19921126683926996,0.00012425303527833958,1.0,0.0005541455993316868
3898,clickslide,1287260,8.250825082508251e-05,1,0,0.0,0.0,0.00012672261914746025,0.0,0.0005096338275049829
3899,machadogj,671212,0.00041254125412541255,4,1,2.6478197769084903e-06,0.00016501650165016502,0.00019162985152276473,0.3,0.0005353162455126988
3900,bradleypallen,42150,8.250825082508251e-05,1,0,0.0,0.0,0.00011730653589701808,0.0,0.00016987794250166097
3901,jrgleason,1319151,0.0005775577557755776,7,0,0.0,0.0,0.0005612776088751942,0.047619047619047616,0.0005877856900987129
3902,tomasikp,503795,0.00016501650165016502,2,0,0.0,0.0,0.00026010363646887524,1.0,0.0011463992984349022
3903,davedx,1479448,0.00016501650165016502,2,0,0.0,0.0,0.0003495429319548935,1.0,0.00019763730601598585
3904,rfreitas,651348,0.00016501650165016502,2,0,0.0,0.0,0.000304016010256213,0.0,0.0
3905,fabioboris,818731,0.00024752475247524753,3,0,0.0,0.0,0.0004655094957229818,0.0,0.00014581149166328786
3906,pierreis,203973,0.00024752475247524753,3,0,0.0,0.0,0.00020125140458467788,0.6666666666666666,0.001915247407468911
3907,t-,893493,8.250825082508251e-05,1,0,0.0,0.0,0.00012044523031383214,0.0,0.000283129904169435
3908,davidmarkclements,1190716,8.250825082508251e-05,1,0,0.0,0.0,0.00012044523031383214,0.0,0.000283129904169435
3909,hiattp,571459,8.250825082508251e-05,1,0,0.0,0.0,0.00011573718868861105,0.0,0.00011325196166777398
3910,cluesque,41015,8.250825082508251e-05,1,0,0.0,0.0,0.00011730653589701808,0.0,0.00016987794250166097
3911,btakita,3664,0.00033003300330033004,4,0,0.0,0.0,0.0003800262448012101,0.16666666666666666,0.0006347802536956416
3912,adiospace,31248,8.250825082508251e-05,1,0,0.0,0.0,0.00011730653589701808,0.0,0.00016987794250166097
3913,rayie,628060,0.0,0,0,0.0,0.0,0.000112598494271797,0.0,0.0
3914,tidoust,1122927,0.00024752475247524753,3,0,0.0,0.0,0.00016278899278158275,0.6666666666666666,0.0016343793865357765
3915,abh,16861,0.00024752475247524753,2,1,5.2766352248834176e-05,0.19054779522823034,0.00013592588749371414,0.6666666666666666,0.00017299534468756558
3916,gitfy,482778,8.250825082508251e-05,1,0,0.0,0.0,0.00014398543843993752,0.0,0.00113251961667774
3917,totty90,236974,8.250825082508251e-05,1,0,0.0,0.0,0.00011730653589701808,0.0,0.00016987794250166097
3918,harishv,772116,8.250825082508251e-05,1,0,0.0,0.0,0.00012672261914746025,0.0,0.0005096338275049829
3919,draivin,947593,0.0007425742574257426,9,0,0.0,0.0,0.0006326639172718297,0.05555555555555555,0.00030199968859579405
3920,weepy,820,0.0007425742574257426,6,3,0.00020725627281376933,0.19924513190800594,0.00046819480063574543,0.21428571428571427,0.004057463454086024
3921,smagch,898660,0.00041254125412541255,1,4,0.0,0.1568602099101773,0.00013143066077268134,0.4,0.0006795117700066439
3922,Greta,311798,0.00024752475247524753,3,0,0.0,0.0,0.00031657078792346916,0.0,0.0004530078466710959
3923,glennblock,141124,0.00033003300330033004,3,1,4.0852410047078315e-08,0.00016501650165016502,0.00022950940310007494,0.5,0.0017187635200777893
3924,Ricky34,1682300,8.250825082508251e-05,1,0,0.0,0.0,0.00012044523031383214,0.0,0.000283129904169435
3925,bobbydavid,1099713,0.00024752475247524753,3,0,0.0,0.0,0.00014507579541927972,0.6666666666666666,0.00056080696435208
3926,ajoslin,1265995,0.00024752475247524753,3,0,0.0,0.0,0.0003244175239655043,0.0,0.0007361377508405309
3927,bminer,73755,0.0004950495049504951,4,2,3.6279381637894183e-06,0.19924513190800594,0.00019400407357093914,0.5,0.0012978169244003753
3928,benedmunds,156823,0.00033003300330033004,1,3,0.0,0.15094133785561425,0.00011730653589701808,0.5,0.00016987794250166097
3929,bingomanatee,684016,0.0009900990099009901,11,1,0.0018472370425687556,0.19921126683926996,0.0017290090620537177,0.05454545454545454,0.0015310707008464406
3930,nulltask,291185,8.250825082508251e-05,1,0,0.0,0.0,0.00011730653589701808,0.0,0.00016987794250166097
3931,rguerreiro,545325,0.0,0,0,0.0,0.0,0.000112598494271797,0.0,0.0
3932,coolony,1629379,8.250825082508251e-05,1,0,0.0,0.0,0.00011730653589701808,0.0,0.00016987794250166097
3933,Vavooon,1628401,0.00033003300330033004,4,0,0.0,0.0,0.0006081617314645663,0.3333333333333333,0.0009709547466718245
3934,jfromell,780891,8.250825082508251e-05,1,0,0.0,0.0,0.00012044523031383214,0.0,0.000283129904169435
3935,TotallyInformation,1591850,8.250825082508251e-05,1,0,0.0,0.0,0.0001235839247306462,0.0,0.00039638186583720896
3936,steveworkman,994905,0.00041254125412541255,5,0,0.0,0.0,0.00036394114476317937,0.2,0.0010682005138465554
3937,gerred,365659,0.00016501650165016502,1,1,0.00010267572391832348,0.1992831197471009,0.00020830725226400498,0.0,0.0
3938,flowforever,1191872,0.00024752475247524753,3,0,0.0,0.0,0.001565688394166487,0.6666666666666666,0.0004096235386576076
3939,janheski,423300,0.0005775577557755776,7,0,0.0,0.0,0.0006063072726843467,0.047619047619047616,0.0007908202172626813
3940,mihaifm,981184,0.00016501650165016502,1,1,0.0,0.00016501650165016502,0.00012044523031383214,1.0,0.000283129904169435
3941,cordoba,377859,0.00016501650165016502,2,0,0.0,0.0,0.00017143830372675018,0.0,0.00039638186583720896
3942,shinuza,137940,0.0,0,0,0.0,0.0,0.000112598494271797,0.0,0.0
3943,brianloveswords,166258,0.00024752475247524753,2,1,1.0893976012554218e-07,0.00022002200220022002,0.0002718149317968356,0.6666666666666666,0.0009140470054245416
3944,henvic,936421,8.250825082508251e-05,1,0,0.0,0.0,0.00011730653589701808,0.0,0.00016987794250166097
3945,deepak2510,1642512,8.250825082508251e-05,1,0,0.0,0.0,0.00012044523031383214,0.0,0.000283129904169435
3946,Charuru,214436,8.250825082508251e-05,1,0,0.0,0.0,0.00011573718868861105,0.0,0.00011325196166777398
3947,twhid,299945,8.250825082508251e-05,1,0,0.0,0.0,0.00012044523031383214,0.0,0.000283129904169435
3948,furtivefelon,112383,0.00016501650165016502,2,0,0.0,0.0,0.0001305304241119677,1.0,0.0007806495226672348
3949,Zoramite,107076,0.00016501650165016502,1,1,0.0,0.00016501650165016502,0.00012044523031383214,1.0,0.000283129904169435
3950,Benjen,1292616,0.00016501650165016502,1,1,0.0,0.00016501650165016502,0.00011730653589701808,1.0,0.00016987794250166097
3951,tbergeron,70296,0.00016501650165016502,1,1,0.0,0.00016501650165016502,0.00012044523031383214,1.0,0.000283129904169435
3952,ppejovic,585084,8.250825082508251e-05,1,0,0.0,0.0,0.00011730653589701808,0.0,0.00016987794250166097
3953,gsf,151913,8.250825082508251e-05,1,0,0.0,0.0,0.00011730653589701808,0.0,0.00016987794250166097
3954,ahizzle,200399,8.250825082508251e-05,1,0,0.0,0.0,0.00011730653589701808,0.0,0.00016987794250166097
3955,mosch,224866,8.250825082508251e-05,1,0,0.0,0.0,0.00012044523031383214,0.0,0.000283129904169435
3956,dokipen,12744,0.00016501650165016502,2,0,0.0,0.0,0.00027265048780869306,0.0,0.002321665214189367
3957,AndrewEQ,1557072,8.250825082508251e-05,1,0,0.0,0.0,0.00058785821241846,0.0,1.13004981717952e-06
3958,snodgrass23,405400,8.250825082508251e-05,1,0,0.0,0.0,0.00011730653589701808,0.0,0.00016987794250166097
3959,pauliusuza,536859,0.00016501650165016502,2,0,0.0,0.0,0.00022596241255117434,1.0,0.00039897970099212946
3960,sneakpeeq,492684,8.250825082508251e-05,1,0,0.0,0.0,0.00012044523031383214,0.0,0.000283129904169435
3961,jed,4433,0.00033003300330033004,3,1,0.0001036963842148843,0.15090247050970063,0.00023617610973078115,0.16666666666666666,0.0023302552387757833
3962,robhicks,719152,8.250825082508251e-05,1,0,0.0,0.0,0.00012672261914746025,0.0,0.0005096338275049829
3963,wereHamster,34538,0.00041254125412541255,4,1,1.9472982122440665e-05,0.00016501650165016502,0.0005591287973883179,0.2,0.00012316058057635745
3964,pengyu,1018252,8.250825082508251e-05,1,0,0.0,0.0,0.00012111434086152553,0.0,0.0004408936376639128
3965,johncch,331432,0.00033003300330033004,4,0,0.0,0.0,0.0003195292135259907,0.16666666666666666,0.000283129904169435
3966,guiomie,885317,8.250825082508251e-05,1,0,0.0,0.0,0.00011887588310542511,0.0,0.00022650392333554796
3967,dwerner,1497784,8.250825082508251e-05,1,0,0.0,0.0,0.00011887588310542511,0.0,0.00022650392333554796
3968,matomesc,477723,0.00016501650165016502,2,0,0.0,0.0,0.00016359156768471503,0.0,0.00011325196166777398
3969,taris,681213,0.00033003300330033004,4,0,0.0,0.0,0.0002316741080753807,0.5,0.0009154273660948516
3970,miker169,934134,8.250825082508251e-05,1,0,0.0,0.0,0.00012044523031383214,0.0,0.000283129904169435
3971,pbuyle,27399,8.250825082508251e-05,1,0,0.0,0.0,0.00012044523031383214,0.0,0.000283129904169435
3972,jwchang0206,1109087,8.250825082508251e-05,1,0,0.0,0.0,0.00012044523031383214,0.0,0.000283129904169435
3973,TooTallNate,71256,0.0007425742574257426,0,9,0.0,0.19941867496842364,0.000112598494271797,0.2222222222222222,0.0
3974,MarcusPope,64664,0.00041254125412541255,5,0,0.0,0.0,0.0002757063216909376,0.4,0.0013268556011279996
3975,topfunky,26,0.00016501650165016502,2,0,0.0,0.0,0.0003280830942261164,1.0,0.000744022937510493
3976,moredip,65444,0.00016501650165016502,2,0,0.0,0.0,0.00013735692559103892,1.0,0.0005096338275049829
3977,herrfricke,1477113,0.00016501650165016502,2,0,0.0,0.0,0.00018115365557330818,0.0,0.0003428986143808744
3978,sylvinus,410452,0.00033003300330033004,3,1,0.0002052969779565842,0.15090247050970063,0.00031186274629824807,0.16666666666666666,0.000283129904169435
3979,drypot,211297,0.00041254125412541255,5,0,0.0,0.0,0.0002649785875013383,0.5,0.0006298756338140285
3980,darkyen,1041315,0.00024752475247524753,3,0,0.0,0.0,0.00021996179327054757,0.3333333333333333,0.0005541455993316868
3981,glebus,1056034,8.250825082508251e-05,1,0,0.0,0.0,0.00012044523031383214,0.0,0.000283129904169435
3982,yuest,89746,8.250825082508251e-05,1,0,0.0,0.0,0.00012044523031383214,0.0,0.000283129904169435
3983,pabloat81,1236197,8.250825082508251e-05,1,0,0.0,0.0,0.00012672261914746025,0.0,0.0005096338275049829
3984,quangv,1171187,0.00041254125412541255,3,2,0.00011501069975643681,0.19924513190800594,0.00018437556666414716,0.3,0.0004429719057878492
3985,AutomatedTester,128518,0.0007425742574257426,9,0,0.0,0.0,0.0006442118368842979,0.08333333333333333,0.0006874626663015491
3986,tstrimple,1328749,8.250825082508251e-05,1,0,0.0,0.0,0.00011730653589701808,0.0,0.00016987794250166097
3987,rix501,104792,8.250825082508251e-05,1,0,0.0,0.0,0.0001235839247306462,0.0,0.00039638186583720896
3988,Mertiean,1438705,8.250825082508251e-05,1,0,0.0,0.0,0.00012044523031383214,0.0,0.000283129904169435
3989,gigafied,849972,8.250825082508251e-05,1,0,0.0,0.0,0.00012044523031383214,0.0,0.000283129904169435
3990,devlim,276351,0.0,0,0,0.0,0.0,0.000112598494271797,0.0,0.0
3991,assertchris,200609,8.250825082508251e-05,1,0,0.0,0.0,0.00012044523031383214,0.0,0.000283129904169435
3992,mmalecki,692459,8.250825082508251e-05,1,0,0.0,0.0,0.00012829196635586728,0.0,0.00056625980833887
3993,eivindfjeldstad,1316951,0.00041254125412541255,1,4,3.4043026588278848e-06,0.0006875687568756876,0.0001298613135642743,0.2,0.0006228857891727569
3994,shimondoodkin,314464,8.250825082508251e-05,1,0,0.0,0.0,0.00012044523031383214,0.0,0.000283129904169435
3995,celer,213607,0.00016501650165016502,2,0,0.0,0.0,0.00019360314044256996,1.0,0.000797239598179677
3996,slaskis,5991,0.00041254125412541255,2,3,1.9445747182409278e-05,0.0004950495049504951,0.00018318968061837974,0.3,0.00235873938931374
3997,MattiSG,222463,8.250825082508251e-05,1,0,0.0,0.0,0.00012111434086152553,0.0,0.0004408936376639128
3998,skylamer,1284069,0.00041254125412541255,2,3,1.7582449215941015e-05,0.19924513190800594,0.0001389029641533449,0.5,0.0004878107019227349
3999,wsvekla,808231,0.00033003300330033004,4,0,0.0,0.0,0.0003539344165920416,0.16666666666666666,0.0007383756840931604
4000,etlolap,1127271,8.250825082508251e-05,0,1,0.0,0.00016501650165016502,0.000112598494271797,0.0,0.0
4001,Hello71,351006,0.00024752475247524753,1,2,0.0,0.1992281979345308,0.0001235839247306462,1.0,0.00039638186583720896
4002,panosru,400362,0.00016501650165016502,1,1,0.0,0.19921126683926996,0.00011887588310542511,0.0,0.00022650392333554796
4003,Turbo87,141300,8.250825082508251e-05,1,0,0.0,0.0,0.00012829196635586728,0.0,0.00056625980833887
4004,jhuttner,386926,8.250825082508251e-05,1,0,0.0,0.0,0.00012044523031383214,0.0,0.000283129904169435
4005,mithun-daa,852171,8.250825082508251e-05,1,0,0.0,0.0,0.00012044523031383214,0.0,0.000283129904169435
4006,dalcib,240801,0.00016501650165016502,2,0,0.0,0.0,0.000194191357051842,1.0,0.0005145697142993319
4007,kororo,689528,0.00016501650165016502,2,0,0.0,0.0,0.00015872873351071534,0.0,0.000283129904169435
4008,olliey,1317910,8.250825082508251e-05,1,0,0.0,0.0,0.00012044523031383214,0.0,0.000283129904169435
4009,alpercelik,202557,8.250825082508251e-05,1,0,0.0,0.0,0.00012829196635586728,0.0,0.00056625980833887
4010,nick,939,0.00033003300330033004,2,2,0.00020518803819645872,0.14719742398101662,0.0002304759089288088,0.5,0.0009636808082380471
4011,benbuckman,354655,0.00016501650165016502,2,0,0.0,0.0,0.00014764753673526565,1.0,0.0008600811907887197
4012,murvinlai,593935,0.0005775577557755776,5,2,0.00030975293822921,0.14719742398101662,0.00045202920128844826,0.09523809523809523,0.0007361377508405309
4013,siddhion,1265330,0.00016501650165016502,2,0,0.0,0.0,0.0002318474603901104,0.0,0.0008493897125083048
4014,lachenmayer,38614,8.250825082508251e-05,1,0,0.0,0.0,0.0001298613135642743,0.0,0.0006228857891727569
4015,RexMorgan,178752,0.0010726072607260726,1,12,5.151674599709513e-06,0.20957582309924316,0.00012627117398496956,0.14102564102564102,0.0
4016,zzen,47515,8.250825082508251e-05,1,0,0.0,0.0,0.00012672261914746025,0.0,0.0005096338275049829
4017,anthonywebb,4397,8.250825082508251e-05,1,0,0.0,0.0,0.00011887588310542511,0.0,0.00022650392333554796
4018,deyceg,876466,0.00016501650165016502,2,0,0.0,0.0,0.00021144594668081901,0.0,0.00011325196166777398
4019,badoet,527102,8.250825082508251e-05,1,0,0.0,0.0,0.00011573718868861105,0.0,0.00011325196166777398
4020,matthewleon,278859,0.00016501650165016502,2,0,0.0,0.0,0.00018495331700584515,1.0,0.001075893635843853
4021,lukeb,126996,0.00016501650165016502,2,0,0.0,0.0,0.00018223276203880982,1.0,0.0007742270986591532
4022,Raynos,479538,0.0004950495049504951,3,3,0.00010264848897829192,0.21350933390087345,0.0002608225944874208,0.6,0.0018335572684442267
4023,napa3um,665538,0.0,0,0,0.0,0.0,0.000112598494271797,0.0,0.0
4024,reaktivo,13637,8.250825082508251e-05,1,0,0.0,0.0,0.0001298613135642743,0.0,0.0006228857891727569
4025,eliaskg,128033,0.00016501650165016502,2,0,0.0,0.0,0.00012588015628503717,1.0,0.0004179077475970519
4026,ovaillancourt,219951,0.00024752475247524753,1,2,0.0,0.19924513190800594,0.00013300000798108835,1.0,0.0007361377508405309
4027,atsuya,64097,0.00016501650165016502,1,1,0.0,0.14714198587017072,0.00012044523031383214,1.0,0.000283129904169435
4028,daball,703034,8.250825082508251e-05,1,0,0.0,0.0,0.00012044523031383214,0.0,0.000283129904169435
4029,ksato9700,175834,8.250825082508251e-05,1,0,0.0,0.0,0.00012044523031383214,0.0,0.000283129904169435
4030,sssionggg,5866,8.250825082508251e-05,1,0,0.0,0.0,0.00012044523031383214,0.0,0.000283129904169435
4031,lukegalea,17691,0.00016501650165016502,2,0,0.0,0.0,0.0002161539883060401,0.0,0.000283129904169435
4032,cleishm,79651,8.250825082508251e-05,1,0,0.0,0.0,0.0001235839247306462,0.0,0.00039638186583720896
4033,ProjectMoon,183856,0.0009075907590759076,9,2,0.0011341464181527851,0.1927412413170276,0.0008335855373419746,0.10909090909090909,0.0025205096460693688
4034,akania,399222,8.250825082508251e-05,1,0,0.0,0.0,0.00012044523031383214,0.0,0.000283129904169435
4035,brighthas,790400,0.0005775577557755776,6,1,0.00020729142915931693,0.19269370956824414,0.000468037946860122,0.3333333333333333,0.002182178730262509
4036,gabipetrovay,1170398,0.00041254125412541255,5,0,0.0,0.0,0.00042809290642868334,0.2,0.0024730065236757627
4037,Nican,796294,8.250825082508251e-05,1,0,0.0,0.0,0.0001235839247306462,0.0,0.00039638186583720896
4038,tdfairbrother,622256,8.250825082508251e-05,1,0,0.0,0.0,0.0001235839247306462,0.0,0.00039638186583720896
4039,powmedia,347176,0.00024752475247524753,3,0,0.0,0.0,0.00023288832396595703,0.3333333333333333,0.0011305761022660033
4040,madhums,123815,8.250825082508251e-05,1,0,0.0,0.0,0.00011573718868861105,0.0,0.00011325196166777398
4041,lonevan,874674,8.250825082508251e-05,1,0,0.0,0.0,0.0001235839247306462,0.0,0.00039638186583720896
4042,relvinhas,110237,8.250825082508251e-05,1,0,0.0,0.0,0.00012044523031383214,0.0,0.000283129904169435
4043,admanb,140402,8.250825082508251e-05,1,0,0.0,0.0,0.0001235839247306462,0.0,0.00039638186583720896
4044,glaszig,201135,0.00016501650165016502,1,1,0.0,0.00016501650165016502,0.00013143066077268134,1.0,0.0006795117700066439
4045,masterkain,12844,0.00016501650165016502,2,0,0.0,0.0,0.00022243137713966822,0.0,0.0005096338275049829
4046,fokenrute,198467,0.00024752475247524753,3,0,0.0,0.0,0.00032480986496019636,0.3333333333333333,0.0005109327450824432
4047,mackuba,28465,8.250825082508251e-05,1,0,0.0,0.0,0.00012044523031383214,0.0,0.000283129904169435
4048,gugu,75169,8.250825082508251e-05,1,0,0.0,0.0,0.00011730653589701808,0.0,0.00016987794250166097
4049,timoxley,43438,0.00016501650165016502,2,0,0.0,0.0,0.00021772333551444713,0.0,0.00033975588500332194
4050,calavera,1050,8.250825082508251e-05,1,0,0.0,0.0,0.0001235839247306462,0.0,0.00039638186583720896
4051,hugdubois,159294,0.00024752475247524753,3,0,0.0,0.0,0.00025914990962137987,0.3333333333333333,0.00043742494134266837
4052,ry,80,0.00016501650165016502,1,1,0.0,0.00016501650165016502,0.00012044523031383214,1.0,0.000283129904169435
4053,Hilko-Lantinga,771872,8.250825082508251e-05,1,0,0.0,0.0,0.00012044523031383214,0.0,0.000283129904169435
4054,keepallsimple,327113,8.250825082508251e-05,1,0,0.0,0.0,0.00012044523031383214,0.0,0.000283129904169435
4055,hlian,63533,0.00016501650165016502,2,0,0.0,0.0,0.00012937678967548592,1.0,0.00033975588500332194
4056,sarendipitee,191920,8.250825082508251e-05,1,0,0.0,0.0,0.00012044523031383214,0.0,0.000283129904169435
4057,ladariha,611555,8.250825082508251e-05,1,0,0.0,0.0,0.00016450226228626992,0.0,1.0821209727914528e-05
4058,mwhooker,15618,0.0,0,0,0.0,0.0,0.000112598494271797,0.0,0.0
4059,manobi,82986,0.00016501650165016502,2,0,0.0,0.0,0.0002161539883060401,0.0,0.000283129904169435
4060,phuesler,16091,8.250825082508251e-05,1,0,0.0,0.0,0.0001235839247306462,0.0,0.00039638186583720896
4061,jacksctsai,985800,8.250825082508251e-05,1,0,0.0,0.0,0.00012829196635586728,0.0,0.00056625980833887
4062,thejh,499370,8.250825082508251e-05,1,0,0.0,0.0,0.00012044523031383214,0.0,0.000283129904169435
4063,mateodelnorte,554847,0.00024752475247524753,3,0,0.0,0.0,0.0003244175239655043,0.0,0.0007361377508405309
4064,zxcabs,671832,8.250825082508251e-05,1,0,0.0,0.0,0.00012111434086152553,0.0,0.0004408936376639128
4065,wilsonpage,1020551,0.00016501650165016502,2,0,0.0,0.0,0.00024429203738752066,1.0,0.0007961347485375485
4066,tshinnic,842881,8.250825082508251e-05,1,0,0.0,0.0,0.00012111434086152553,0.0,0.0004408936376639128
4067,tikonen,380448,8.250825082508251e-05,1,0,0.0,0.0,0.00012044523031383214,0.0,0.000283129904169435
4068,JimPanic,279293,0.00024752475247524753,3,0,0.0,0.0,0.0002410507287363643,0.3333333333333333,0.0005127512296908876
4069,mengxy,164264,0.00016501650165016502,2,0,0.0,0.0,0.00012699026336653762,1.0,0.000572739320902774
4070,hdf,609137,8.250825082508251e-05,1,0,0.0,0.0,0.00012672261914746025,0.0,0.0005096338275049829
4071,peakpado,876868,8.250825082508251e-05,1,0,0.0,0.0,0.00012044523031383214,0.0,0.000283129904169435
4072,dennishall,704086,8.250825082508251e-05,1,0,0.0,0.0,0.0001235839247306462,0.0,0.00039638186583720896
4073,dmuth,374060,0.00016501650165016502,1,1,9.348160640431316e-07,0.00016501650165016502,0.00012111434086152553,0.0,0.0004408936376639128
4074,andrewpmckenzie,944139,8.250825082508251e-05,1,0,0.0,0.0,0.00011730653589701808,0.0,0.00016987794250166097
4075,donpark,127594,0.00024752475247524753,2,1,0.00020513356831639587,0.19921126683926996,0.00023672132366220545,0.0,0.001077439439418051
4076,jitendrakhodani,538911,8.250825082508251e-05,1,0,0.0,0.0,0.00012111434086152553,0.0,0.0004408936376639128
4077,gertig,407625,8.250825082508251e-05,1,0,0.0,0.0,0.00012044523031383214,0.0,0.000283129904169435
4078,pikeas,686573,8.250825082508251e-05,1,0,0.0,0.0,0.00011730653589701808,0.0,0.00016987794250166097
4079,walec51,738484,8.250825082508251e-05,1,0,0.0,0.0,0.00011573718868861105,0.0,0.00011325196166777398
4080,Zearin,630124,8.250825082508251e-05,1,0,0.0,0.0,0.00011887588310542511,0.0,0.00022650392333554796
4081,tmslnz,235164,8.250825082508251e-05,1,0,0.0,0.0,0.00011730653589701808,0.0,0.00016987794250166097
4082,clintharris,336401,8.250825082508251e-05,1,0,0.0,0.0,0.0001235839247306462,0.0,0.00039638186583720896
4083,7fe,372491,8.250825082508251e-05,1,0,0.0,0.0,0.00012044523031383214,0.0,0.000283129904169435
4084,tcurdt,13697,0.00016501650165016502,2,0,0.0,0.0,0.00024126354364055252,0.0,0.0011891455975116267
4085,razorg,416632,8.250825082508251e-05,1,0,0.0,0.0,0.00011573718868861105,0.0,0.00011325196166777398
4086,lwille,175639,8.250825082508251e-05,1,0,0.0,0.0,0.00012111434086152553,0.0,0.0004408936376639128
4087,dsimmons,694034,0.00024752475247524753,3,0,0.0,0.0,0.00015338901322041476,0.3333333333333333,0.0005643162939271333
4088,skylize,844400,0.00024752475247524753,3,0,0.0,0.0,0.00022780758013406384,0.3333333333333333,0.0004026166702090182
4089,syndr0m,270447,0.00033003300330033004,4,0,0.0,0.0,0.00032781420596361606,0.0,0.000283129904169435
4090,pcibraro,722557,0.00016501650165016502,2,0,0.0,0.0,0.00022870876597329634,0.0,0.0007361377508405309
4091,mahemoff,55860,0.00024752475247524753,3,0,0.0,0.0,0.0002974290363250276,0.3333333333333333,0.0004530078466710959
4092,heroic,523335,0.00016501650165016502,2,0,0.0,0.0,0.00013372689232707229,1.0,0.0007010376517664869
4093,tianshuo,232424,0.00016501650165016502,1,1,0.0,0.00016501650165016502,0.00013456935518949537,1.0,0.0007927637316744179
4094,lifeiscontent,180963,0.00024752475247524753,3,0,0.0,0.0,0.00024236348491430933,0.0,0.0009924830681309913
4095,Swatinem,580492,0.00024752475247524753,2,1,0.0,0.19921126683926996,0.00012425303527833958,1.0,0.0005541455993316868
4096,randallb,448694,8.250825082508251e-05,1,0,0.0,0.0,0.00011887588310542511,0.0,0.00022650392333554796
4097,uipoet,738256,0.0,0,0,0.0,0.0,0.000112598494271797,0.0,0.0
4098,ctide,53454,8.250825082508251e-05,1,0,0.0,0.0,0.0001235839247306462,0.0,0.00039638186583720896
4099,purohit,336266,0.00041254125412541255,5,0,0.0,0.0,0.000463010563463952,0.3,0.0019829254109741375
4100,ligaard,77562,0.00016501650165016502,2,0,0.0,0.0,0.00026116509214995043,1.0,0.0004235489994650937
4101,stephank,89950,8.250825082508251e-05,1,0,0.0,0.0,0.0001235839247306462,0.0,0.00039638186583720896
4102,foxmadr,932139,8.250825082508251e-05,1,0,0.0,0.0,0.00012111434086152553,0.0,0.0004408936376639128
4103,edanyal,265089,0.0,0,0,0.0,0.0,0.000112598494271797,0.0,0.0
4104,JasonGiedymin,255867,0.00033003300330033004,1,3,2.8044481921293924e-06,0.15095105782070253,0.00012963018745125408,0.0,0.0008817872753278256
4105,StephanHoyer,54701,0.00016501650165016502,2,0,0.0,0.0,0.00014038734949167216,1.0,0.0002839092547159111
4106,aseemk,537838,0.00024752475247524753,2,1,0.0001026212540382607,0.19921126683926996,0.0001839930813940064,0.0,0.0008493897125083048
4107,adrienbrault,611271,0.00016501650165016502,2,0,0.0,0.0,0.00014328361516132188,0.0,0.00011729734353614742
4108,mhemesath,225765,0.0005775577557755776,1,6,0.0,0.1992959511050578,0.00015026282727356564,0.3333333333333333,0.0013590235400132878
4109,balupton,61148,0.00041254125412541255,5,0,0.0,0.0,0.00042347829443341,0.1,0.0011891455975116267
4110,gdpotter,364612,0.00024752475247524753,2,1,0.00010256678415819794,0.19921126683926996,0.00015426904562017106,0.0,0.0005136792093733564
4111,eelco,12829,0.00033003300330033004,4,0,0.0,0.0,0.0002483869846781826,0.3333333333333333,0.0009922044338804318
4112,motionworks,767594,0.0004950495049504951,6,0,0.0,0.0,0.0005226579051633384,0.13333333333333333,0.002029018936167669
4113,hi-yoongeon,564128,0.0004950495049504951,6,0,0.0,0.0,0.00057133332990821,0.13333333333333333,0.001216571495774285
4114,redsquirrel,2512,8.250825082508251e-05,1,0,0.0,0.0,0.00012044523031383214,0.0,0.000283129904169435
4115,dtan,18066,8.250825082508251e-05,1,0,0.0,0.0,0.00012672261914746025,0.0,0.0005096338275049829
4116,hileon,109745,8.250825082508251e-05,1,0,0.0,0.0,0.0001235839247306462,0.0,0.00039638186583720896
4117,sebm,188161,8.250825082508251e-05,1,0,0.0,0.0,0.00012829196635586728,0.0,0.00056625980833887
4118,eee-c,26528,8.250825082508251e-05,1,0,0.0,0.0,0.00011573718868861105,0.0,0.00011325196166777398
4119,dnf,871497,8.250825082508251e-05,1,0,0.0,0.0,0.0001235839247306462,0.0,0.00039638186583720896
4120,mhart,367936,0.00024752475247524753,2,1,2.7234940031385545e-08,0.00022002200220022002,0.00013722352571752107,0.6666666666666666,0.0006228857891727569
4121,cognominal,16176,8.250825082508251e-05,1,0,0.0,0.0,0.0001235839247306462,0.0,0.00039638186583720896
4122,masylum,28248,0.0007425742574257426,3,6,0.00010285275102852745,0.1992959511050578,0.0002948980468167669,0.21428571428571427,0.0015475159439308054
4123,dall,851288,8.250825082508251e-05,1,0,0.0,0.0,0.00012044523031383214,0.0,0.000283129904169435
4124,honza,206357,0.00024752475247524753,3,0,0.0,0.0,0.0003134320935066551,0.0,0.00033975588500332194
4125,ekryski,599019,0.00041254125412541255,3,2,0.00010266210644830778,0.1992281979345308,0.00027979815044055427,0.3333333333333333,0.0007735465770713863
4126,marccampbell,173451,8.250825082508251e-05,1,0,0.0,0.0,0.00011887588310542511,0.0,0.00022650392333554796
4127,jasonkuhrt,284476,8.250825082508251e-05,1,0,0.0,0.0,0.00019420454910896241,0.0,0.0029445510033621236
4128,joecroninallen,486323,0.00024752475247524753,3,0,0.0,0.0,0.00021248681025666565,0.3333333333333333,0.0003944383514254724
4129,codesplicer,107590,0.00016501650165016502,1,1,0.0,0.19921126683926996,0.00013927739681471646,0.0,0.0009626416741760789
4130,anttis,29652,8.250825082508251e-05,1,0,0.0,0.0,0.0001235839247306462,0.0,0.00039638186583720896
4131,AMSTKO,408968,8.250825082508251e-05,1,0,0.0,0.0,0.00012044523031383214,0.0,0.000283129904169435
4132,mdiniz,518007,0.00016501650165016502,2,0,0.0,0.0,0.0001427256763290878,1.0,0.00039638186583720896
4133,DeviaVir,777823,0.0,0,0,0.0,0.0,0.000112598494271797,0.0,0.0
4134,pyrostrex,343789,0.00024752475247524753,3,0,0.0,0.0,0.0007100999216940154,0.3333333333333333,0.005334405562931085
4135,jzacsh,156228,8.250825082508251e-05,1,0,0.0,0.0,0.00011730653589701808,0.0,0.00016987794250166097
4136,jakeg,744792,8.250825082508251e-05,1,0,0.0,0.0,0.00012829196635586728,0.0,0.00056625980833887
4137,natedsaint,690210,0.00016501650165016502,2,0,0.0,0.0,0.00017396873605084678,0.0,0.00023459468707229483
4138,gsmcwhirter,10193,0.00024752475247524753,3,0,0.0,0.0,0.00031500144071506213,0.0,0.00039638186583720896
4139,brikis98,711908,0.00016501650165016502,2,0,0.0,0.0,0.00017752472041358873,1.0,0.0006043491561574922
4140,thedufer,21338,8.250825082508251e-05,1,0,0.0,0.0,0.00011730653589701808,0.0,0.00016987794250166097
4141,bramstein,114871,0.00033003300330033004,4,0,0.0,0.0,0.00024017797431318596,0.5,0.0006484612788641281
4142,alexgorbatchev,65633,0.0006600660066006601,7,1,0.0005221549925566043,0.19921126683926996,0.0006624792570643056,0.42857142857142855,0.0010548295984397554
4143,stereosteve,97163,0.00024752475247524753,2,1,2.7234940031385545e-08,0.00016501650165016502,0.00022557007155648228,0.3333333333333333,0.0006228857891727569
4144,yangjiandong,276788,8.250825082508251e-05,1,0,0.0,0.0,0.0001235839247306462,0.0,0.00039638186583720896
4145,aviflax,141844,0.00024752475247524753,2,1,0.0001026484889782921,0.19921126683926996,0.00023655550201533143,0.0,0.0010192676550099659
4146,weekendlogic,632241,0.00041254125412541255,5,0,0.0,0.0,0.0004985722206574429,0.0,0.00011325196166777398
4147,falconair,365542,8.250825082508251e-05,1,0,0.0,0.0,0.00012044523031383214,0.0,0.000283129904169435
4148,alduro,183364,8.250825082508251e-05,1,0,0.0,0.0,0.00012201457752223917,0.0,0.00033975588500332194
4149,codders,17782,8.250825082508251e-05,1,0,0.0,0.0,0.00011887588310542511,0.0,0.00022650392333554796
4150,cjoudrey,385270,0.00024752475247524753,1,2,0.0,0.1992281979345308,0.00013143066077268134,1.0,0.0006795117700066439
4151,anatoliychakkaev,34927,8.250825082508251e-05,1,0,0.0,0.0,0.00011887588310542511,0.0,0.00022650392333554796
4152,jhurliman,195374,0.00016501650165016502,1,1,0.0,0.19921126683926996,0.00013456935518949537,0.0,0.0007927637316744179
4153,geoffreak,338037,0.00016501650165016502,2,0,0.0,0.0,0.00021458464109763307,0.0,0.00022650392333554796
4154,JonathasJivago,759147,0.00033003300330033004,4,0,0.0,0.0,0.0003001703685300139,0.5,0.0010007310219947011
4155,kkaefer,52399,0.00024752475247524753,3,0,0.0,0.0,0.000309872662688103,0.3333333333333333,0.0013701162372998046
4156,jpalardy,18142,8.250825082508251e-05,1,0,0.0,0.0,0.00011730653589701808,0.0,0.00016987794250166097
4157,indexzero,4624,8.250825082508251e-05,1,0,0.0,0.0,0.0001298613135642743,0.0,0.0006228857891727569
4158,ashokgelal,401055,8.250825082508251e-05,1,0,0.0,0.0,0.00012044523031383214,0.0,0.000283129904169435
4159,sh1mmer,37673,8.250825082508251e-05,1,0,0.0,0.0,0.00011887588310542511,0.0,0.00022650392333554796
4160,shackpank,655660,0.00016501650165016502,2,0,0.0,0.0,0.000307471834676444,1.0,0.00011610958033818655
4161,mnek84,482779,0.00016501650165016502,2,0,0.0,0.0,0.00013639668997920013,1.0,0.000283129904169435
4162,chendrix,474000,0.00033003300330033004,4,0,0.0,0.0,0.0003215464737677676,0.16666666666666666,0.0006859912825705481
4163,basdirks,578048,0.00016501650165016502,1,1,0.0,0.00016501650165016502,0.00012044523031383214,1.0,0.000283129904169435
4164,dese,731432,8.250825082508251e-05,1,0,0.0,0.0,0.00012044523031383214,0.0,0.000283129904169435
4165,jameswberry,303206,0.00016501650165016502,2,0,0.0,0.0,0.00016829960930993612,0.0,0.000283129904169435
4166,yvsong,753149,0.00016501650165016502,2,0,0.0,0.0,0.00015234814964456813,0.0,0.000283129904169435
4167,shaunlee,655635,0.00024752475247524753,3,0,0.0,0.0,0.00024403864136586027,0.3333333333333333,0.0008564892651935519
4168,darrentorpey,50610,8.250825082508251e-05,1,0,0.0,0.0,0.00011730653589701808,0.0,0.00016987794250166097
4169,petrjanda,419414,8.250825082508251e-05,1,0,0.0,0.0,0.00012044523031383214,0.0,0.000283129904169435
4170,ybogdanov,292569,0.0,0,0,0.0,0.0,0.000112598494271797,0.0,0.0
4171,8bitDesigner,139790,8.250825082508251e-05,1,0,0.0,0.0,0.00011730653589701808,0.0,0.00016987794250166097
4172,publickeating,108359,8.250825082508251e-05,1,0,0.0,0.0,0.00013927739681471646,0.0,0.0009626416741760789
4173,gzmask,132936,0.0,0,0,0.0,0.0,0.000112598494271797,0.0,0.0
4174,s3u,431656,8.250825082508251e-05,1,0,0.0,0.0,0.0001235839247306462,0.0,0.00039638186583720896
4175,dshaw,4322,0.00033003300330033004,3,1,4.5338629541166e-06,0.19054779522823034,0.00016673991873930873,0.5,0.0008558692250722091
4176,ozalexo,661889,8.250825082508251e-05,1,0,0.0,0.0,0.00012044523031383214,0.0,0.000283129904169435
4177,aheckmann,166834,0.0019801980198019802,7,17,0.00020647783956477832,0.19951646752044339,0.0006027431748396649,0.09881422924901186,0.008081196077458462
4178,arden,11365,0.00016501650165016502,2,0,0.0,0.0,0.00022823796348781037,1.0,0.000623405356203741
4179,pofallon,505519,0.00041254125412541255,5,0,0.0,0.0,0.0004912091735978241,0.1,0.0006244444902657091
4180,stigi,13815,8.250825082508251e-05,1,0,0.0,0.0,0.00011573718868861105,0.0,0.00011325196166777398
4181,eblanchette,704551,0.00024752475247524753,3,0,0.0,0.0,0.000307154704673027,0.0,0.00011325196166777398
4182,williscool,394931,8.250825082508251e-05,1,0,0.0,0.0,0.00012201457752223917,0.0,0.00033975588500332194
4183,azproduction,483865,0.00016501650165016502,2,0,0.0,0.0,0.00013644727531701077,0.0,0.0004408936376639128
4184,sbussard,345018,0.00016501650165016502,2,0,0.0,0.0,0.0001580555517216517,1.0,0.00051673338019023
4185,benmonty,103596,8.250825082508251e-05,1,0,0.0,0.0,0.0001235839247306462,0.0,0.00039638186583720896
4186,minibikini,439309,8.250825082508251e-05,1,0,0.0,0.0,0.00012044523031383214,0.0,0.000283129904169435
4187,clintandrewhall,297604,0.00016501650165016502,2,0,0.0,0.0,0.00021144594668081901,0.0,0.00011325196166777398
4188,dominicbarnes,160197,0.00041254125412541255,5,0,0.0,0.0,0.0002753255845060439,0.3,0.0014983886069424666
4189,frolic,508855,0.00024752475247524753,1,2,4.827944881815272e-06,0.17830067520329274,0.00012044523031383214,0.0,0.000283129904169435
4190,dvv,211335,0.00024752475247524753,2,1,0.0,0.19921126683926996,0.0001533426456269128,1.0,0.0010934160052587121
4191,paulwalker,73511,0.00016501650165016502,2,0,0.0,0.0,0.0002318474603901104,0.0,0.0008493897125083048
4192,averyaube,148485,8.250825082508251e-05,1,0,0.0,0.0,0.0001235839247306462,0.0,0.00039638186583720896
4193,codejoust,123693,0.00016501650165016502,1,1,0.0,0.19054779522823034,0.00011573718868861105,1.0,0.00011325196166777398
4194,davglass,32551,0.00024752475247524753,2,1,1.4178380090148717e-06,0.00016501650165016502,0.0001831013665231794,0.3333333333333333,0.0017904501446802154
4195,biozshock,169384,8.250825082508251e-05,1,0,0.0,0.0,0.00012672261914746025,0.0,0.0005096338275049829
4196,rakeshpai,86208,8.250825082508251e-05,1,0,0.0,0.0,0.00011887588310542511,0.0,0.00022650392333554796
4197,tyrda01,408927,8.250825082508251e-05,1,0,0.0,0.0,0.0001235839247306462,0.0,0.00039638186583720896
4198,turon,77641,0.00016501650165016502,2,0,0.0,0.0,0.0002336489449715101,0.0,0.00022947712471309997
4199,weaver,67218,8.250825082508251e-05,1,0,0.0,0.0,0.00012672261914746025,0.0,0.0005096338275049829
4200,eirikurn,115094,8.250825082508251e-05,1,0,0.0,0.0,0.00011573718868861105,0.0,0.00011325196166777398
4201,shamod,232718,0.00024752475247524753,3,0,0.0,0.0,0.00034129839896440245,0.3333333333333333,0.0013219502739827583
4202,vsviridov,221684,8.250825082508251e-05,1,0,0.0,0.0,0.00012515327193905322,0.0,0.0004530078466710959
4203,vvilhonen,88401,0.00016501650165016502,2,0,0.0,0.0,0.00021772333551444713,0.0,0.00033975588500332194
4204,mhayashi,349074,0.0004950495049504951,6,0,0.0,0.0,0.0006533254074520254,0.13333333333333333,0.0008318922135550082
4205,fabrizim,79165,8.250825082508251e-05,1,0,0.0,0.0,0.00011573718868861105,0.0,0.00011325196166777398
4206,tfe,21501,8.250825082508251e-05,1,0,0.0,0.0,0.00011573718868861105,0.0,0.00011325196166777398
4207,redmoon7777,653073,0.00016501650165016502,2,0,0.0,0.0,0.00021144594668081901,0.0,0.00011325196166777398
4208,rohit-saharan,543512,0.00024752475247524753,3,0,0.0,0.0,0.0002732334784057967,0.3333333333333333,0.0006043491561574922
4209,visnup,10444,0.00024752475247524753,3,0,0.0,0.0,0.00033977629895677396,0.3333333333333333,0.0004601054598233986
4210,afoong,593322,8.250825082508251e-05,1,0,0.0,0.0,0.00017438602599677467,0.0,0.0004910971944897182
4211,amasad,587518,8.250825082508251e-05,1,0,0.0,0.0,0.00011887588310542511,0.0,0.00022650392333554796
4212,tdeebswihart,409226,0.00024752475247524753,3,0,0.0,0.0,0.000307154704673027,0.0,0.00011325196166777398
4213,santiago,33531,8.250825082508251e-05,1,0,0.0,0.0,0.00011573718868861105,0.0,0.00011325196166777398
4214,masonhugus,645162,8.250825082508251e-05,1,0,0.0,0.0,0.00011887588310542511,0.0,0.00022650392333554796
4215,gbelote,47156,8.250825082508251e-05,1,0,0.0,0.0,0.00011887588310542511,0.0,0.00022650392333554796
4216,kratkar,356932,8.250825082508251e-05,1,0,0.0,0.0,0.00012829196635586728,0.0,0.00056625980833887
4217,SiegfriedEhret,537567,8.250825082508251e-05,1,0,0.0,0.0,0.00011573718868861105,0.0,0.00011325196166777398
4218,dizlexik,300104,0.00016501650165016502,1,1,0.0,0.00016501650165016502,0.00011573718868861105,1.0,0.00011325196166777398
4219,alfredwesterveld,7066,0.00024752475247524753,2,1,2.7234940031385545e-08,0.00016501650165016502,0.00021458464109763307,0.3333333333333333,0.00022650392333554796
4220,laurie71,311960,8.250825082508251e-05,1,0,0.0,0.0,0.00012515327193905322,0.0,0.0004530078466710959
4221,jkebinger,12771,0.00016501650165016502,2,0,0.0,0.0,0.00023059199268560151,1.0,0.0002296213255214526
4222,bgreenlee,2901,0.00024752475247524753,3,0,0.0,0.0,0.00031657078792346916,0.0,0.0004530078466710959
4223,BTyl3r,592936,8.250825082508251e-05,1,0,0.0,0.0,0.00011573718868861105,0.0,0.00011325196166777398
4224,dbrain,237995,8.250825082508251e-05,1,0,0.0,0.0,0.00011887588310542511,0.0,0.00022650392333554796
4225,kuddl,127226,0.00016501650165016502,2,0,0.0,0.0,0.00015391749685297515,0.0,0.00033975588500332194
4226,ekosz,212829,8.250825082508251e-05,1,0,0.0,0.0,0.00011573718868861105,0.0,0.00011325196166777398
4227,lelandtseng,303840,0.00024752475247524753,2,1,2.7234940031385545e-08,0.00016501650165016502,0.00027735852943391415,0.3333333333333333,0.0024915431566910275
4228,kof,52824,0.00016501650165016502,1,1,0.0,0.19054779522823034,0.00012515327193905322,1.0,0.0004530078466710959
4229,feelepxyz,20165,8.250825082508251e-05,1,0,0.0,0.0,0.00011573718868861105,0.0,0.00011325196166777398
4230,donaldinos,376663,8.250825082508251e-05,1,0,0.0,0.0,0.00012016327389053981,0.0,9.35220655771387e-06
4231,andrewschaaf,41079,0.0,0,0,0.0,0.0,0.000112598494271797,0.0,0.0
4232,imysak,568861,8.250825082508251e-05,1,0,0.0,0.0,0.00011573718868861105,0.0,0.00011325196166777398
4233,danieldkim,206839,8.250825082508251e-05,1,0,0.0,0.0,0.00012515327193905322,0.0,0.0004530078466710959
4234,utsengar,137799,8.250825082508251e-05,1,0,0.0,0.0,0.00011573718868861105,0.0,0.00011325196166777398
4235,drench,46662,8.250825082508251e-05,1,0,0.0,0.0,0.00011573718868861105,0.0,0.00011325196166777398
4236,mgutz,32134,0.00016501650165016502,1,1,0.0,0.00016501650165016502,0.00011573718868861105,1.0,0.00011325196166777398
4237,ohaibbq,437360,8.250825082508251e-05,0,1,0.0,0.00016501650165016502,0.000112598494271797,0.0,0.0
4238,Baggz,95191,8.250825082508251e-05,0,1,0.0,0.00016501650165016502,0.000112598494271797,0.0,0.0
4239,craftgear,74779,8.250825082508251e-05,1,0,0.0,0.0,0.00011573718868861105,0.0,0.00011325196166777398
4240,sebs,55102,0.00024752475247524753,2,1,2.7234940031385545e-08,0.00016501650165016502,0.00016647227452023136,0.3333333333333333,0.0007927637316744179
4241,richet,397207,8.250825082508251e-05,1,0,0.0,0.0,0.00011573718868861105,0.0,0.00011325196166777398
4242,BonsaiDen,124674,0.00041254125412541255,5,0,0.0,0.0,0.00040527336701526534,0.1,0.000680031337037628
4243,proppy,5268,0.00016501650165016502,2,0,0.0,0.0,0.00021772333551444713,0.0,0.00033975588500332194
4244,jbueza,25766,0.00016501650165016502,2,0,0.0,0.0,0.00021458464109763307,0.0,0.00022650392333554796
4245,bentomas,49276,8.250825082508251e-05,1,0,0.0,0.0,0.00011573718868861105,0.0,0.00011325196166777398
4246,dandean,18332,0.00024752475247524753,2,1,0.0,0.19921126683926996,0.00012811169754157475,1.0,0.000283129904169435
4247,rusttick,460036,8.250825082508251e-05,1,0,0.0,0.0,0.00011573718868861105,0.0,0.00011325196166777398
4248,deltasquare4,205111,8.250825082508251e-05,1,0,0.0,0.0,0.00011573718868861105,0.0,0.00011325196166777398
4249,weekface,9758,8.250825082508251e-05,1,0,0.0,0.0,0.00012201457752223917,0.0,0.00033975588500332194
4250,arthurzenika,445200,0.00016501650165016502,2,0,0.0,0.0,0.00021458464109763307,0.0,0.00022650392333554796
4251,arlolra,123708,0.00016501650165016502,1,1,0.0,0.19921126683926996,0.00011573718868861105,0.0,0.00011325196166777398
4252,shripadk,189344,0.00024752475247524753,1,2,0.0,0.1992281979345308,0.00013770804960630943,1.0,0.0009060156933421919
4253,seflless,1845,0.00024752475247524753,3,0,0.0,0.0,0.00018665740583362456,0.3333333333333333,0.00011740849791564682
4254,kouphax,310542,8.250825082508251e-05,1,0,0.0,0.0,0.00012829196635586728,0.0,0.00056625980833887
4255,philippbosch,57509,0.0,0,0,0.0,0.0,0.000112598494271797,0.0,0.0
4256,maritz,159633,0.0005775577557755776,1,6,1.9336807422283736e-05,0.2093711126203724,0.00016909499377444994,0.3333333333333333,0.0020385353100199318
4257,mape,25655,8.250825082508251e-05,1,0,0.0,0.0,0.00012515327193905322,0.0,0.0004530078466710959
4258,coopernurse,244690,8.250825082508251e-05,1,0,0.0,0.0,0.00012201457752223917,0.0,0.00033975588500332194
4259,diogobaeder,207168,8.250825082508251e-05,1,0,0.0,0.0,0.00011573718868861105,0.0,0.00011325196166777398
4260,frank06,66403,0.00041254125412541255,1,4,0.0,0.20931502606462093,0.00012201457752223917,0.6666666666666666,0.00033975588500332194
4261,dennisreimann,886,0.00016501650165016502,2,0,0.0,0.0,0.00021772333551444713,0.0,0.00033975588500332194
4262,jamesarosen,2406,8.250825082508251e-05,1,0,0.0,0.0,0.00011887588310542511,0.0,0.00022650392333554796
4263,drewlesueur,115536,0.00024752475247524753,3,0,0.0,0.0,0.00021680592010925922,0.3333333333333333,0.0002296213255214526
4264,codehero,194165,8.250825082508251e-05,1,0,0.0,0.0,0.00012829196635586728,0.0,0.00056625980833887
4265,TrevorBurnham,224895,8.250825082508251e-05,1,0,0.0,0.0,0.00011573718868861105,0.0,0.00011325196166777398
4266,hackervera,143954,8.250825082508251e-05,1,0,0.0,0.0,0.00011887588310542511,0.0,0.00022650392333554796
4267,aaronwhite,294426,8.250825082508251e-05,1,0,0.0,0.0,0.00012515327193905322,0.0,0.0004530078466710959
4268,jneen,225017,8.250825082508251e-05,1,0,0.0,0.0,0.00011887588310542511,0.0,0.00022650392333554796
4269,danielzzz,351916,0.00016501650165016502,2,0,0.0,0.0,0.00031679325594761434,1.0,0.0021528033534757986
4270,ngw,17661,8.250825082508251e-05,1,0,0.0,0.0,0.00012515327193905322,0.0,0.0004530078466710959
4271,kolanos,17498,8.250825082508251e-05,1,0,0.0,0.0,0.00012201457752223917,0.0,0.00033975588500332194
4272,dylang,51505,8.250825082508251e-05,1,0,0.0,0.0,0.00012515327193905322,0.0,0.0004530078466710959
4273,ashleydev,61197,8.250825082508251e-05,1,0,0.0,0.0,0.00011887588310542511,0.0,0.00022650392333554796
4274,freshtonic,2769,8.250825082508251e-05,1,0,0.0,0.0,0.00011573718868861105,0.0,0.00011325196166777398
4275,Akkuma,342889,0.00016501650165016502,1,1,0.0,0.00016501650165016502,0.00011887588310542511,1.0,0.00022650392333554796
4276,shockie,342973,8.250825082508251e-05,1,0,0.0,0.0,0.00012201457752223917,0.0,0.00033975588500332194
4277,na,1600,0.00016501650165016502,2,0,0.0,0.0,0.00021772333551444713,0.0,0.00033975588500332194
4278,kulesa,9461,0.00016501650165016502,2,0,0.0,0.0,0.0003546307459601713,1.0,0.00024936487269884854
4279,astro,12923,0.00016501650165016502,2,0,0.0,0.0,0.00015014507514663186,1.0,0.0006013045471685884
4280,rmontgomery429,272434,0.00033003300330033004,2,2,0.00012195806146054447,0.11908148218936701,0.00021458464109763307,0.16666666666666666,0.00022650392333554796
4281,manveru,3507,8.250825082508251e-05,1,0,0.0,0.0,0.00011887588310542511,0.0,0.00022650392333554796
4282,joewalnes,48950,8.250825082508251e-05,1,0,0.0,0.0,0.00020379700638588935,0.0,1.039134061968208e-06
4283,dominiek,18560,0.00016501650165016502,1,1,0.0,0.00016501650165016502,0.00011573718868861105,1.0,0.00011325196166777398
4284,bdotdub,5719,0.00024752475247524753,3,0,0.0,0.0,0.00022036178941404176,0.6666666666666666,0.00015084570382313122
4285,sechrist,195188,0.0,0,0,0.0,0.0,0.000112598494271797,0.0,0.0
4286,cj,1819,0.00024752475247524753,2,1,0.0,0.00016501650165016502,0.0001313717847092144,1.0,0.0003006522735842942
4287,NV,55838,0.00041254125412541255,5,0,0.0,0.0,0.00039538707992864647,0.4,0.00015620214947294973
4288,Tug,230230,8.250825082508251e-05,1,0,0.0,0.0,0.00011573718868861105,0.0,0.00011325196166777398
4289,emilioastarita,281727,8.250825082508251e-05,1,0,0.0,0.0,0.00011573718868861105,0.0,0.00011325196166777398
4290,ciaranj,55368,0.0007425742574257426,1,8,0.00010267572391832347,0.19940172048151936,0.00020830725226400498,0.25,0.0
4291,beatlevic,90617,0.00024752475247524753,3,0,0.0,0.0,0.00032452153938139,0.6666666666666666,0.0009437641832048893
4292,Locke23rus,25555,0.0,0,0,0.0,0.0,0.000112598494271797,0.0,0.0
4293,projexsys,172469,0.0,0,0,0.0,0.0,0.000112598494271797,0.0,0.0
4294,vlapan,236734,0.00024752475247524753,2,1,0.0,0.19921126683926996,0.00013140122274094788,1.0,0.000490082021795469
4295,jpoz,12866,0.00016501650165016502,2,0,0.0,0.0,0.00012512383390731976,1.0,0.0002635780984599211
4296,polotek,107142,0.00016501650165016502,1,1,0.0,0.00016501650165016502,0.00011573718868861105,1.0,0.00011325196166777398
4297,atmos,38,0.00033003300330033004,2,2,4.5391566718975907e-08,0.00033003300330033004,0.00015535785541667167,0.5,0.0006795117700066439
4298,bentruyman,85315,8.250825082508251e-05,1,0,0.0,0.0,0.00011887588310542511,0.0,0.00022650392333554796
4299,ddollar,3308,0.00024752475247524753,3,0,0.0,0.0,0.00022083259189952773,0.3333333333333333,0.0002635780984599211
4300,kieran,3444,0.00033003300330033004,3,1,0.0,0.19921126683926996,0.00016046802560431,1.0,0.0006064513856491476
4301,Farof,143281,8.250825082508251e-05,1,0,0.0,0.0,0.00012515327193905322,0.0,0.0004530078466710959
4302,matschaffer,690,0.00016501650165016502,2,0,0.0,0.0,0.00016477393866711382,1.0,0.0010192676550099659
4303,newobj,205457,8.250825082508251e-05,1,0,0.0,0.0,0.00012829196635586728,0.0,0.00056625980833887
4304,rjrodger,138608,0.00033003300330033004,4,0,0.0,0.0,0.00013747405245486064,0.8333333333333334,0.00027293030501763496
4305,florentsolt,200632,0.00016501650165016502,2,0,0.0,0.0,0.00015953172036534057,1.0,0.0007516306839607356
4306,keturn,83819,0.00024752475247524753,2,1,0.0,0.19921126683926996,0.00014386768631300374,1.0,0.0003748006238330405
4307,electronicwhisper,177466,0.00016501650165016502,1,1,0.0,0.00016501650165016502,0.00011573718868861105,1.0,0.00011325196166777398
4308,timothyjoh,1566,0.00024752475247524753,3,0,0.0,0.0,0.0002489490664114097,0.6666666666666666,0.000680031337037628
4309,taf2,1568,8.250825082508251e-05,1,0,0.0,0.0,0.00011573718868861105,0.0,0.00011325196166777398
4310,sixtus,91857,8.250825082508251e-05,1,0,0.0,0.0,0.00011573718868861105,0.0,0.00011325196166777398
4311,Marak,70011,0.00016501650165016502,0,2,0.0,0.1993000540706688,0.000112598494271797,1.0,0.0
4312,shad,3585,8.250825082508251e-05,0,1,0.0,0.1992831197471009,0.000112598494271797,0.0,0.0
4313,Oshuma,2441,8.250825082508251e-05,0,1,0.0,0.00016501650165016502,0.000112598494271797,0.0,0.0
4314,tritonrc,23594,8.250825082508251e-05,0,1,0.0,0.15107238947676394,0.000112598494271797,0.0,0.0
4315,gerad,27563,8.250825082508251e-05,0,1,0.0,0.00016501650165016502,0.000112598494271797,0.0,0.0
4316,zbanks,113075,8.250825082508251e-05,0,1,0.0,0.1992831197471009,0.000112598494271797,0.0,0.0
4317,xdamman,74358,8.250825082508251e-05,0,1,0.0,0.15097283786956103,0.000112598494271797,0.0,0.0
4318,zdennis,967,8.250825082508251e-05,0,1,0.0,0.09999416057572502,0.000112598494271797,0.0,0.0
4319,muellerkyle,212325,8.250825082508251e-05,0,1,0.0,0.00016501650165016502,0.000112598494271797,0.0,0.0
4320,dkasper,139474,8.250825082508251e-05,0,1,0.0,0.15112848999958955,0.000112598494271797,0.0,0.0
4321,leepa,9469,8.250825082508251e-05,0,1,0.0,0.00022002200220022002,0.000112598494271797,0.0,0.0
4322,carter-thaxton,303253,8.250825082508251e-05,0,1,0.0,0.1992831197471009,0.000112598494271797,0.0,0.0
4323,Delapouite,39315,0.00024752475247524753,0,3,0.0,0.19066442047830506,0.000112598494271797,0.0,0.0
4324,cefn,159819,8.250825082508251e-05,0,1,0.0,0.00016501650165016502,0.000112598494271797,0.0,0.0
4325,jwcooper,311256,0.00024752475247524753,0,3,0.0,0.0005280528052805281,0.000112598494271797,0.0,0.0
4326,drudge,72890,8.250825082508251e-05,0,1,0.0,0.15100199821681887,0.000112598494271797,0.0,0.0
4327,peterkinnaird,265081,8.250825082508251e-05,0,1,0.0,0.00016501650165016502,0.000112598494271797,0.0,0.0
4328,fgnass,89450,8.250825082508251e-05,0,1,0.0,0.15112848999958955,0.000112598494271797,0.0,0.0
4329,dz0ny,239513,8.250825082508251e-05,0,1,0.0,0.00016501650165016502,0.000112598494271797,0.0,0.0
4330,subhaze,141903,0.00016501650165016502,0,2,0.0,0.19278012792237634,0.000112598494271797,1.0,0.0
4331,jamescarr,45389,8.250825082508251e-05,0,1,0.0,0.00016501650165016502,0.000112598494271797,0.0,0.0
4332,ncb000gt,62615,8.250825082508251e-05,0,1,0.0,0.00016501650165016502,0.000112598494271797,0.0,0.0
4333,asyncanup,77941,8.250825082508251e-05,0,1,0.0,0.00016501650165016502,0.000112598494271797,0.0,0.0
4334,jmwhittaker,254288,8.250825082508251e-05,0,1,0.0,0.00016501650165016502,0.000112598494271797,0.0,0.0
4335,jbsmith,519550,8.250825082508251e-05,0,1,0.0,0.1992831197471009,0.000112598494271797,0.0,0.0
4336,airy,32067,8.250825082508251e-05,0,1,0.0,0.00016501650165016502,0.000112598494271797,0.0,0.0
4337,emerleite,67905,8.250825082508251e-05,0,1,0.0,0.00022002200220022002,0.000112598494271797,0.0,0.0
4338,Fabryz,17748,0.00016501650165016502,0,2,0.0,0.00033003300330033004,0.000112598494271797,0.0,0.0
4339,jslatts,490903,8.250825082508251e-05,0,1,0.0,0.00016501650165016502,0.000112598494271797,0.0,0.0
4340,jsteenkamp,343072,8.250825082508251e-05,0,1,0.0,0.00016501650165016502,0.000112598494271797,0.0,0.0
4341,shettysoft,648733,8.250825082508251e-05,0,1,0.0,0.00016501650165016502,0.000112598494271797,0.0,0.0
4342,pirxpilot,3240,8.250825082508251e-05,0,1,0.0,0.00016501650165016502,0.000112598494271797,0.0,0.0
4343,tglines,538549,8.250825082508251e-05,0,1,0.0,0.00016501650165016502,0.000112598494271797,0.0,0.0
4344,mattmcmanus,9383,8.250825082508251e-05,0,1,0.0,0.14721083582121708,0.000112598494271797,0.0,0.0
4345,j-5-s,666455,0.00016501650165016502,0,2,0.0,0.14723856088289475,0.000112598494271797,0.0,0.0
4346,indutny,238531,8.250825082508251e-05,0,1,0.0,0.1992831197471009,0.000112598494271797,0.0,0.0
4347,Calamari,149719,8.250825082508251e-05,0,1,0.0,0.14721083582121708,0.000112598494271797,0.0,0.0
4348,esamattis,225712,8.250825082508251e-05,0,1,0.0,0.1992831197471009,0.000112598494271797,0.0,0.0
4349,btipling,249641,8.250825082508251e-05,0,1,0.0,0.14721083582121708,0.000112598494271797,0.0,0.0
4350,albertosantini,328179,8.250825082508251e-05,0,1,0.0,0.00016501650165016502,0.000112598494271797,0.0,0.0
4351,jscheel,211478,8.250825082508251e-05,0,1,0.0,0.1992831197471009,0.000112598494271797,0.0,0.0
4352,borisnadion,35374,8.250825082508251e-05,0,1,0.0,0.00016501650165016502,0.000112598494271797,0.0,0.0
4353,techwraith,136558,8.250825082508251e-05,0,1,0.0,0.00016501650165016502,0.000112598494271797,0.0,0.0
4354,jacobheun,639834,8.250825082508251e-05,0,1,0.0,0.00016501650165016502,0.000112598494271797,0.0,0.0
4355,kryali,174889,8.250825082508251e-05,0,1,0.0,0.00016501650165016502,0.000112598494271797,0.0,0.0
4356,fudder,302513,8.250825082508251e-05,0,1,0.0,0.00016501650165016502,0.000112598494271797,0.0,0.0
4357,freewil,716621,0.00016501650165016502,0,2,0.0,0.19279597503523474,0.000112598494271797,0.0,0.0
4358,bergmark,100681,8.250825082508251e-05,0,1,0.0,0.00016501650165016502,0.000112598494271797,0.0,0.0
4359,pvande,2350,8.250825082508251e-05,0,1,0.0,0.1992831197471009,0.000112598494271797,0.0,0.0
4360,rduenasf,179976,0.00016501650165016502,0,2,0.0,0.00033003300330033004,0.000112598494271797,0.0,0.0
4361,malkomalko,763,8.250825082508251e-05,0,1,0.0,0.00016501650165016502,0.000112598494271797,0.0,0.0
4362,gasi,49583,0.00016501650165016502,0,2,0.0,0.15097283786956103,0.000112598494271797,0.0,0.0
4363,olivierphi,722388,0.00033003300330033004,0,4,0.0,0.2093887185343836,0.000112598494271797,0.5,0.0
4364,arpunk,11342,0.00016501650165016502,0,2,0.0,0.1993000540706688,0.000112598494271797,1.0,0.0
4365,5at,381790,8.250825082508251e-05,0,1,0.0,0.00016501650165016502,0.000112598494271797,0.0,0.0
4366,manlycode,11988,8.250825082508251e-05,0,1,0.0,0.00022002200220022002,0.000112598494271797,0.0,0.0
4367,kainosnoema,145951,8.250825082508251e-05,0,1,0.0,0.1992831197471009,0.000112598494271797,0.0,0.0
4368,bradwright,1516,8.250825082508251e-05,0,1,0.0,0.19276428341445143,0.000112598494271797,0.0,0.0
4369,chjj,470564,0.00033003300330033004,0,4,0.0,0.19933393135335975,0.000112598494271797,0.5,0.0
4370,ish1301,120891,8.250825082508251e-05,0,1,0.0,0.19276428341445143,0.000112598494271797,0.0,0.0
4371,italomaia,14670,8.250825082508251e-05,0,1,0.0,0.1992831197471009,0.000112598494271797,0.0,0.0
4372,cleercode,345452,0.00016501650165016502,0,2,0.0,0.1993000540706688,0.000112598494271797,1.0,0.0
4373,akshaykarthik,456384,8.250825082508251e-05,0,1,0.0,0.1992831197471009,0.000112598494271797,0.0,0.0
4374,c4milo,41681,0.00033003300330033004,0,4,0.0,0.19933393135335975,0.000112598494271797,0.5,0.0
4375,geddski,515722,8.250825082508251e-05,0,1,0.0,0.00016501650165016502,0.000112598494271797,0.0,0.0
4376,lingzuer,333734,8.250825082508251e-05,0,1,0.0,0.00016501650165016502,0.000112598494271797,0.0,0.0
4377,shi-yan,326807,8.250825082508251e-05,0,1,0.0,0.19276428341445143,0.000112598494271797,0.0,0.0
4378,omni5cience,207176,8.250825082508251e-05,0,1,0.0,0.1992831197471009,0.000112598494271797,0.0,0.0
4379,sleeptillseven,45732,8.250825082508251e-05,0,1,0.0,0.00016501650165016502,0.000112598494271797,0.0,0.0
4380,coverslide,416432,0.00016501650165016502,0,2,0.0,0.00033003300330033004,0.000112598494271797,0.0,0.0
4381,andrewluetgers,232036,8.250825082508251e-05,0,1,0.0,0.00016501650165016502,0.000112598494271797,0.0,0.0
4382,changchang,883248,8.250825082508251e-05,0,1,0.0,0.00016501650165016502,0.000112598494271797,0.0,0.0
4383,davidbanham,631832,8.250825082508251e-05,0,1,0.0,0.15095340389416428,0.000112598494271797,0.0,0.0
4384,foxbunny,65413,8.250825082508251e-05,0,1,0.0,0.00016501650165016502,0.000112598494271797,0.0,0.0
4385,phillro,431459,8.250825082508251e-05,0,1,0.0,0.00016501650165016502,0.000112598494271797,0.0,0.0
4386,mypark,470164,8.250825082508251e-05,0,1,0.0,0.00016501650165016502,0.000112598494271797,0.0,0.0
4387,FrancisTurner,991242,8.250825082508251e-05,0,1,0.0,0.19276428341445143,0.000112598494271797,0.0,0.0
4388,ryanrolds,343979,0.00041254125412541255,0,5,0.0,0.19605709965265056,0.000112598494271797,0.1,0.0
4389,nathansearles,70886,8.250825082508251e-05,0,1,0.0,0.00016501650165016502,0.000112598494271797,0.0,0.0
4390,jedahan,32407,8.250825082508251e-05,0,1,0.0,0.00016501650165016502,0.000112598494271797,0.0,0.0
4391,Bishop,48872,8.250825082508251e-05,0,1,0.0,0.00016501650165016502,0.000112598494271797,0.0,0.0
4392,stevebrownlee,218592,8.250825082508251e-05,0,1,0.0,0.00016501650165016502,0.000112598494271797,0.0,0.0
4393,kaven276,1001080,0.00016501650165016502,0,2,0.0,0.1993000540706688,0.000112598494271797,1.0,0.0
4394,yuchi,646609,8.250825082508251e-05,0,1,0.0,0.1992831197471009,0.000112598494271797,0.0,0.0
4395,jupiter,26949,8.250825082508251e-05,0,1,0.0,0.1992831197471009,0.000112598494271797,0.0,0.0
4396,GothAck,589287,8.250825082508251e-05,0,1,0.0,0.00016501650165016502,0.000112598494271797,0.0,0.0
4397,tedsuo,24074,8.250825082508251e-05,0,1,0.0,0.15901844438969628,0.000112598494271797,0.0,0.0
4398,koush,73924,8.250825082508251e-05,0,1,0.0,0.00016501650165016502,0.000112598494271797,0.0,0.0
4399,diversario,355800,8.250825082508251e-05,0,1,0.0,0.00016501650165016502,0.000112598494271797,0.0,0.0
4400,rjyo,352545,8.250825082508251e-05,0,1,0.0,0.15095340389416428,0.000112598494271797,0.0,0.0
4401,ssssssssssss,167785,8.250825082508251e-05,0,1,0.0,0.00016501650165016502,0.000112598494271797,0.0,0.0
4402,maks,71999,8.250825082508251e-05,0,1,0.0,0.00016501650165016502,0.000112598494271797,0.0,0.0
4403,springmeyer,20300,8.250825082508251e-05,0,1,0.0,0.00016501650165016502,0.000112598494271797,0.0,0.0
4404,ryangrahamnc,1237156,8.250825082508251e-05,0,1,0.0,0.1472755438809187,0.000112598494271797,0.0,0.0
4405,ungoldman,427322,8.250825082508251e-05,0,1,0.0,0.00016501650165016502,0.000112598494271797,0.0,0.0
4406,remyguercio,1043146,8.250825082508251e-05,0,1,0.0,0.00016501650165016502,0.000112598494271797,0.0,0.0
4407,jpdutoit,160440,8.250825082508251e-05,0,1,0.0,0.00016501650165016502,0.000112598494271797,0.0,0.0
4408,digitalrinaldo,799458,8.250825082508251e-05,0,1,0.0,0.1992831197471009,0.000112598494271797,0.0,0.0
4409,pesho,265896,8.250825082508251e-05,0,1,0.0,0.1992831197471009,0.000112598494271797,0.0,0.0
4410,vadimdemedes,697676,8.250825082508251e-05,0,1,0.0,0.00016501650165016502,0.000112598494271797,0.0,0.0
4411,ethank,228916,8.250825082508251e-05,0,1,0.0,0.15095340389416428,0.000112598494271797,0.0,0.0
4412,PhilWaldmann,1228330,8.250825082508251e-05,0,1,0.0,0.00016501650165016502,0.000112598494271797,0.0,0.0
4413,chowey,991221,0.00016501650165016502,0,2,0.0,0.00033003300330033004,0.000112598494271797,0.0,0.0
4414,logicalparadox,58988,8.250825082508251e-05,0,1,0.0,0.19060244098363516,0.000112598494271797,0.0,0.0
4415,joshbirk,495409,8.250825082508251e-05,0,1,0.0,0.00016501650165016502,0.000112598494271797,0.0,0.0
4416,fuwaneko,34433,8.250825082508251e-05,0,1,0.0,0.00016501650165016502,0.000112598494271797,0.0,0.0
4417,ShaneCourtrille,121610,8.250825082508251e-05,0,1,0.0,0.00016501650165016502,0.000112598494271797,0.0,0.0
4418,georgesnelling,405480,8.250825082508251e-05,0,1,0.0,0.14683297040653792,0.000112598494271797,0.0,0.0
4419,LuukvE,717793,8.250825082508251e-05,0,1,0.0,0.1992831197471009,0.000112598494271797,0.0,0.0
4420,klaemo,778624,8.250825082508251e-05,0,1,0.0,0.00016501650165016502,0.000112598494271797,0.0,0.0
4421,gtracy,169253,8.250825082508251e-05,0,1,0.0,0.00016501650165016502,0.000112598494271797,0.0,0.0
4422,thetrippy,1500442,8.250825082508251e-05,0,1,0.0,0.00016501650165016502,0.000112598494271797,0.0,0.0
4423,pselden,709282,0.00016501650165016502,0,2,0.0,0.00033003300330033004,0.000112598494271797,0.0,0.0
4424,Southern,887133,8.250825082508251e-05,0,1,0.0,0.00016501650165016502,0.000112598494271797,0.0,0.0
4425,ripper234,172282,8.250825082508251e-05,0,1,0.0,0.00016501650165016502,0.000112598494271797,0.0,0.0
4426,curiousdannii,59074,8.250825082508251e-05,0,1,0.0,0.00022002200220022002,0.000112598494271797,0.0,0.0
4427,olecom,243627,8.250825082508251e-05,0,1,0.0,0.00016501650165016502,0.000112598494271797,0.0,0.0
4428,martintajur,176018,8.250825082508251e-05,0,1,0.0,0.00016501650165016502,0.000112598494271797,0.0,0.0
4429,gkavs,1596387,8.250825082508251e-05,0,1,0.0,0.19276428341445143,0.000112598494271797,0.0,0.0
4430,quexer,92157,8.250825082508251e-05,0,1,0.0,0.00016501650165016502,0.000112598494271797,0.0,0.0
4431,suvash,144952,8.250825082508251e-05,0,1,0.0,0.00016501650165016502,0.000112598494271797,0.0,0.0
4432,ph,640,0.00016501650165016502,0,2,0.0,0.00033003300330033004,0.000112598494271797,0.0,0.0
4433,ProLoser,67395,8.250825082508251e-05,0,1,0.0,0.1510043388508735,0.000112598494271797,0.0,0.0
4434,mwawrusch,481276,8.250825082508251e-05,0,1,0.0,0.1992831197471009,0.000112598494271797,0.0,0.0
4435,colinvivy,564823,8.250825082508251e-05,0,1,0.0,0.00022002200220022002,0.000112598494271797,0.0,0.0
4436,dbainbridge,881864,8.250825082508251e-05,0,1,0.0,0.00022002200220022002,0.000112598494271797,0.0,0.0
4437,stanxii,1029665,8.250825082508251e-05,0,1,0.0,0.00022002200220022002,0.000112598494271797,0.0,0.0
4438,hjesbguhs,1196757,8.250825082508251e-05,0,1,0.0,0.00016501650165016502,0.000112598494271797,0.0,0.0
4439,jamesor,1104859,8.250825082508251e-05,0,1,0.0,0.15095340389416428,0.000112598494271797,0.0,0.0
4440,yuanchuan,250426,8.250825082508251e-05,0,1,0.0,0.00016501650165016502,0.000112598494271797,0.0,0.0
4441,arbales,21961,8.250825082508251e-05,0,1,0.0,0.00016501650165016502,0.000112598494271797,0.0,0.0
4442,matt-mcmahon,207033,8.250825082508251e-05,0,1,0.0,0.00016501650165016502,0.000112598494271797,0.0,0.0
4443,KingScooty,610869,8.250825082508251e-05,0,1,0.0,0.00022002200220022002,0.000112598494271797,0.0,0.0
4444,rklancer,72165,8.250825082508251e-05,0,1,0.0,0.00016501650165016502,0.000112598494271797,0.0,0.0
4445,maxs15,1653525,8.250825082508251e-05,0,1,0.0,0.00016501650165016502,0.000112598494271797,0.0,0.0
4446,vvo,123822,0.00024752475247524753,0,3,0.0,0.24664665435941008,0.000112598494271797,0.3333333333333333,0.0
4447,activestylus,285,8.250825082508251e-05,0,1,0.0,0.00016501650165016502,0.000112598494271797,0.0,0.0
4448,pyrat,892,8.250825082508251e-05,0,1,0.0,0.00016501650165016502,0.000112598494271797,0.0,0.0
4449,caryhaynie,24828,8.250825082508251e-05,0,1,0.0,0.00016501650165016502,0.000112598494271797,0.0,0.0
4450,jzevin,266512,8.250825082508251e-05,0,1,0.0,0.00016501650165016502,0.000112598494271797,0.0,0.0
4451,wdblair,928389,8.250825082508251e-05,0,1,0.0,0.19276428341445143,0.000112598494271797,0.0,0.0
4452,mratzloff,92672,8.250825082508251e-05,0,1,0.0,0.00016501650165016502,0.000112598494271797,0.0,0.0
4453,mpaland,763140,8.250825082508251e-05,0,1,0.0,0.00016501650165016502,0.000112598494271797,0.0,0.0
4454,rapidrapids,714782,8.250825082508251e-05,0,1,0.0,0.00016501650165016502,0.000112598494271797,0.0,0.0
4455,tarunc,602762,8.250825082508251e-05,0,1,0.0,0.00016501650165016502,0.000112598494271797,0.0,0.0
4456,arkitex,1779333,8.250825082508251e-05,0,1,0.0,0.00016501650165016502,0.000112598494271797,0.0,0.0
4457,mna,692384,8.250825082508251e-05,0,1,0.0,0.00016501650165016502,0.000112598494271797,0.0,0.0
4458,djhojd,954173,8.250825082508251e-05,0,1,0.0,0.00016501650165016502,0.000112598494271797,0.0,0.0
4459,aledbf,161571,8.250825082508251e-05,0,1,0.0,0.00016501650165016502,0.000112598494271797,0.0,0.0
4460,Keats,680355,8.250825082508251e-05,0,1,0.0,0.00016501650165016502,0.000112598494271797,0.0,0.0
4461,bmcmahen,1236841,8.250825082508251e-05,0,1,0.0,0.00016501650165016502,0.000112598494271797,0.0,0.0
4462,zdwalter,360915,8.250825082508251e-05,0,1,0.0,0.00016501650165016502,0.000112598494271797,0.0,0.0
4463,fatjonny,176266,8.250825082508251e-05,0,1,0.0,0.00016501650165016502,0.000112598494271797,0.0,0.0
4464,doortts,520523,8.250825082508251e-05,0,1,0.0,0.00016501650165016502,0.000112598494271797,0.0,0.0
4465,wshaver,786554,0.00016501650165016502,0,2,0.0,0.17396254534220668,0.000112598494271797,0.0,0.0
4466,rrix,138102,8.250825082508251e-05,0,1,0.0,0.17393674253215888,0.000112598494271797,0.0,0.0
4467,valette,303166,8.250825082508251e-05,0,1,0.0,0.00016501650165016502,0.000112598494271797,0.0,0.0
4468,rudolf,1281646,0.00016501650165016502,0,2,0.0,0.00033003300330033004,0.000112598494271797,0.0,0.0
4469,aakevo,1999323,8.250825082508251e-05,0,1,0.0,0.19060244098363516,0.000112598494271797,0.0,0.0
4470,andrusha,387791,8.250825082508251e-05,0,1,0.0,0.1992831197471009,0.000112598494271797,0.0,0.0
4471,kimo,40341,8.250825082508251e-05,0,1,0.0,0.00016501650165016502,0.000112598494271797,0.0,0.0
4472,thebyrd,823707,0.00016501650165016502,0,2,0.0,0.1993000540706688,0.000112598494271797,1.0,0.0
4473,JulesAU,468213,8.250825082508251e-05,0,1,0.0,0.00016501650165016502,0.000112598494271797,0.0,0.0
4474,phxigloo,2035250,8.250825082508251e-05,0,1,0.0,0.00016501650165016502,0.000112598494271797,0.0,0.0
4475,adunkman,14930,8.250825082508251e-05,0,1,0.0,0.00016501650165016502,0.000112598494271797,0.0,0.0
4476,cloudsben,1283779,8.250825082508251e-05,0,1,0.0,0.00016501650165016502,0.000112598494271797,0.0,0.0
4477,mschilde,580888,8.250825082508251e-05,0,1,0.0,0.19276428341445143,0.000112598494271797,0.0,0.0
4478,yangchenyun,1043403,8.250825082508251e-05,0,1,0.0,0.0004583791712504584,0.000112598494271797,0.0,0.0
4479,parj,1268219,8.250825082508251e-05,0,1,0.0,0.00016501650165016502,0.000112598494271797,0.0,0.0
4480,aykutyaman,179784,8.250825082508251e-05,0,1,0.0,0.00022002200220022002,0.000112598494271797,0.0,0.0
4481,jamischarles,606014,8.250825082508251e-05,0,1,0.0,0.00016501650165016502,0.000112598494271797,0.0,0.0
4482,knarz,629185,0.00016501650165016502,0,2,0.0,0.00033003300330033004,0.000112598494271797,0.0,0.0
4483,devinrhode2,539816,8.250825082508251e-05,0,1,0.0,0.1992831197471009,0.000112598494271797,0.0,0.0
4484,travisbot,1516820,0.0005775577557755776,0,7,0.0,0.15689024709116628,0.000112598494271797,0.0,0.0
4485,dougvk,401660,8.250825082508251e-05,0,1,0.0,0.00016501650165016502,0.000112598494271797,0.0,0.0
4486,andholix,252058,8.250825082508251e-05,0,1,0.0,0.00022002200220022002,0.000112598494271797,0.0,0.0
4487,calmdev,461249,8.250825082508251e-05,0,1,0.0,0.00016501650165016502,0.000112598494271797,0.0,0.0
4488,lydell,2142817,8.250825082508251e-05,0,1,0.0,0.1214962202809589,0.000112598494271797,0.0,0.0
4489,gastongarcia,190625,8.250825082508251e-05,0,1,0.0,0.00016501650165016502,0.000112598494271797,0.0,0.0
4490,BobuSumisu,265845,8.250825082508251e-05,0,1,0.0,0.00016501650165016502,0.000112598494271797,0.0,0.0
4491,curtislacy,1965022,8.250825082508251e-05,0,1,0.0,0.15096312025641287,0.000112598494271797,0.0,0.0
4492,jhiraygit,1195124,8.250825082508251e-05,0,1,0.0,0.00022002200220022002,0.000112598494271797,0.0,0.0
4493,cyberwombat,777498,8.250825082508251e-05,0,1,0.0,0.00016501650165016502,0.000112598494271797,0.0,0.0
4494,jarradseers,913796,0.0004950495049504951,0,6,0.0,0.26082773980245,0.000112598494271797,0.3333333333333333,0.0
4495,muffy,346336,8.250825082508251e-05,0,1,0.0,0.00016501650165016502,0.000112598494271797,0.0,0.0
4496,inyourpc,1122450,8.250825082508251e-05,0,1,0.0,0.18413779039833797,0.000112598494271797,0.0,0.0
4497,baryshev,552706,8.250825082508251e-05,0,1,0.0,0.000297029702970297,0.000112598494271797,0.0,0.0
4498,flockonus,165553,0.00024752475247524753,0,3,0.0,0.19933393135335975,0.000112598494271797,0.3333333333333333,0.0
4499,JohnMcLear,220864,0.00016501650165016502,0,2,0.0,0.1993000540706688,0.000112598494271797,1.0,0.0
4500,elgerlambert,1628796,8.250825082508251e-05,0,1,0.0,0.00016501650165016502,0.000112598494271797,0.0,0.0
4501,rummik,630909,0.00016501650165016502,0,2,0.0,0.00033003300330033004,0.000112598494271797,0.0,0.0
4502,corotchi,1102991,8.250825082508251e-05,0,1,0.0,0.00016501650165016502,0.000112598494271797,0.0,0.0
4503,johnvh,126936,8.250825082508251e-05,0,1,0.0,0.1992831197471009,0.000112598494271797,0.0,0.0
4504,nrako,425397,8.250825082508251e-05,0,1,0.0,0.00016501650165016502,0.000112598494271797,0.0,0.0
4505,vicapow,583385,8.250825082508251e-05,0,1,0.0,0.00016501650165016502,0.000112598494271797,0.0,0.0
4506,antitoxic,261500,0.00024752475247524753,0,3,0.0,0.19931699127251046,0.000112598494271797,0.6666666666666666,0.0
4507,englercj,944497,8.250825082508251e-05,0,1,0.0,0.00016501650165016502,0.000112598494271797,0.0,0.0
4508,beatgammit,427337,8.250825082508251e-05,0,1,0.0,0.00016501650165016502,0.000112598494271797,0.0,0.0
4509,daemonfire300,135746,0.00024752475247524753,0,3,0.0,0.19931699127251046,0.000112598494271797,0.6666666666666666,0.0
4510,fourlincoln10,1103843,8.250825082508251e-05,0,1,0.0,0.00016501650165016502,0.000112598494271797,0.0,0.0
4511,kitwood,1583995,8.250825082508251e-05,0,1,0.0,0.00016501650165016502,0.000112598494271797,0.0,0.0
4512,belackriv,1860056,8.250825082508251e-05,0,1,0.0,0.00016501650165016502,0.000112598494271797,0.0,0.0
4513,headwinds,68402,8.250825082508251e-05,0,1,0.0,0.00016501650165016502,0.000112598494271797,0.0,0.0
4514,csanz,94504,0.0,0,0,0.0,0.0,0.000112598494271797,0.0,0.0
4515,tuupola,21913,8.250825082508251e-05,0,1,0.0,0.00016501650165016502,0.000112598494271797,0.0,0.0
4516,soomtong,906974,8.250825082508251e-05,0,1,0.0,0.00016501650165016502,0.000112598494271797,0.0,0.0
4517,fshost,933038,8.250825082508251e-05,0,1,0.0,0.11908418564628742,0.000112598494271797,0.0,0.0
4518,corpix,747362,8.250825082508251e-05,0,1,0.0,0.11908418564628742,0.000112598494271797,0.0,0.0
4519,sadasant,417016,8.250825082508251e-05,0,1,0.0,0.1992831197471009,0.000112598494271797,0.0,0.0
4520,hovsater,503025,8.250825082508251e-05,0,1,0.0,0.00016501650165016502,0.000112598494271797,0.0,0.0
4521,audreyt,20723,8.250825082508251e-05,0,1,0.0,0.00016501650165016502,0.000112598494271797,0.0,0.0
4522,jaredhanson,10355,8.250825082508251e-05,0,1,0.0,0.00016501650165016502,0.000112598494271797,0.0,0.0
4523,tomdale,90888,8.250825082508251e-05,0,1,0.0,0.00016501650165016502,0.000112598494271797,0.0,0.0
4524,seldonPlan,1740541,8.250825082508251e-05,0,1,0.0,0.1992831197471009,0.000112598494271797,0.0,0.0
4525,svasva,937166,8.250825082508251e-05,0,1,0.0,0.00016501650165016502,0.000112598494271797,0.0,0.0
4526,da99,1551848,8.250825082508251e-05,0,1,0.0,0.00016501650165016502,0.000112598494271797,0.0,0.0
4527,hughlomas,187210,8.250825082508251e-05,0,1,0.0,0.00016501650165016502,0.000112598494271797,0.0,0.0
4528,leeola,47556,8.250825082508251e-05,0,1,0.0,0.00016501650165016502,0.000112598494271797,0.0,0.0
4529,shz,208078,8.250825082508251e-05,0,1,0.0,0.00016501650165016502,0.000112598494271797,0.0,0.0
4530,rodrigoalvesvieira,134733,8.250825082508251e-05,0,1,0.0,0.00016501650165016502,0.000112598494271797,0.0,0.0
4531,bibig,187546,8.250825082508251e-05,0,1,0.0,0.00016501650165016502,0.000112598494271797,0.0,0.0
4532,poke,132240,8.250825082508251e-05,0,1,0.0,0.00022002200220022002,0.000112598494271797,0.0,0.0
4533,PerfectedApp,1725606,8.250825082508251e-05,0,1,0.0,0.00016501650165016502,0.000112598494271797,0.0,0.0
4534,vwal,533507,8.250825082508251e-05,0,1,0.0,0.00016501650165016502,0.000112598494271797,0.0,0.0
4535,enginespot,1422439,8.250825082508251e-05,0,1,0.0,0.00016501650165016502,0.000112598494271797,0.0,0.0
4536,thomas-louvigne,145759,8.250825082508251e-05,0,1,0.0,0.00016501650165016502,0.000112598494271797,0.0,0.0
4537,geoah,88447,8.250825082508251e-05,0,1,0.0,0.00016501650165016502,0.000112598494271797,0.0,0.0
4538,af,25241,8.250825082508251e-05,0,1,0.0,0.000297029702970297,0.000112598494271797,0.0,0.0
4539,simpleshadow,1106234,8.250825082508251e-05,0,1,0.0,0.00016501650165016502,0.000112598494271797,0.0,0.0
4540,ylepikhov,1898195,8.250825082508251e-05,0,1,0.0,0.11908418564628742,0.000112598494271797,0.0,0.0
4541,joshuapinter,180819,8.250825082508251e-05,0,1,0.0,0.00016501650165016502,0.000112598494271797,0.0,0.0
4542,simenbrekken,12807,8.250825082508251e-05,0,1,0.0,0.19060244098363516,0.000112598494271797,0.0,0.0
4543,yuri-karadzhov,686270,8.250825082508251e-05,0,1,0.0,0.1214962202809589,0.000112598494271797,0.0,0.0
4544,chriso,364903,8.250825082508251e-05,0,1,0.0,0.1992831197471009,0.000112598494271797,0.0,0.0
4545,evanlucas,677994,8.250825082508251e-05,0,1,0.0,0.00016501650165016502,0.000112598494271797,0.0,0.0
4546,clintberry,464582,8.250825082508251e-05,0,1,0.0,0.15095340389416428,0.000112598494271797,0.0,0.0
4547,jockster,477447,8.250825082508251e-05,0,1,0.0,0.15095340389416428,0.000112598494271797,0.0,0.0
4548,switz,990166,8.250825082508251e-05,0,1,0.0,0.00016501650165016502,0.000112598494271797,0.0,0.0
4549,hvkale,588703,8.250825082508251e-05,0,1,0.0,0.00016501650165016502,0.000112598494271797,0.0,0.0
4550,mytharcher,525658,0.00024752475247524753,0,3,0.0,0.1940080268263405,0.000112598494271797,0.0,0.0
4551,rajbala,153332,8.250825082508251e-05,0,1,0.0,0.00016501650165016502,0.000112598494271797,0.0,0.0
4552,Pliman,3078105,8.250825082508251e-05,0,1,0.0,0.00016501650165016502,0.000112598494271797,0.0,0.0
4553,dakami,2106854,8.250825082508251e-05,0,1,0.0,0.00016501650165016502,0.000112598494271797,0.0,0.0
4554,igl,293519,0.00016501650165016502,0,2,0.0,0.0003712871287128713,0.000112598494271797,0.0,0.0
4555,hh54188,1318911,8.250825082508251e-05,0,1,0.0,0.00016501650165016502,0.000112598494271797,0.0,0.0
4556,donaldpipowitch,1152805,8.250825082508251e-05,0,1,0.0,0.15095340389416428,0.000112598494271797,0.0,0.0
4557,eosrc,2975107,8.250825082508251e-05,0,1,0.0,0.00016501650165016502,0.000112598494271797,0.0,0.0
4558,podviaznikov,429706,8.250825082508251e-05,0,1,0.0,0.00016501650165016502,0.000112598494271797,0.0,0.0
4559,mikerobe,1505137,8.250825082508251e-05,0,1,0.0,0.00016501650165016502,0.000112598494271797,0.0,0.0
4560,runewell,303009,8.250825082508251e-05,0,1,0.0,0.00016501650165016502,0.000112598494271797,0.0,0.0
4561,numbers1311407,47196,8.250825082508251e-05,0,1,0.0,0.00016501650165016502,0.000112598494271797,0.0,0.0
4562,stephenmathieson,571265,8.250825082508251e-05,0,1,0.0,0.15095340389416428,0.000112598494271797,0.0,0.0
4563,mikepuerto,104170,8.250825082508251e-05,0,1,0.0,0.00016501650165016502,0.000112598494271797,0.0,0.0
4564,ankitpatial,909414,8.250825082508251e-05,0,1,0.0,0.14718312119884722,0.000112598494271797,0.0,0.0
4565,z0w0,676417,8.250825082508251e-05,0,1,0.0,0.00016501650165016502,0.000112598494271797,0.0,0.0
4566,devongovett,19409,8.250825082508251e-05,0,1,0.0,0.00016501650165016502,0.000112598494271797,0.0,0.0
4567,brainflake,113892,0.00033003300330033004,0,4,0.0,0.0006600660066006601,0.000112598494271797,0.0,0.0
4568,3rd-Eden,28071,8.250825082508251e-05,0,1,0.0,0.00016501650165016502,0.000112598494271797,0.0,0.0
4569,justinpincar,810323,8.250825082508251e-05,0,1,0.0,0.00016501650165016502,0.000112598494271797,0.0,0.0
4570,vendethiel,199499,0.0022277227722772275,0,27,0.0,0.19239958577518,0.000112598494271797,0.0,0.0
4571,anacronw,263556,0.00016501650165016502,0,2,0.0,0.15100199821681887,0.000112598494271797,0.0,0.0
4572,lyetz,395878,8.250825082508251e-05,0,1,0.0,0.00016501650165016502,0.000112598494271797,0.0,0.0
4573,sirlancelot,71916,0.00024752475247524753,0,3,0.0,0.11773910824817421,0.000112598494271797,0.0,0.0
4574,brett19,1621627,8.250825082508251e-05,0,1,0.0,0.00016501650165016502,0.000112598494271797,0.0,0.0
4575,jpleclerc,1129404,8.250825082508251e-05,0,1,0.0,0.00016501650165016502,0.000112598494271797,0.0,0.0
4576,mihs,1143290,8.250825082508251e-05,0,1,0.0,0.00016501650165016502,0.000112598494271797,0.0,0.0
4577,emostar,194223,8.250825082508251e-05,0,1,0.0,0.00016501650165016502,0.000112598494271797,0.0,0.0
4578,hmaurer,541045,8.250825082508251e-05,0,1,0.0,0.00016501650165016502,0.000112598494271797,0.0,0.0
4579,bencevans,638535,8.250825082508251e-05,0,1,0.0,0.00016501650165016502,0.000112598494271797,0.0,0.0
4580,liweiz,2466618,8.250825082508251e-05,0,1,0.0,0.00016501650165016502,0.000112598494271797,0.0,0.0
4581,jdhiro,2919453,0.00016501650165016502,0,2,0.0,0.00033003300330033004,0.000112598494271797,0.0,0.0
4582,evilpacket,115769,8.250825082508251e-05,0,1,0.0,0.00016501650165016502,0.000112598494271797,0.0,0.0
4583,AdrianRossouw,115108,8.250825082508251e-05,0,1,0.0,0.00016501650165016502,0.000112598494271797,0.0,0.0
4584,ocean,4443,8.250825082508251e-05,0,1,0.0,0.00016501650165016502,0.000112598494271797,0.0,0.0
4585,emirotin,525832,8.250825082508251e-05,0,1,0.0,0.00016501650165016502,0.000112598494271797,0.0,0.0
4586,passy,9906,8.250825082508251e-05,0,1,0.0,0.00016501650165016502,0.000112598494271797,0.0,0.0
4587,huxxe,4357654,8.250825082508251e-05,0,1,0.0,0.00016501650165016502,0.000112598494271797,0.0,0.0
4588,tunix,47731,8.250825082508251e-05,0,1,0.0,0.15095340389416428,0.000112598494271797,0.0,0.0
4589,Sironfoot,614728,8.250825082508251e-05,0,1,0.0,0.00016501650165016502,0.000112598494271797,0.0,0.0
4590,DruRly,931785,8.250825082508251e-05,0,1,0.0,0.15095340389416428,0.000112598494271797,0.0,0.0
4591,dmmalam,19739,8.250825082508251e-05,0,1,0.0,0.00016501650165016502,0.000112598494271797,0.0,0.0
4592,MarcDiethelm,234292,8.250825082508251e-05,0,1,0.0,0.00016501650165016502,0.000112598494271797,0.0,0.0
4593,atd86,3678746,8.250825082508251e-05,0,1,0.0,0.1992831197471009,0.000112598494271797,0.0,0.0
4594,ShimmerGlass,1712219,8.250825082508251e-05,0,1,0.0,0.00016501650165016502,0.000112598494271797,0.0,0.0
4595,dhigginbotham,1228507,0.00041254125412541255,0,5,0.0,0.24675045095251244,0.000112598494271797,0.2,0.0
4596,youxiachai,929502,0.00016501650165016502,0,2,0.0,0.00033003300330033004,0.000112598494271797,0.0,0.0
4597,lerouxb,69737,8.250825082508251e-05,0,1,0.0,0.00016501650165016502,0.000112598494271797,0.0,0.0
4598,acl0056,4096222,8.250825082508251e-05,0,1,0.0,0.19276428341445143,0.000112598494271797,0.0,0.0
4599,meetwudi,5257816,8.250825082508251e-05,0,1,0.0,0.00016501650165016502,0.000112598494271797,0.0,0.0
4600,pwnall,11460,8.250825082508251e-05,0,1,0.0,0.00016501650165016502,0.000112598494271797,0.0,0.0
4601,Leonidas-from-XIV,121531,8.250825082508251e-05,0,1,0.0,0.00016501650165016502,0.000112598494271797,0.0,0.0
4602,axelhzf,175627,8.250825082508251e-05,0,1,0.0,0.00016501650165016502,0.000112598494271797,0.0,0.0
4603,topherbullock,1895900,8.250825082508251e-05,0,1,0.0,0.00016501650165016502,0.000112598494271797,0.0,0.0
4604,paulhill,754053,8.250825082508251e-05,0,1,0.0,0.1992831197471009,0.000112598494271797,0.0,0.0
4605,emente,1915844,8.250825082508251e-05,0,1,0.0,0.00016501650165016502,0.000112598494271797,0.0,0.0
4606,jirikopsa,1465480,8.250825082508251e-05,0,1,0.0,0.00016501650165016502,0.000112598494271797,0.0,0.0
4607,michaelBenin,521971,0.00033003300330033004,0,4,0.0,0.0006875687568756876,0.000112598494271797,0.0,0.0
4608,bebraw,166921,8.250825082508251e-05,0,1,0.0,0.00016501650165016502,0.000112598494271797,0.0,0.0
4609,mbriot,5500454,8.250825082508251e-05,0,1,0.0,0.00016501650165016502,0.000112598494271797,0.0,0.0
4610,peterbraden,52586,8.250825082508251e-05,0,1,0.0,0.00016501650165016502,0.000112598494271797,0.0,0.0
4611,mpalmerlee,515850,8.250825082508251e-05,0,1,0.0,0.00016501650165016502,0.000112598494271797,0.0,0.0
4612,mrlucmorin,1131522,0.0004950495049504951,0,6,0.0,0.160169571556623,0.000112598494271797,0.13333333333333333,0.0
4613,moldauder,2845393,8.250825082508251e-05,0,1,0.0,0.14677783567830469,0.000112598494271797,0.0,0.0
4614,robertklep,1190916,8.250825082508251e-05,0,1,0.0,0.00022002200220022002,0.000112598494271797,0.0,0.0
4615,lexaux,1006540,8.250825082508251e-05,0,1,0.0,0.15095340389416428,0.000112598494271797,0.0,0.0
4616,behrang,397111,0.00016501650165016502,0,2,0.0,0.14689734663056686,0.000112598494271797,0.0,0.0
4617,dzaporozhets,305940,8.250825082508251e-05,0,1,0.0,0.00016501650165016502,0.000112598494271797,0.0,0.0
4618,eyy,4493579,8.250825082508251e-05,0,1,0.0,0.00016501650165016502,0.000112598494271797,0.0,0.0
4619,ck86,1637345,8.250825082508251e-05,0,1,0.0,0.00016501650165016502,0.000112598494271797,0.0,0.0
4620,Mickael-van-der-Beek,4224802,0.00024752475247524753,0,3,0.0,0.17766555838979095,0.000112598494271797,0.0,0.0
4621,mlmorg,499279,8.250825082508251e-05,0,1,0.0,0.19060244098363516,0.000112598494271797,0.0,0.0
4622,elcct,5889630,8.250825082508251e-05,0,1,0.0,0.14682377840889135,0.000112598494271797,0.0,0.0
4623,export-mike,2983327,8.250825082508251e-05,0,1,0.0,0.00016501650165016502,0.000112598494271797,0.0,0.0
4624,Amberlamps,1527079,8.250825082508251e-05,0,1,0.0,0.00016501650165016502,0.000112598494271797,0.0,0.0
4625,puffnfresh,37715,8.250825082508251e-05,0,1,0.0,0.00016501650165016502,0.000112598494271797,0.0,0.0
4626,hcjcch,4105329,8.250825082508251e-05,0,1,0.0,0.00016501650165016502,0.000112598494271797,0.0,0.0
4627,SgtPooki,1173416,8.250825082508251e-05,0,1,0.0,0.00016501650165016502,0.000112598494271797,0.0,0.0
4628,lafikl,598102,0.00016501650165016502,0,2,0.0,0.1993000540706688,0.000112598494271797,1.0,0.0
4629,jmendiara,851359,8.250825082508251e-05,0,1,0.0,0.1992831197471009,0.000112598494271797,0.0,0.0
4630,ianstormtaylor,311752,8.250825082508251e-05,0,1,0.0,0.00016501650165016502,0.000112598494271797,0.0,0.0
4631,davehorton,1884973,0.00016501650165016502,0,2,0.0,0.19061793207929378,0.000112598494271797,1.0,0.0
4632,trevnorris,289174,0.00016501650165016502,0,2,0.0,0.19061793207929378,0.000112598494271797,1.0,0.0
4633,Weyland,1497884,8.250825082508251e-05,0,1,0.0,0.14677783567830469,0.000112598494271797,0.0,0.0
4634,EvanCarroll,19922,8.250825082508251e-05,0,1,0.0,0.00016501650165016502,0.000112598494271797,0.0,0.0
4635,graingert,413772,8.250825082508251e-05,0,1,0.0,0.00016501650165016502,0.000112598494271797,0.0,0.0
4636,seti123,2937597,8.250825082508251e-05,0,1,0.0,0.00016501650165016502,0.000112598494271797,0.0,0.0
4637,silentrob,15984,8.250825082508251e-05,0,1,0.0,0.00016501650165016502,0.000112598494271797,0.0,0.0
4638,kevin-buttercoin,4991153,8.250825082508251e-05,0,1,0.0,0.11880669856155364,0.000112598494271797,0.0,0.0
4639,pablofierro,965112,8.250825082508251e-05,0,1,0.0,0.00022002200220022002,0.000112598494271797,0.0,0.0
4640,JigneshPansuriaDeveloper,6270576,8.250825082508251e-05,0,1,0.0,0.00016501650165016502,0.000112598494271797,0.0,0.0
4641,johnyno,4688669,8.250825082508251e-05,0,1,0.0,0.00016501650165016502,0.000112598494271797,0.0,0.0
4642,steve-taylor,1135589,8.250825082508251e-05,0,1,0.0,0.00016501650165016502,0.000112598494271797,0.0,0.0
4643,jeromew,687842,8.250825082508251e-05,0,1,0.0,0.00016501650165016502,0.000112598494271797,0.0,0.0
4644,vsacheti,1182098,8.250825082508251e-05,0,1,0.0,0.00016501650165016502,0.000112598494271797,0.0,0.0
4645,framp,611109,8.250825082508251e-05,0,1,0.0,0.19206969423500375,0.000112598494271797,0.0,0.0
4646,jonathanrdelgado,1841149,0.00024752475247524753,0,3,0.0,0.1906334256932155,0.000112598494271797,0.6666666666666666,0.0
4647,kenperkins,730664,8.250825082508251e-05,0,1,0.0,0.00016501650165016502,0.000112598494271797,0.0,0.0
4648,Pontusfa,1658131,8.250825082508251e-05,0,1,0.0,0.19206969423500375,0.000112598494271797,0.0,0.0
4649,countable,933719,8.250825082508251e-05,0,1,0.0,0.00016501650165016502,0.000112598494271797,0.0,0.0
4650,ckot,1091009,8.250825082508251e-05,0,1,0.0,0.00016501650165016502,0.000112598494271797,0.0,0.0
4651,anti-flag,6871627,8.250825082508251e-05,0,1,0.0,0.00016501650165016502,0.000112598494271797,0.0,0.0
4652,unwiredbrain,66809,8.250825082508251e-05,0,1,0.0,0.00016501650165016502,0.000112598494271797,0.0,0.0
4653,leider,450708,0.00016501650165016502,0,2,0.0,0.19127083969202663,0.000112598494271797,1.0,0.0
4654,sambs,51508,8.250825082508251e-05,0,1,0.0,0.00016501650165016502,0.000112598494271797,0.0,0.0
4655,morficus,718799,8.250825082508251e-05,0,1,0.0,0.00016501650165016502,0.000112598494271797,0.0,0.0
4656,simontong,1494859,8.250825082508251e-05,0,1,0.0,0.00016501650165016502,0.000112598494271797,0.0,0.0
4657,BeekeeperAlex,874394,8.250825082508251e-05,0,1,0.0,0.00016501650165016502,0.000112598494271797,0.0,0.0
4658,mahnunchik,780935,0.00016501650165016502,0,2,0.0,0.20290362802176926,0.000112598494271797,0.0,0.0
4659,mridgway,191142,8.250825082508251e-05,0,1,0.0,0.14679620931987422,0.000112598494271797,0.0,0.0
4660,Prinzhorn,679144,8.250825082508251e-05,0,1,0.0,0.00016501650165016502,0.000112598494271797,0.0,0.0
4661,jeandudey,5952531,8.250825082508251e-05,0,1,0.0,0.00016501650165016502,0.000112598494271797,0.0,0.0
4662,yamadapc,3923654,8.250825082508251e-05,0,1,0.0,0.00016501650165016502,0.000112598494271797,0.0,0.0
4663,robotastic,113116,8.250825082508251e-05,0,1,0.0,0.00016501650165016502,0.000112598494271797,0.0,0.0
4664,ZainShaikh,1320981,8.250825082508251e-05,0,1,0.0,0.1992831197471009,0.000112598494271797,0.0,0.0
4665,davidspiess,992674,0.00024752475247524753,0,3,0.0,0.0004950495049504951,0.000112598494271797,0.0,0.0
4666,adius,969983,8.250825082508251e-05,0,1,0.0,0.00016501650165016502,0.000112598494271797,0.0,0.0
4667,briandipalma,1597820,8.250825082508251e-05,0,1,0.0,0.00016501650165016502,0.000112598494271797,0.0,0.0
4668,rwaldron,27985,8.250825082508251e-05,0,1,0.0,0.00016501650165016502,0.000112598494271797,0.0,0.0
4669,mathiasbynens,81942,8.250825082508251e-05,0,1,0.0,0.00022002200220022002,0.000112598494271797,0.0,0.0
4670,Natim,229453,8.250825082508251e-05,0,1,0.0,0.00016501650165016502,0.000112598494271797,0.0,0.0
4671,tedgoddard,5719790,8.250825082508251e-05,0,1,0.0,0.00022002200220022002,0.000112598494271797,0.0,0.0
4672,Floby,235570,0.00024752475247524753,0,3,0.0,0.19218734035565718,0.000112598494271797,0.0,0.0
4673,jaketrent,552044,8.250825082508251e-05,0,1,0.0,0.11768003192692576,0.000112598494271797,0.0,0.0
4674,salper,1014351,8.250825082508251e-05,0,1,0.0,0.00016501650165016502,0.000112598494271797,0.0,0.0
4675,rastislavcore,537310,8.250825082508251e-05,0,1,0.0,0.00016501650165016502,0.000112598494271797,0.0,0.0
4676,Ppaww-Arms,7329188,8.250825082508251e-05,0,1,0.0,0.00016501650165016502,0.000112598494271797,0.0,0.0
4677,phoenixlzx,1400198,8.250825082508251e-05,0,1,0.0,0.00016501650165016502,0.000112598494271797,0.0,0.0
4678,coveralls,2354108,0.0009075907590759076,0,11,0.0,0.17570894788010416,0.000112598494271797,0.0,0.0
4679,mjdickinson,1843955,8.250825082508251e-05,0,1,0.0,0.00016501650165016502,0.000112598494271797,0.0,0.0
4680,gs-akhan,5646166,8.250825082508251e-05,0,1,0.0,0.00016501650165016502,0.000112598494271797,0.0,0.0
4681,blkcat,679369,8.250825082508251e-05,0,1,0.0,0.17389805266579897,0.000112598494271797,0.0,0.0
4682,JamesMGreene,417751,0.00016501650165016502,0,2,0.0,0.17763864548236238,0.000112598494271797,0.0,0.0
4683,dantman,53399,0.00016501650165016502,0,2,0.0,0.24193965713881066,0.000112598494271797,1.0,0.0
4684,tophattom,654307,8.250825082508251e-05,0,1,0.0,0.17389805266579897,0.000112598494271797,0.0,0.0
4685,gabeio,643410,0.0015676567656765677,0,19,0.0,0.24196818166040154,0.000112598494271797,0.10526315789473684,0.0
4686,felipap,461771,8.250825082508251e-05,0,1,0.0,0.00016501650165016502,0.000112598494271797,0.0,0.0
4687,cahrens,484484,8.250825082508251e-05,0,1,0.0,0.00016501650165016502,0.000112598494271797,0.0,0.0
4688,alblandino,1984746,8.250825082508251e-05,0,1,0.0,0.00016501650165016502,0.000112598494271797,0.0,0.0
4689,focusaurus,482377,8.250825082508251e-05,0,1,0.0,0.24131732033168335,0.000112598494271797,0.0,0.0
4690,tlivings,20686,0.00016501650165016502,0,2,0.0,0.19574053048770074,0.000112598494271797,0.0,0.0
4691,vkurchatkin,2993861,8.250825082508251e-05,0,1,0.0,0.19206969423500375,0.000112598494271797,0.0,0.0
4692,SyntaxStacks,2099863,8.250825082508251e-05,0,1,0.0,0.15095340389416428,0.000112598494271797,0.0,0.0
4693,fengmk2,156269,8.250825082508251e-05,0,1,0.0,0.19060244098363516,0.000112598494271797,0.0,0.0
4694,ijroth,3821533,8.250825082508251e-05,0,1,0.0,0.19060244098363516,0.000112598494271797,0.0,0.0
4695,rmg,17978,0.00033003300330033004,0,4,0.0,0.20636718313274355,0.000112598494271797,0.3333333333333333,0.0
4696,sam-github,17607,0.0004950495049504951,0,6,0.0,0.2417401604105989,0.000112598494271797,0.3333333333333333,0.0
4697,ravi,17879,8.250825082508251e-05,0,1,0.0,0.19060244098363516,0.000112598494271797,0.0,0.0
4698,vitorsvieira,6030787,8.250825082508251e-05,0,1,0.0,0.19060244098363516,0.000112598494271797,0.0,0.0
4699,ahdinosaur,719605,8.250825082508251e-05,0,1,0.0,0.19060244098363516,0.000112598494271797,0.0,0.0
4700,mattpardee,437535,8.250825082508251e-05,0,1,0.0,0.19060244098363516,0.000112598494271797,0.0,0.0
4701,DamonOehlman,609693,8.250825082508251e-05,0,1,0.0,0.19060244098363516,0.000112598494271797,0.0,0.0
4702,rayshan,3760840,8.250825082508251e-05,0,1,0.0,0.19206969423500375,0.000112598494271797,0.0,0.0
4703,piscisaureus,218257,8.250825082508251e-05,0,1,0.0,0.19060244098363516,0.000112598494271797,0.0,0.0
4704,secretfader,98955,8.250825082508251e-05,0,1,0.0,0.24131732033168335,0.000112598494271797,0.0,0.0
4705,sindresorhus,170270,8.250825082508251e-05,0,1,0.0,0.17393674253215888,0.000112598494271797,0.0,0.0
4706,g-dormoy,2278713,0.00016501650165016502,0,2,0.0,0.0003712871287128713,0.000112598494271797,0.0,0.0
4707,alonronin,846044,8.250825082508251e-05,0,1,0.0,0.24131732033168335,0.000112598494271797,0.0,0.0
4708,danielstjules,817212,8.250825082508251e-05,0,1,0.0,0.00016501650165016502,0.000112598494271797,0.0,0.0
4709,jeffbcross,463703,0.00024752475247524753,0,3,0.0,0.17398835580887467,0.000112598494271797,0.0,0.0
4710,kokujin,2885603,0.00016501650165016502,0,2,0.0,0.24134215232595496,0.000112598494271797,1.0,0.0
4711,chadxz,309219,8.250825082508251e-05,0,1,0.0,0.14602845627941163,0.000112598494271797,0.0,0.0
4712,kpeng94,4574332,8.250825082508251e-05,0,1,0.0,0.00016501650165016502,0.000112598494271797,0.0,0.0
4713,coldkite,5259237,8.250825082508251e-05,0,1,0.0,0.1992831197471009,0.000112598494271797,0.0,0.0
4714,benjamingr,1315533,0.00041254125412541255,0,5,0.0,0.19219561061244206,0.000112598494271797,0.1,0.0
4715,peteruithoven,523210,8.250825082508251e-05,0,1,0.0,0.00016501650165016502,0.000112598494271797,0.0,0.0
4716,toddself,193412,0.00016501650165016502,0,2,0.0,0.17765210091680278,0.000112598494271797,0.0,0.0
4717,recidive,162615,8.250825082508251e-05,0,1,0.0,0.17389805266579897,0.000112598494271797,0.0,0.0
4718,eduardolundgren,113087,8.250825082508251e-05,0,1,0.0,0.00016501650165016502,0.000112598494271797,0.0,0.0
4719,mikebarnhardt,2816413,8.250825082508251e-05,0,1,0.0,0.00016501650165016502,0.000112598494271797,0.0,0.0
4720,jtremback,1335122,8.250825082508251e-05,0,1,0.0,0.1776117407272723,0.000112598494271797,0.0,0.0
4721,hnrch02,1068978,8.250825082508251e-05,0,1,0.0,0.000297029702970297,0.000112598494271797,0.0,0.0
4722,cloud-boy,3807978,8.250825082508251e-05,0,1,0.0,0.00016501650165016502,0.000112598494271797,0.0,0.0
4723,DenysVuika,503991,8.250825082508251e-05,0,1,0.0,0.00016501650165016502,0.000112598494271797,0.0,0.0
4724,tjconcept,801895,8.250825082508251e-05,0,1,0.0,0.00016501650165016502,0.000112598494271797,0.0,0.0
4725,pkpp1233,865389,8.250825082508251e-05,0,1,0.0,0.00016501650165016502,0.000112598494271797,0.0,0.0
4726,homeyer,84629,8.250825082508251e-05,0,1,0.0,0.18692620039082095,0.000112598494271797,0.0,0.0
4727,calvintwr,6825277,8.250825082508251e-05,0,1,0.0,0.00016501650165016502,0.000112598494271797,0.0,0.0
4728,pangguoming,7269202,8.250825082508251e-05,0,1,0.0,0.00016501650165016502,0.000112598494271797,0.0,0.0
4729,karaokeresearch,6411669,8.250825082508251e-05,0,1,0.0,0.00016501650165016502,0.000112598494271797,0.0,0.0
4730,nisimjoseph,2305992,8.250825082508251e-05,0,1,0.0,0.17389805266579897,0.000112598494271797,0.0,0.0
4731,Snugug,377188,8.250825082508251e-05,0,1,0.0,0.00016501650165016502,0.000112598494271797,0.0,0.0
4732,andreas-marschke,1198936,8.250825082508251e-05,0,1,0.0,0.19582224566282297,0.000112598494271797,0.0,0.0
4733,Xananax,836082,8.250825082508251e-05,0,1,0.0,0.17389805266579897,0.000112598494271797,0.0,0.0
4734,hueniverse,56631,8.250825082508251e-05,0,1,0.0,0.00016501650165016502,0.000112598494271797,0.0,0.0
4735,simoami,2038264,8.250825082508251e-05,0,1,0.0,0.00016501650165016502,0.000112598494271797,0.0,0.0
4736,karlmikko,196181,8.250825082508251e-05,0,1,0.0,0.14602845627941163,0.000112598494271797,0.0,0.0
4737,suissa,75607,8.250825082508251e-05,0,1,0.0,0.00016501650165016502,0.000112598494271797,0.0,0.0
4738,mpotra,888283,8.250825082508251e-05,0,1,0.0,0.00016501650165016502,0.000112598494271797,0.0,0.0
4739,AndrewJHart,2395741,8.250825082508251e-05,0,1,0.0,0.2028685266243085,0.000112598494271797,0.0,0.0
4740,codyirving,5666182,8.250825082508251e-05,0,1,0.0,0.00016501650165016502,0.000112598494271797,0.0,0.0
4741,benmurrell,516344,8.250825082508251e-05,0,1,0.0,0.00016501650165016502,0.000112598494271797,0.0,0.0
4742,ffflabs,238439,8.250825082508251e-05,0,1,0.0,0.19276428341445143,0.000112598494271797,0.0,0.0
4743,sogawa,1695983,8.250825082508251e-05,0,1,0.0,0.00016501650165016502,0.000112598494271797,0.0,0.0
4744,pepkin88,1028647,8.250825082508251e-05,0,1,0.0,0.00016501650165016502,0.000112598494271797,0.0,0.0
4745,NickStefan,6600333,8.250825082508251e-05,0,1,0.0,0.18692620039082095,0.000112598494271797,0.0,0.0
4746,andresatencio,1640174,8.250825082508251e-05,0,1,0.0,0.00016501650165016502,0.000112598494271797,0.0,0.0
4747,aymericbeaumet,569243,8.250825082508251e-05,0,1,0.0,0.00016501650165016502,0.000112598494271797,0.0,0.0
4748,VinuOye,10348638,8.250825082508251e-05,0,1,0.0,0.15097283786956103,0.000112598494271797,0.0,0.0
4749,wmertens,54934,8.250825082508251e-05,0,1,0.0,0.19206969423500375,0.000112598494271797,0.0,0.0
4750,kuanslove,3187965,8.250825082508251e-05,0,1,0.0,0.24131732033168335,0.000112598494271797,0.0,0.0
4751,scottcorgan,974723,8.250825082508251e-05,0,1,0.0,0.00016501650165016502,0.000112598494271797,0.0,0.0
4752,hacker112,620746,8.250825082508251e-05,0,1,0.0,0.24131732033168335,0.000112598494271797,0.0,0.0
4753,aars,129898,0.00016501650165016502,0,2,0.0,0.0003712871287128713,0.000112598494271797,0.0,0.0
4754,erhhung,5808864,8.250825082508251e-05,0,1,0.0,0.24131732033168335,0.000112598494271797,0.0,0.0
4755,TimothyGu,1538624,8.250825082508251e-05,0,1,0.0,0.24131732033168335,0.000112598494271797,0.0,0.0
4756,rmariuzzo,439839,8.250825082508251e-05,0,1,0.0,0.00016501650165016502,0.000112598494271797,0.0,0.0
4757,parkr,237985,8.250825082508251e-05,0,1,0.0,0.00016501650165016502,0.000112598494271797,0.0,0.0
4758,MrNice,2587335,8.250825082508251e-05,0,1,0.0,0.18692620039082095,0.000112598494271797,0.0,0.0
4759,jancarloviray,1477140,8.250825082508251e-05,0,1,0.0,0.24131732033168335,0.000112598494271797,0.0,0.0
4760,toastynerd,1447359,8.250825082508251e-05,0,1,0.0,0.00016501650165016502,0.000112598494271797,0.0,0.0
4761,gzurbach,795927,8.250825082508251e-05,0,1,0.0,0.24131732033168335,0.000112598494271797,0.0,0.0
4762,yakovkhalinsky,646086,8.250825082508251e-05,0,1,0.0,0.00016501650165016502,0.000112598494271797,0.0,0.0
4763,techsin,4664695,0.00016501650165016502,0,2,0.0,0.24134215232595496,0.000112598494271797,1.0,0.0
4764,jinjor,2568148,8.250825082508251e-05,0,1,0.0,0.00016501650165016502,0.000112598494271797,0.0,0.0
4765,dozoisch,4422516,8.250825082508251e-05,0,1,0.0,0.00016501650165016502,0.000112598494271797,0.0,0.0
4766,codenamezjames,2415359,8.250825082508251e-05,0,1,0.0,0.00016501650165016502,0.000112598494271797,0.0,0.0
4767,bdeanindy,2376876,8.250825082508251e-05,0,1,0.0,0.24131732033168335,0.000112598494271797,0.0,0.0
4768,Dynom,39014,8.250825082508251e-05,0,1,0.0,0.00016501650165016502,0.000112598494271797,0.0,0.0
4769,osher,803101,8.250825082508251e-05,0,1,0.0,0.19582224566282297,0.000112598494271797,0.0,0.0
4770,mrosata,6380075,8.250825082508251e-05,0,1,0.0,0.00016501650165016502,0.000112598494271797,0.0,0.0
4771,rsandor,146592,8.250825082508251e-05,0,1,0.0,0.24131732033168335,0.000112598494271797,0.0,0.0
4772,montanaflynn,24260,8.250825082508251e-05,0,1,0.0,0.00024752475247524753,0.000112598494271797,0.0,0.0
4773,mingos777,1941200,8.250825082508251e-05,0,1,0.0,0.24131732033168335,0.000112598494271797,0.0,0.0
4774,revington,91995,8.250825082508251e-05,0,1,0.0,0.24131732033168335,0.000112598494271797,0.0,0.0
4775,codef0rmer,167227,8.250825082508251e-05,0,1,0.0,0.00016501650165016502,0.000112598494271797,0.0,0.0
4776,m-reiniger,8749641,8.250825082508251e-05,0,1,0.0,0.00016501650165016502,0.000112598494271797,0.0,0.0
4777,Mithgol,1088720,8.250825082508251e-05,0,1,0.0,0.19582224566282297,0.000112598494271797,0.0,0.0
4778,sfrdmn,590570,8.250825082508251e-05,0,1,0.0,0.13593155420793035,0.000112598494271797,0.0,0.0
4779,nelsonpecora,447522,8.250825082508251e-05,0,1,0.0,0.18692620039082095,0.000112598494271797,0.0,0.0
4780,yigitozdemir,6051380,8.250825082508251e-05,0,1,0.0,0.00016501650165016502,0.000112598494271797,0.0,0.0
4781,rawteech,5724682,8.250825082508251e-05,0,1,0.0,0.17393674253215888,0.000112598494271797,0.0,0.0
4782,Jokero,434135,0.00016501650165016502,0,2,0.0,0.00033003300330033004,0.000112598494271797,0.0,0.0
4783,tkizm1,5886048,8.250825082508251e-05,0,1,0.0,0.00016501650165016502,0.000112598494271797,0.0,0.0
4784,joshdickson,2819631,8.250825082508251e-05,0,1,0.0,0.1783139235386323,0.000112598494271797,0.0,0.0
4785,molnarg,894421,8.250825082508251e-05,0,1,0.0,0.18692620039082095,0.000112598494271797,0.0,0.0
4786,charlierudolph,1676758,8.250825082508251e-05,0,1,0.0,0.12150251444353885,0.000112598494271797,0.0,0.0
4787,nouex,8410896,8.250825082508251e-05,0,1,0.0,0.00022002200220022002,0.000112598494271797,0.0,0.0
4788,matthewlynch,3437234,8.250825082508251e-05,0,1,0.0,0.00016501650165016502,0.000112598494271797,0.0,0.0
4789,badDevBuild,5692511,8.250825082508251e-05,0,1,0.0,0.00016501650165016502,0.000112598494271797,0.0,0.0
4790,devlato,1210210,8.250825082508251e-05,0,1,0.0,0.00022002200220022002,0.000112598494271797,0.0,0.0
4791,grabbou,2464966,0.00016501650165016502,0,2,0.0,0.18694109965755065,0.000112598494271797,1.0,0.0
4792,chaines,34861,8.250825082508251e-05,0,1,0.0,0.00016501650165016502,0.000112598494271797,0.0,0.0
4793,jfmelo,1172271,8.250825082508251e-05,0,1,0.0,0.24131732033168335,0.000112598494271797,0.0,0.0
4794,raphaklaus,901936,8.250825082508251e-05,0,1,0.0,0.00016501650165016502,0.000112598494271797,0.0,0.0
4795,lmarkus,736932,0.00016501650165016502,0,2,0.0,0.0003712871287128713,0.000112598494271797,0.0,0.0
4796,juliankrispel,1188186,8.250825082508251e-05,0,1,0.0,0.00016501650165016502,0.000112598494271797,0.0,0.0
4797,jinmatt,553110,0.00016501650165016502,0,2,0.0,0.24134215232595496,0.000112598494271797,1.0,0.0
4798,amitmtrn,6568090,8.250825082508251e-05,0,1,0.0,0.24131732033168335,0.000112598494271797,0.0,0.0
4799,msukmanowsky,362755,8.250825082508251e-05,0,1,0.0,0.00016501650165016502,0.000112598494271797,0.0,0.0
4800,runk,903687,8.250825082508251e-05,0,1,0.0,0.24131732033168335,0.000112598494271797,0.0,0.0
4801,svperfecta,816,8.250825082508251e-05,0,1,0.0,0.1783139235386323,0.000112598494271797,0.0,0.0
4802,glen-cheney,963921,8.250825082508251e-05,0,1,0.0,0.00016501650165016502,0.000112598494271797,0.0,0.0
4803,rimunroe,1574844,8.250825082508251e-05,0,1,0.0,0.00016501650165016502,0.000112598494271797,0.0,0.0
4804,lukesneeringer,4346,8.250825082508251e-05,0,1,0.0,0.00016501650165016502,0.000112598494271797,0.0,0.0
4805,betlab,9724342,8.250825082508251e-05,0,1,0.0,0.00016501650165016502,0.000112598494271797,0.0,0.0
4806,roppa,98824,8.250825082508251e-05,0,1,0.0,0.17389805266579897,0.000112598494271797,0.0,0.0
4807,talon,907062,8.250825082508251e-05,0,1,0.0,0.24131732033168335,0.000112598494271797,0.0,0.0
4808,andineck,697037,8.250825082508251e-05,0,1,0.0,0.24131732033168335,0.000112598494271797,0.0,0.0
4809,gdl276s,3733234,8.250825082508251e-05,0,1,0.0,0.19206969423500375,0.000112598494271797,0.0,0.0
4810,hefangshi,613846,8.250825082508251e-05,0,1,0.0,0.24131732033168335,0.000112598494271797,0.0,0.0
4811,eschwartz,1153371,8.250825082508251e-05,0,1,0.0,0.00016501650165016502,0.000112598494271797,0.0,0.0
4812,OshotOkill,6079112,8.250825082508251e-05,0,1,0.0,0.24131732033168335,0.000112598494271797,0.0,0.0
4813,ivarprudnikov,1052642,8.250825082508251e-05,0,1,0.0,0.24131732033168335,0.000112598494271797,0.0,0.0
4814,CWSpear,495855,8.250825082508251e-05,0,1,0.0,0.24131732033168335,0.000112598494271797,0.0,0.0
4815,chriswhong,1833820,8.250825082508251e-05,0,1,0.0,0.17389805266579897,0.000112598494271797,0.0,0.0
4816,felixfbecker,10532611,0.00033003300330033004,0,4,0.0,0.19214837262851306,0.000112598494271797,0.16666666666666666,0.0
4817,bartonsprings,9456041,8.250825082508251e-05,0,1,0.0,0.00016501650165016502,0.000112598494271797,0.0,0.0
4818,jsmithe,15017861,8.250825082508251e-05,0,1,0.0,0.14719235824674473,0.000112598494271797,0.0,0.0
4819,sebilasse,750300,8.250825082508251e-05,0,1,0.0,0.00041254125412541255,0.000112598494271797,0.0,0.0
4820,ariporad,1817508,8.250825082508251e-05,0,1,0.0,0.24131732033168335,0.000112598494271797,0.0,0.0
4821,VasilioRuzanni,754993,8.250825082508251e-05,0,1,0.0,0.00016501650165016502,0.000112598494271797,0.0,0.0
4822,runspired,650309,8.250825082508251e-05,0,1,0.0,0.00016501650165016502,0.000112598494271797,0.0,0.0
4823,syzer,1989646,8.250825082508251e-05,0,1,0.0,0.00016501650165016502,0.000112598494271797,0.0,0.0
4824,vladvelici,787566,0.00016501650165016502,0,2,0.0,0.00037718057520037715,0.000112598494271797,0.0,0.0
4825,wouterkirstein,12259124,8.250825082508251e-05,0,1,0.0,0.00016501650165016502,0.000112598494271797,0.0,0.0
4826,ximex,1078640,8.250825082508251e-05,0,1,0.0,0.24131732033168335,0.000112598494271797,0.0,0.0
4827,estliberitas,568962,0.00033003300330033004,0,4,0.0,0.24141667898133098,0.000112598494271797,0.3333333333333333,0.0
4828,richardschneider,631061,8.250825082508251e-05,0,1,0.0,0.00016501650165016502,0.000112598494271797,0.0,0.0
4829,ebramanti,1921464,8.250825082508251e-05,0,1,0.0,0.00022002200220022002,0.000112598494271797,0.0,0.0
4830,webdude21,6185714,8.250825082508251e-05,0,1,0.0,0.24131732033168335,0.000112598494271797,0.0,0.0
4831,andrewosh,1043263,8.250825082508251e-05,0,1,0.0,0.00016501650165016502,0.000112598494271797,0.0,0.0
4832,Neta-Alon,14222310,8.250825082508251e-05,0,1,0.0,0.24131732033168335,0.000112598494271797,0.0,0.0
4833,brandonburkett,1877193,8.250825082508251e-05,0,1,0.0,0.00022002200220022002,0.000112598494271797,0.0,0.0
4834,nightire,1104018,8.250825082508251e-05,0,1,0.0,0.00016501650165016502,0.000112598494271797,0.0,0.0
4835,dsteinbach,695981,8.250825082508251e-05,0,1,0.0,0.17389805266579897,0.000112598494271797,0.0,0.0
4836,NetOpWibby,1288356,8.250825082508251e-05,0,1,0.0,0.00022002200220022002,0.000112598494271797,0.0,0.0
4837,bjrmatos,4262050,8.250825082508251e-05,0,1,0.0,0.00022002200220022002,0.000112598494271797,0.0,0.0
4838,snovak7,25969,8.250825082508251e-05,0,1,0.0,0.00016501650165016502,0.000112598494271797,0.0,0.0
4839,tjwebb,1009114,8.250825082508251e-05,0,1,0.0,0.00022002200220022002,0.000112598494271797,0.0,0.0
4840,jasonrhodes,159370,8.250825082508251e-05,0,1,0.0,0.00022002200220022002,0.000112598494271797,0.0,0.0
4841,agauniyal,7630575,0.00024752475247524753,0,3,0.0,0.0005280528052805281,0.000112598494271797,0.0,0.0
4842,arackaf,11261266,8.250825082508251e-05,0,1,0.0,0.00022002200220022002,0.000112598494271797,0.0,0.0
4843,RnbWd,5370305,8.250825082508251e-05,0,1,0.0,0.00022002200220022002,0.000112598494271797,0.0,0.0
4844,mugli,2240000,8.250825082508251e-05,0,1,0.0,0.00022002200220022002,0.000112598494271797,0.0,0.0
4845,devinus,4836,0.00016501650165016502,0,2,0.0,0.17437643392592048,0.000112598494271797,1.0,0.0
4846,wraithan,90898,8.250825082508251e-05,0,1,0.0,0.00022002200220022002,0.000112598494271797,0.0,0.0
4847,collingreen,5257160,8.250825082508251e-05,0,1,0.0,0.00022002200220022002,0.000112598494271797,0.0,0.0
4848,davidcelis,36873,8.250825082508251e-05,0,1,0.0,0.00022002200220022002,0.000112598494271797,0.0,0.0
4849,Martinspire,1716267,8.250825082508251e-05,0,1,0.0,0.00022002200220022002,0.000112598494271797,0.0,0.0
4850,austin1237,1394341,8.250825082508251e-05,0,1,0.0,0.00022002200220022002,0.000112598494271797,0.0,0.0
4851,bartekus,7887446,8.250825082508251e-05,0,1,0.0,0.00022002200220022002,0.000112598494271797,0.0,0.0
4852,pwlin,160443,8.250825082508251e-05,0,1,0.0,0.00022002200220022002,0.000112598494271797,0.0,0.0
4853,tylerdmace,5430823,0.00016501650165016502,0,2,0.0,0.17437643392592048,0.000112598494271797,1.0,0.0
4854,dmethvin,157858,8.250825082508251e-05,0,1,0.0,0.00022002200220022002,0.000112598494271797,0.0,0.0
4855,gx0r,6763826,8.250825082508251e-05,0,1,0.0,0.00022002200220022002,0.000112598494271797,0.0,0.0
4856,willin,1890238,8.250825082508251e-05,0,1,0.0,0.00022002200220022002,0.000112598494271797,0.0,0.0
4857,halhenke,1448377,8.250825082508251e-05,0,1,0.0,0.00022002200220022002,0.000112598494271797,0.0,0.0
4858,GoNode5,2210672,8.250825082508251e-05,0,1,0.0,0.00022002200220022002,0.000112598494271797,0.0,0.0
4859,mAiNiNfEcTiOn,1002056,8.250825082508251e-05,0,1,0.0,0.00022002200220022002,0.000112598494271797,0.0,0.0
4860,leonsp,671090,8.250825082508251e-05,0,1,0.0,0.00022002200220022002,0.000112598494271797,0.0,0.0
4861,jeffwhitfield,274571,8.250825082508251e-05,0,1,0.0,0.00022002200220022002,0.000112598494271797,0.0,0.0
4862,amcdnl,227909,8.250825082508251e-05,0,1,0.0,0.00022002200220022002,0.000112598494271797,0.0,0.0
4863,alessioalex,332898,8.250825082508251e-05,0,1,0.0,0.00022002200220022002,0.000112598494271797,0.0,0.0
4864,voxpelli,34457,8.250825082508251e-05,0,1,0.0,0.00022002200220022002,0.000112598494271797,0.0,0.0
4865,jfathman,996860,8.250825082508251e-05,0,1,0.0,0.00022002200220022002,0.000112598494271797,0.0,0.0
4866,windmaomao,1700809,8.250825082508251e-05,0,1,0.0,0.00022002200220022002,0.000112598494271797,0.0,0.0
4867,bazineta,564060,8.250825082508251e-05,0,1,0.0,0.14912023374260114,0.000112598494271797,0.0,0.0
4868,jadbox,595843,8.250825082508251e-05,0,1,0.0,0.17435050819979414,0.000112598494271797,0.0,0.0
4869,jakerella,450036,8.250825082508251e-05,0,1,0.0,0.17435050819979414,0.000112598494271797,0.0,0.0
4870,paton,609881,8.250825082508251e-05,0,1,0.0,0.14912023374260114,0.000112598494271797,0.0,0.0
4871,php-workx,112210,8.250825082508251e-05,0,1,0.0,0.00016501650165016502,0.000112598494271797,0.0,0.0
4872,BreezeDust,3203665,8.250825082508251e-05,0,1,0.0,0.17435050819979414,0.000112598494271797,0.0,0.0
4873,rimoi,14994150,8.250825082508251e-05,0,1,0.0,0.00016501650165016502,0.000112598494271797,0.0,0.0
4874,bnoordhuis,275871,8.250825082508251e-05,0,1,0.0,0.00022002200220022002,0.000112598494271797,0.0,0.0
4875,mhdawson,9373002,0.00024752475247524753,0,3,0.0,0.20564340519979224,0.000112598494271797,1.0,0.0
4876,rvagg,495647,8.250825082508251e-05,0,1,0.0,0.17435050819979414,0.000112598494271797,0.0,0.0
4877,lenovouser,7549136,8.250825082508251e-05,0,1,0.0,0.24131732033168335,0.000112598494271797,0.0,0.0
4878,luiselizondo,250304,8.250825082508251e-05,0,1,0.0,0.00022002200220022002,0.000112598494271797,0.0,0.0
4879,jamesqo,9159214,8.250825082508251e-05,0,1,0.0,0.00022002200220022002,0.000112598494271797,0.0,0.0
4880,Tomino2112,1140217,8.250825082508251e-05,0,1,0.0,0.00016501650165016502,0.000112598494271797,0.0,0.0
4881,giacecco,303693,8.250825082508251e-05,0,1,0.0,0.00016501650165016502,0.000112598494271797,0.0,0.0
4882,billinghamj,905772,0.00016501650165016502,0,2,0.0,0.00033003300330033004,0.000112598494271797,0.0,0.0
4883,xytis,78025,8.250825082508251e-05,0,1,0.0,0.00016501650165016502,0.000112598494271797,0.0,0.0
4884,cdnadmin,8010038,8.250825082508251e-05,0,1,0.0,0.17506628620613798,0.000112598494271797,0.0,0.0
4885,mxstbr,7525670,8.250825082508251e-05,0,1,0.0,0.00016501650165016502,0.000112598494271797,0.0,0.0
4886,dlinx,5583697,8.250825082508251e-05,0,1,0.0,0.00016501650165016502,0.000112598494271797,0.0,0.0
4887,Zertz,2636763,0.00016501650165016502,0,2,0.0,0.24134215232595496,0.000112598494271797,1.0,0.0
4888,mbonaci,497926,8.250825082508251e-05,0,1,0.0,0.00022002200220022002,0.000112598494271797,0.0,0.0
4889,gipsic,9495966,8.250825082508251e-05,0,1,0.0,0.00016501650165016502,0.000112598494271797,0.0,0.0
4890,mishelashala,5624153,8.250825082508251e-05,0,1,0.0,0.00016501650165016502,0.000112598494271797,0.0,0.0
4891,xpepermint,174279,8.250825082508251e-05,0,1,0.0,0.19060244098363516,0.000112598494271797,0.0,0.0
4892,kbariotis,605742,8.250825082508251e-05,0,1,0.0,0.176901722454641,0.000112598494271797,0.0,0.0
4893,sunil-ideas2it,13979069,8.250825082508251e-05,0,1,0.0,0.00016501650165016502,0.000112598494271797,0.0,0.0
4894,algebris,3243507,8.250825082508251e-05,0,1,0.0,0.00024752475247524753,0.000112598494271797,0.0,0.0
4895,rzk,219022,0.00016501650165016502,0,2,0.0,0.00037718057520037715,0.000112598494271797,0.0,0.0
4896,deathg0d,2324523,8.250825082508251e-05,0,1,0.0,0.00016501650165016502,0.000112598494271797,0.0,0.0
4897,jmarca,70304,8.250825082508251e-05,0,1,0.0,0.00016501650165016502,0.000112598494271797,0.0,0.0
4898,SuperMasterBlasterLaser,8684688,8.250825082508251e-05,0,1,0.0,0.00016501650165016502,0.000112598494271797,0.0,0.0
4899,caiocutrim,6816288,8.250825082508251e-05,0,1,0.0,0.176901722454641,0.000112598494271797,0.0,0.0
4900,lldong18,15698554,8.250825082508251e-05,0,1,0.0,0.15096312025641287,0.000112598494271797,0.0,0.0
4901,YasinYA,16412639,8.250825082508251e-05,0,1,0.0,0.00016501650165016502,0.000112598494271797,0.0,0.0
4902,tosone,5346506,8.250825082508251e-05,0,1,0.0,0.00016501650165016502,0.000112598494271797,0.0,0.0
4903,shajanjp,2943609,8.250825082508251e-05,0,1,0.0,0.00016501650165016502,0.000112598494271797,0.0,0.0
4904,simlegate,2359726,8.250825082508251e-05,0,1,0.0,0.00016501650165016502,0.000112598494271797,0.0,0.0
4905,Vratislav,346066,8.250825082508251e-05,0,1,0.0,0.00016501650165016502,0.000112598494271797,0.0,0.0
4906,qm3ster,10551234,8.250825082508251e-05,0,1,0.0,0.00016501650165016502,0.000112598494271797,0.0,0.0
4907,RWOverdijk,781745,8.250825082508251e-05,0,1,0.0,0.00016501650165016502,0.000112598494271797,0.0,0.0
4908,cchamberlain,424694,8.250825082508251e-05,0,1,0.0,0.00016501650165016502,0.000112598494271797,0.0,0.0
4909,davebaol,2366334,8.250825082508251e-05,0,1,0.0,0.14376382470906157,0.000112598494271797,0.0,0.0
4910,Avcajaraville,2271201,8.250825082508251e-05,0,1,0.0,0.19060244098363516,0.000112598494271797,0.0,0.0
4911,sundern,15723642,8.250825082508251e-05,0,1,0.0,0.00016501650165016502,0.000112598494271797,0.0,0.0
4912,gramakri,82041,8.250825082508251e-05,0,1,0.0,0.12152140084474769,0.000112598494271797,0.0,0.0
4913,jcready,358876,0.0004950495049504951,0,6,0.0,0.19439395244953422,0.000112598494271797,0.06666666666666667,0.0
4914,palavrov,532427,8.250825082508251e-05,0,1,0.0,0.00016501650165016502,0.000112598494271797,0.0,0.0
4915,gabrielcsapo,1854811,0.00016501650165016502,0,2,0.0,0.24159075363655033,0.000112598494271797,1.0,0.0
4916,Wuntenn,91831,8.250825082508251e-05,0,1,0.0,0.00016501650165016502,0.000112598494271797,0.0,0.0
4917,rajeget,16147424,8.250825082508251e-05,0,1,0.0,0.00016501650165016502,0.000112598494271797,0.0,0.0
4918,mlick,8747500,8.250825082508251e-05,0,1,0.0,0.00016501650165016502,0.000112598494271797,0.0,0.0
4919,dcousens,413395,8.250825082508251e-05,0,1,0.0,0.00022002200220022002,0.000112598494271797,0.0,0.0
4920,jribeiro,922529,8.250825082508251e-05,0,1,0.0,0.00022002200220022002,0.000112598494271797,0.0,0.0
4921,karlpokus,2376199,8.250825082508251e-05,0,1,0.0,0.00016501650165016502,0.000112598494271797,0.0,0.0
4922,mikhailrojo,8116533,8.250825082508251e-05,0,1,0.0,0.00016501650165016502,0.000112598494271797,0.0,0.0
4923,dilipkosuri,5526237,8.250825082508251e-05,0,1,0.0,0.00016501650165016502,0.000112598494271797,0.0,0.0
4924,emanuelemoccia,8114502,8.250825082508251e-05,0,1,0.0,0.00016501650165016502,0.000112598494271797,0.0,0.0
4925,StyleT,1125900,8.250825082508251e-05,0,1,0.0,0.19060244098363516,0.000112598494271797,0.0,0.0
4926,garkin,422774,8.250825082508251e-05,0,1,0.0,0.19060244098363516,0.000112598494271797,0.0,0.0
4927,MiguelAngelRG,12188797,8.250825082508251e-05,0,1,0.0,0.00016501650165016502,0.000112598494271797,0.0,0.0
4928,NickNaso,387506,0.0007425742574257426,0,9,0.0,0.19524148645832218,0.000112598494271797,0.027777777777777776,0.0
4929,tony-gutierrez,15345331,0.00024752475247524753,0,3,0.0,0.0005893446487505894,0.000112598494271797,0.0,0.0
4930,artcommacode,1155516,0.00016501650165016502,0,2,0.0,0.00033003300330033004,0.000112598494271797,0.0,0.0
4931,lkmill,7393351,8.250825082508251e-05,0,1,0.0,0.00016501650165016502,0.000112598494271797,0.0,0.0
4932,limabeans,7754615,8.250825082508251e-05,0,1,0.0,0.00016501650165016502,0.000112598494271797,0.0,0.0
4933,zetekla,18559628,8.250825082508251e-05,0,1,0.0,0.00016501650165016502,0.000112598494271797,0.0,0.0
4934,ScottFreeCode,16506071,0.00016501650165016502,0,2,0.0,0.17692841251536137,0.000112598494271797,0.0,0.0
4935,gsalgadotoledo,1288502,8.250825082508251e-05,0,1,0.0,0.00016501650165016502,0.000112598494271797,0.0,0.0
4936,zionzinkerz,13846775,8.250825082508251e-05,0,1,0.0,0.00016501650165016502,0.000112598494271797,0.0,0.0
4937,marcelhadorn,944238,8.250825082508251e-05,0,1,0.0,0.00016501650165016502,0.000112598494271797,0.0,0.0
4938,shirodkarsohan,13177325,8.250825082508251e-05,0,1,0.0,0.00016501650165016502,0.000112598494271797,0.0,0.0
4939,liqiang372,6468832,8.250825082508251e-05,0,1,0.0,0.00016501650165016502,0.000112598494271797,0.0,0.0
4940,jclwong,4234991,8.250825082508251e-05,0,1,0.0,0.00016501650165016502,0.000112598494271797,0.0,0.0
4941,DeadcatDev,15237149,8.250825082508251e-05,0,1,0.0,0.17389805266579897,0.000112598494271797,0.0,0.0
4942,bbodenmiller,1192780,8.250825082508251e-05,0,1,0.0,0.00016501650165016502,0.000112598494271797,0.0,0.0
4943,robaxelsen,13132899,8.250825082508251e-05,0,1,0.0,0.00016501650165016502,0.000112598494271797,0.0,0.0
4944,Dr8f,6171090,8.250825082508251e-05,0,1,0.0,0.00016501650165016502,0.000112598494271797,0.0,0.0
4945,neverendingqs,8854618,8.250825082508251e-05,0,1,0.0,0.00016501650165016502,0.000112598494271797,0.0,0.0
4946,sashahilton00,4185362,8.250825082508251e-05,0,1,0.0,0.14719235824674473,0.000112598494271797,0.0,0.0
4947,No9,130940,8.250825082508251e-05,0,1,0.0,0.00022002200220022002,0.000112598494271797,0.0,0.0
4948,wildan3105,7030099,8.250825082508251e-05,0,1,0.0,0.00016501650165016502,0.000112598494271797,0.0,0.0
4949,jzapantis,13191898,8.250825082508251e-05,0,1,0.0,0.24131732033168335,0.000112598494271797,0.0,0.0
4950,jokeyrhyme,479816,0.00016501650165016502,0,2,0.0,0.18695600129961185,0.000112598494271797,1.0,0.0
4951,iyunusov,11756762,8.250825082508251e-05,0,1,0.0,0.17389805266579897,0.000112598494271797,0.0,0.0
4952,lance-ding,1250056,8.250825082508251e-05,0,1,0.0,0.00016501650165016502,0.000112598494271797,0.0,0.0
4953,Aeonrush,5580112,8.250825082508251e-05,0,1,0.0,0.00016501650165016502,0.000112598494271797,0.0,0.0
4954,jagadish-kb,5938952,8.250825082508251e-05,0,1,0.0,0.00016501650165016502,0.000112598494271797,0.0,0.0
4955,calderaro,4654252,8.250825082508251e-05,0,1,0.0,0.00016501650165016502,0.000112598494271797,0.0,0.0
4956,peramsathyam,16722350,8.250825082508251e-05,0,1,0.0,0.00016501650165016502,0.000112598494271797,0.0,0.0
4957,afm-sayem,6215982,8.250825082508251e-05,0,1,0.0,0.00016501650165016502,0.000112598494271797,0.0,0.0
4958,clakech,1169286,8.250825082508251e-05,0,1,0.0,0.12150251444353885,0.000112598494271797,0.0,0.0
4959,strugee,911174,8.250825082508251e-05,0,1,0.0,0.00016501650165016502,0.000112598494271797,0.0,0.0
4960,ParadeTo,10891388,8.250825082508251e-05,0,1,0.0,0.14592851146737373,0.000112598494271797,0.0,0.0
4961,matheuslc,4161171,0.00024752475247524753,0,3,0.0,0.24139183164920033,0.000112598494271797,0.6666666666666666,0.0
4962,yawetse,1192414,8.250825082508251e-05,0,1,0.0,0.24131732033168335,0.000112598494271797,0.0,0.0
4963,samhh,6402443,8.250825082508251e-05,0,1,0.0,0.00016501650165016502,0.000112598494271797,0.0,0.0
4964,Moniarchy,18104615,8.250825082508251e-05,0,1,0.0,0.00016501650165016502,0.000112598494271797,0.0,0.0
4965,MitchellBouwman,11721953,8.250825082508251e-05,0,1,0.0,0.00016501650165016502,0.000112598494271797,0.0,0.0
4966,madhusudhand,1935113,8.250825082508251e-05,0,1,0.0,0.00022002200220022002,0.000112598494271797,0.0,0.0
4967,dogfoodsilo4,10741833,8.250825082508251e-05,0,1,0.0,0.00016501650165016502,0.000112598494271797,0.0,0.0
4968,jimmyolo,4534038,0.00033003300330033004,0,4,0.0,0.19284353200983642,0.000112598494271797,0.16666666666666666,0.0
4969,ashenwgt,14919989,8.250825082508251e-05,0,1,0.0,0.00016501650165016502,0.000112598494271797,0.0,0.0
4970,riatzukiza,10676925,8.250825082508251e-05,0,1,0.0,0.00016501650165016502,0.000112598494271797,0.0,0.0
4971,MeLlamoPablo,11708035,8.250825082508251e-05,0,1,0.0,0.00016501650165016502,0.000112598494271797,0.0,0.0
4972,Leestex,1712453,0.00016501650165016502,0,2,0.0,0.0003712871287128713,0.000112598494271797,0.0,0.0
4973,ahmetatar,3602465,8.250825082508251e-05,0,1,0.0,0.19206969423500375,0.000112598494271797,0.0,0.0
4974,willyelm,1202219,8.250825082508251e-05,0,1,0.0,0.00016501650165016502,0.000112598494271797,0.0,0.0
4975,jkantr,7208251,8.250825082508251e-05,0,1,0.0,0.00016501650165016502,0.000112598494271797,0.0,0.0
4976,thamaranth,20805622,0.00016501650165016502,0,2,0.0,0.18615469769851817,0.000112598494271797,0.0,0.0
4977,abhinav-nehra,9943214,8.250825082508251e-05,0,1,0.0,0.00016501650165016502,0.000112598494271797,0.0,0.0
4978,mjsalinger,2452620,8.250825082508251e-05,0,1,0.0,0.2028685266243085,0.000112598494271797,0.0,0.0
4979,toomim,101208,8.250825082508251e-05,0,1,0.0,0.00022002200220022002,0.000112598494271797,0.0,0.0
4980,ttencate,90930,8.250825082508251e-05,0,1,0.0,0.12150251444353885,0.000112598494271797,0.0,0.0
4981,seancheung,5442563,8.250825082508251e-05,0,1,0.0,0.00016501650165016502,0.000112598494271797,0.0,0.0
4982,doivosevic,6378638,8.250825082508251e-05,0,1,0.0,0.19276428341445143,0.000112598494271797,0.0,0.0
4983,adrach,6403509,8.250825082508251e-05,0,1,0.0,0.00016501650165016502,0.000112598494271797,0.0,0.0
4984,ademsencer,2938552,8.250825082508251e-05,0,1,0.0,0.00016501650165016502,0.000112598494271797,0.0,0.0
4985,rajarju,273188,8.250825082508251e-05,0,1,0.0,0.00016501650165016502,0.000112598494271797,0.0,0.0
4986,khalid-s,7849198,8.250825082508251e-05,0,1,0.0,0.00016501650165016502,0.000112598494271797,0.0,0.0
4987,OmgImAlexis,6525926,0.00016501650165016502,0,2,0.0,0.00033003300330033004,0.000112598494271797,0.0,0.0
4988,douglascayers,4142577,8.250825082508251e-05,0,1,0.0,0.00016501650165016502,0.000112598494271797,0.0,0.0
4989,HNG-Matrix,29281958,8.250825082508251e-05,0,1,0.0,0.00016501650165016502,0.000112598494271797,0.0,0.0
4990,baskren,2528888,8.250825082508251e-05,0,1,0.0,0.00016501650165016502,0.000112598494271797,0.0,0.0
4991,jasongin,13093042,8.250825082508251e-05,0,1,0.0,0.00016501650165016502,0.000112598494271797,0.0,0.0
4992,RomanovRoman,4571879,8.250825082508251e-05,0,1,0.0,0.00016501650165016502,0.000112598494271797,0.0,0.0
4993,HaykoKoryun,2579764,8.250825082508251e-05,0,1,0.0,0.00016501650165016502,0.000112598494271797,0.0,0.0
4994,mgcristobal,17594632,8.250825082508251e-05,0,1,0.0,0.00016501650165016502,0.000112598494271797,0.0,0.0
4995,lvpro,5854781,8.250825082508251e-05,0,1,0.0,0.00016501650165016502,0.000112598494271797,0.0,0.0
4996,npodonnell,6617714,8.250825082508251e-05,0,1,0.0,0.00016501650165016502,0.000112598494271797,0.0,0.0
4997,M-Yankov,10440078,8.250825082508251e-05,0,1,0.0,0.00016501650165016502,0.000112598494271797,0.0,0.0
4998,chakrihacker,5210019,0.00024752475247524753,0,3,0.0,0.0004950495049504951,0.000112598494271797,0.0,0.0
4999,pitaj,803701,8.250825082508251e-05,0,1,0.0,0.00016501650165016502,0.000112598494271797,0.0,0.0
5000,jrmcdona,4327773,8.250825082508251e-05,0,1,0.0,0.14594667307427694,0.000112598494271797,0.0,0.0
5001,julianlam,923011,8.250825082508251e-05,0,1,0.0,0.00016501650165016502,0.000112598494271797,0.0,0.0
5002,coakleypa,6741259,8.250825082508251e-05,0,1,0.0,0.00016501650165016502,0.000112598494271797,0.0,0.0
5003,mekicha,12552500,8.250825082508251e-05,0,1,0.0,0.19276428341445143,0.000112598494271797,0.0,0.0
5004,alamin3000,8344365,8.250825082508251e-05,0,1,0.0,0.24131732033168335,0.000112598494271797,0.0,0.0
5005,urbinopescada,25552747,8.250825082508251e-05,0,1,0.0,0.00016501650165016502,0.000112598494271797,0.0,0.0
5006,davidobi023,29752507,8.250825082508251e-05,0,1,0.0,0.00016501650165016502,0.000112598494271797,0.0,0.0
5007,okonon,1832398,8.250825082508251e-05,0,1,0.0,0.14719235824674473,0.000112598494271797,0.0,0.0
5008,natejgardner,8813777,8.250825082508251e-05,0,1,0.0,0.00016501650165016502,0.000112598494271797,0.0,0.0
5009,DaveVoyles,1786053,8.250825082508251e-05,0,1,0.0,0.00016501650165016502,0.000112598494271797,0.0,0.0
5010,fizal619,2095881,8.250825082508251e-05,0,1,0.0,0.00016501650165016502,0.000112598494271797,0.0,0.0
5011,tramel-woodard,20341756,8.250825082508251e-05,0,1,0.0,0.00016501650165016502,0.000112598494271797,0.0,0.0
5012,Mrashes,16417115,8.250825082508251e-05,0,1,0.0,0.00016501650165016502,0.000112598494271797,0.0,0.0
5013,aPoCoMiLogin,493369,8.250825082508251e-05,0,1,0.0,0.00016501650165016502,0.000112598494271797,0.0,0.0
5014,awerlang,589286,8.250825082508251e-05,0,1,0.0,0.19060244098363516,0.000112598494271797,0.0,0.0
5015,newbienewbie,10741879,8.250825082508251e-05,0,1,0.0,0.00016501650165016502,0.000112598494271797,0.0,0.0
5016,Caoimhin89,12448754,8.250825082508251e-05,0,1,0.0,0.00016501650165016502,0.000112598494271797,0.0,0.0
5017,mcollina,52195,0.00016501650165016502,0,2,0.0,0.19487852399697803,0.000112598494271797,0.0,0.0
5018,DamianRutkiewicz,13300920,8.250825082508251e-05,0,1,0.0,0.00016501650165016502,0.000112598494271797,0.0,0.0
5019,ofrobots,79017,8.250825082508251e-05,0,1,0.0,0.00016501650165016502,0.000112598494271797,0.0,0.0
5020,apapirovski,20809,8.250825082508251e-05,0,1,0.0,0.00016501650165016502,0.000112598494271797,0.0,0.0
5021,cristophersfr,6041426,8.250825082508251e-05,0,1,0.0,0.00016501650165016502,0.000112598494271797,0.0,0.0
5022,stigok,952936,0.00024752475247524753,0,3,0.0,0.24136698943126794,0.000112598494271797,0.6666666666666666,0.0
5023,frank-dspeed,7239575,8.250825082508251e-05,0,1,0.0,0.00022002200220022002,0.000112598494271797,0.0,0.0
5024,mpareja,121724,8.250825082508251e-05,0,1,0.0,0.00016501650165016502,0.000112598494271797,0.0,0.0
5025,jakearchibald,93594,8.250825082508251e-05,0,1,0.0,0.24131732033168335,0.000112598494271797,0.0,0.0
5026,dotLou,2522036,8.250825082508251e-05,0,1,0.0,0.24131732033168335,0.000112598494271797,0.0,0.0
5027,RyotaSugawara,2640378,8.250825082508251e-05,0,1,0.0,0.24131732033168335,0.000112598494271797,0.0,0.0
5028,calebolin,181672,8.250825082508251e-05,0,1,0.0,0.24131732033168335,0.000112598494271797,0.0,0.0
5029,adamldoyle,86401,8.250825082508251e-05,0,1,0.0,0.24131732033168335,0.000112598494271797,0.0,0.0
5030,reeceaw,17890560,8.250825082508251e-05,0,1,0.0,0.00016501650165016502,0.000112598494271797,0.0,0.0
5031,frankis,8669589,8.250825082508251e-05,0,1,0.0,0.00016501650165016502,0.000112598494271797,0.0,0.0
5032,wurde,21303095,8.250825082508251e-05,0,1,0.0,0.00016501650165016502,0.000112598494271797,0.0,0.0
5033,coperator,7254523,8.250825082508251e-05,0,1,0.0,0.00016501650165016502,0.000112598494271797,0.0,0.0
5034,scriptjs,13335501,8.250825082508251e-05,0,1,0.0,0.00016501650165016502,0.000112598494271797,0.0,0.0
5035,gajus,973543,8.250825082508251e-05,0,1,0.0,0.00016501650165016502,0.000112598494271797,0.0,0.0
5036,nanodracula,7755205,8.250825082508251e-05,0,1,0.0,0.00016501650165016502,0.000112598494271797,0.0,0.0
5037,wilsonj19,26144033,8.250825082508251e-05,0,1,0.0,0.00016501650165016502,0.000112598494271797,0.0,0.0
5038,vkarpov15,1620265,0.00016501650165016502,0,2,0.0,0.24134215232595496,0.000112598494271797,1.0,0.0
5039,ciscoo,6423628,8.250825082508251e-05,0,1,0.0,0.24131732033168335,0.000112598494271797,0.0,0.0
5040,maliknauman,30614531,8.250825082508251e-05,0,1,0.0,0.00016501650165016502,0.000112598494271797,0.0,0.0
5041,FrancescoBorzi,75517,8.250825082508251e-05,0,1,0.0,0.00016501650165016502,0.000112598494271797,0.0,0.0
5042,JessieAMorris,272807,8.250825082508251e-05,0,1,0.0,0.19206969423500375,0.000112598494271797,0.0,0.0
5043,MJCD,5105009,8.250825082508251e-05,0,1,0.0,0.00016501650165016502,0.000112598494271797,0.0,0.0
5044,knnth,7233419,8.250825082508251e-05,0,1,0.0,0.00016501650165016502,0.000112598494271797,0.0,0.0
5045,coyotte508,342922,0.00016501650165016502,0,2,0.0,0.1359709569426419,0.000112598494271797,0.0,0.0
5046,drmnk,5626243,8.250825082508251e-05,0,1,0.0,0.00016501650165016502,0.000112598494271797,0.0,0.0
5047,pszabop,13407510,8.250825082508251e-05,0,1,0.0,0.00016501650165016502,0.000112598494271797,0.0,0.0
5048,crdrost,214484,8.250825082508251e-05,0,1,0.0,0.00016501650165016502,0.000112598494271797,0.0,0.0
5049,josechirivella,7969479,8.250825082508251e-05,0,1,0.0,0.00016501650165016502,0.000112598494271797,0.0,0.0
5050,johnantoni,15571,0.00016501650165016502,0,2,0.0,0.19279597503523474,0.000112598494271797,0.0,0.0
5051,Pasupathi-Rajamanickam,12167873,8.250825082508251e-05,0,1,0.0,0.00016501650165016502,0.000112598494271797,0.0,0.0
5052,Chopinsky,5376280,0.00024752475247524753,0,3,0.0,0.0005280528052805281,0.000112598494271797,0.0,0.0
5053,rjmunro,108641,8.250825082508251e-05,0,1,0.0,0.12150251444353885,0.000112598494271797,0.0,0.0
5054,chanlito,15667259,8.250825082508251e-05,0,1,0.0,0.00016501650165016502,0.000112598494271797,0.0,0.0
5055,mikinho,581677,8.250825082508251e-05,0,1,0.0,0.19276428341445143,0.000112598494271797,0.0,0.0
5056,elevenpassin,5159834,8.250825082508251e-05,0,1,0.0,0.00016501650165016502,0.000112598494271797,0.0,0.0
5057,jblossomweb,3452236,8.250825082508251e-05,0,1,0.0,0.00016501650165016502,0.000112598494271797,0.0,0.0
5058,priidikvaikla,151228,8.250825082508251e-05,0,1,0.0,0.00016501650165016502,0.000112598494271797,0.0,0.0
5059,fabioel,9824235,8.250825082508251e-05,0,1,0.0,0.00016501650165016502,0.000112598494271797,0.0,0.0
5060,kodelio,9209206,8.250825082508251e-05,0,1,0.0,0.00016501650165016502,0.000112598494271797,0.0,0.0
5061,osenvosem,6762673,8.250825082508251e-05,0,1,0.0,0.00016501650165016502,0.000112598494271797,0.0,0.0
5062,gntem,34216291,8.250825082508251e-05,0,1,0.0,0.00016501650165016502,0.000112598494271797,0.0,0.0
5063,micksatana,1315909,8.250825082508251e-05,0,1,0.0,0.00016501650165016502,0.000112598494271797,0.0,0.0
5064,DeathlyPlays,20971990,8.250825082508251e-05,0,1,0.0,0.00016501650165016502,0.000112598494271797,0.0,0.0
5065,ristinolla,5088593,8.250825082508251e-05,0,1,0.0,0.00016501650165016502,0.000112598494271797,0.0,0.0
5066,imfeng,6904546,8.250825082508251e-05,0,1,0.0,0.00016501650165016502,0.000112598494271797,0.0,0.0
5067,abhishek-mane,15999932,8.250825082508251e-05,0,1,0.0,0.00016501650165016502,0.000112598494271797,0.0,0.0
5068,KhaledSamir,4302544,8.250825082508251e-05,0,1,0.0,0.00016501650165016502,0.000112598494271797,0.0,0.0
5069,ismailarilik,17585121,8.250825082508251e-05,0,1,0.0,0.19060244098363516,0.000112598494271797,0.0,0.0
5070,dfhdfhdfhkovirolik,34753515,8.250825082508251e-05,0,1,0.0,0.00016501650165016502,0.000112598494271797,0.0,0.0
5071,Talkense,13715408,8.250825082508251e-05,0,1,0.0,0.00016501650165016502,0.000112598494271797,0.0,0.0
5072,saulmmendoza,16737654,8.250825082508251e-05,0,1,0.0,0.00016501650165016502,0.000112598494271797,0.0,0.0
5073,jfoclpf,3984909,8.250825082508251e-05,0,1,0.0,0.00016501650165016502,0.000112598494271797,0.0,0.0
5074,dimascrocco,993641,8.250825082508251e-05,0,1,0.0,0.00016501650165016502,0.000112598494271797,0.0,0.0
5075,graphicbeacon,2960965,0.00033003300330033004,0,4,0.0,0.1928593895488554,0.000112598494271797,0.0,0.0
5076,nohaso,35222539,8.250825082508251e-05,0,1,0.0,0.00016501650165016502,0.000112598494271797,0.0,0.0
5077,ramhejazi,22578627,8.250825082508251e-05,0,1,0.0,0.00016501650165016502,0.000112598494271797,0.0,0.0
5078,jbielick,1413330,8.250825082508251e-05,0,1,0.0,0.00016501650165016502,0.000112598494271797,0.0,0.0
5079,hansanghoon,3644666,8.250825082508251e-05,0,1,0.0,0.00022002200220022002,0.000112598494271797,0.0,0.0
5080,Milad,94392,8.250825082508251e-05,0,1,0.0,0.00016501650165016502,0.000112598494271797,0.0,0.0
5081,nise,1371330,8.250825082508251e-05,0,1,0.0,0.00016501650165016502,0.000112598494271797,0.0,0.0
5082,dsingleton,63201,8.250825082508251e-05,0,1,0.0,0.00016501650165016502,0.000112598494271797,0.0,0.0
5083,outsideris,390146,0.00024752475247524753,0,3,0.0,0.0004950495049504951,0.000112598494271797,0.0,0.0
5084,abhiche,5969234,8.250825082508251e-05,0,1,0.0,0.00016501650165016502,0.000112598494271797,0.0,0.0
5085,alissonbovenzo,2468539,8.250825082508251e-05,0,1,0.0,0.00016501650165016502,0.000112598494271797,0.0,0.0
5086,drew-r,3891910,8.250825082508251e-05,0,1,0.0,0.00016501650165016502,0.000112598494271797,0.0,0.0
5087,mahsabehbahani,22054768,8.250825082508251e-05,0,1,0.0,0.00016501650165016502,0.000112598494271797,0.0,0.0
5088,dfejgelis,370993,8.250825082508251e-05,0,1,0.0,0.00016501650165016502,0.000112598494271797,0.0,0.0
5089,01binary,19985964,8.250825082508251e-05,0,1,0.0,0.00016501650165016502,0.000112598494271797,0.0,0.0
5090,mahsa-pb,36206037,8.250825082508251e-05,0,1,0.0,0.00016501650165016502,0.000112598494271797,0.0,0.0
5091,sambgordon,20365344,8.250825082508251e-05,0,1,0.0,0.00016501650165016502,0.000112598494271797,0.0,0.0
5092,sosoba,2843525,8.250825082508251e-05,0,1,0.0,0.00016501650165016502,0.000112598494271797,0.0,0.0
5093,mansona,594890,8.250825082508251e-05,0,1,0.0,0.24131732033168335,0.000112598494271797,0.0,0.0
5094,igor-savin-ht,33480219,0.00024752475247524753,0,3,0.0,0.24136698943126794,0.000112598494271797,0.6666666666666666,0.0
5095,peteretelej,2271973,8.250825082508251e-05,0,1,0.0,0.00016501650165016502,0.000112598494271797,0.0,0.0
5096,iwko,10291060,0.00033003300330033004,0,4,0.0,0.0006875687568756876,0.000112598494271797,0.16666666666666666,0.0
5097,Starystars67,15389482,8.250825082508251e-05,0,1,0.0,0.00016501650165016502,0.000112598494271797,0.0,0.0
5098,joshuakcockrell,8979400,8.250825082508251e-05,0,1,0.0,0.00016501650165016502,0.000112598494271797,0.0,0.0
5099,firminochangani,1679333,8.250825082508251e-05,0,1,0.0,0.00016501650165016502,0.000112598494271797,0.0,0.0
5100,TheCrabity,22338421,8.250825082508251e-05,0,1,0.0,0.00016501650165016502,0.000112598494271797,0.0,0.0
5101,daniele-orlando,504386,8.250825082508251e-05,0,1,0.0,0.00016501650165016502,0.000112598494271797,0.0,0.0
5102,dmwelch,961773,8.250825082508251e-05,0,1,0.0,0.24131732033168335,0.000112598494271797,0.0,0.0
5103,paulrad,213146,8.250825082508251e-05,0,1,0.0,0.19060244098363516,0.000112598494271797,0.0,0.0
5104,brandon1024,22732449,8.250825082508251e-05,0,1,0.0,0.00016501650165016502,0.000112598494271797,0.0,0.0
5105,AdiBev,36951985,8.250825082508251e-05,0,1,0.0,0.00016501650165016502,0.000112598494271797,0.0,0.0
5106,vitoravale,4126824,8.250825082508251e-05,0,1,0.0,0.00016501650165016502,0.000112598494271797,0.0,0.0
5107,VAggrippino,195491,8.250825082508251e-05,0,1,0.0,0.12150251444353885,0.000112598494271797,0.0,0.0
5108,chances,635049,8.250825082508251e-05,0,1,0.0,0.000297029702970297,0.000112598494271797,0.0,0.0
5109,stuartsimpson,10721178,8.250825082508251e-05,0,1,0.0,0.17389805266579897,0.000112598494271797,0.0,0.0
5110,dsinecos,24248411,8.250825082508251e-05,0,1,0.0,0.00016501650165016502,0.000112598494271797,0.0,0.0
5111,rhlabsuk,4499929,8.250825082508251e-05,0,1,0.0,0.00016501650165016502,0.000112598494271797,0.0,0.0
5112,atdiff,16138266,0.00016501650165016502,0,2,0.0,0.00033003300330033004,0.000112598494271797,0.0,0.0
5113,wonjerry,22409377,8.250825082508251e-05,0,1,0.0,0.00016501650165016502,0.000112598494271797,0.0,0.0
5114,chang20159,16284659,8.250825082508251e-05,0,1,0.0,0.00016501650165016502,0.000112598494271797,0.0,0.0
5115,yachaka,8074336,8.250825082508251e-05,0,1,0.0,0.00016501650165016502,0.000112598494271797,0.0,0.0
5116,Turi02,3098069,8.250825082508251e-05,0,1,0.0,0.00016501650165016502,0.000112598494271797,0.0,0.0
5117,parveshh,18679424,8.250825082508251e-05,0,1,0.0,0.00016501650165016502,0.000112598494271797,0.0,0.0
5118,lviggiani,139040,8.250825082508251e-05,0,1,0.0,0.00016501650165016502,0.000112598494271797,0.0,0.0
5119,sivaraam,12448084,8.250825082508251e-05,0,1,0.0,0.00016501650165016502,0.000112598494271797,0.0,0.0
5120,fredski02,13460819,0.00016501650165016502,0,2,0.0,0.00033003300330033004,0.000112598494271797,0.0,0.0
5121,Adverbly,2197957,8.250825082508251e-05,0,1,0.0,0.00016501650165016502,0.000112598494271797,0.0,0.0
5122,mike-aungsan,2186809,8.250825082508251e-05,0,1,0.0,0.00016501650165016502,0.000112598494271797,0.0,0.0
5123,Waog,5098472,8.250825082508251e-05,0,1,0.0,0.00016501650165016502,0.000112598494271797,0.0,0.0
5124,shirshendubhowmick,12836504,8.250825082508251e-05,0,1,0.0,0.00016501650165016502,0.000112598494271797,0.0,0.0
5125,aschlesi,39087056,8.250825082508251e-05,0,1,0.0,0.00016501650165016502,0.000112598494271797,0.0,0.0
5126,emanueleliardo,24605852,8.250825082508251e-05,0,1,0.0,0.00016501650165016502,0.000112598494271797,0.0,0.0
5127,therealteekm,16947745,8.250825082508251e-05,0,1,0.0,0.00016501650165016502,0.000112598494271797,0.0,0.0
5128,ktrzeciaknubisa,5946844,8.250825082508251e-05,0,1,0.0,0.00016501650165016502,0.000112598494271797,0.0,0.0
5129,thealjey,2216553,8.250825082508251e-05,0,1,0.0,0.00016501650165016502,0.000112598494271797,0.0,0.0
5130,nicowernli,2279893,8.250825082508251e-05,0,1,0.0,0.00016501650165016502,0.000112598494271797,0.0,0.0
5131,gkamperis,18055519,8.250825082508251e-05,0,1,0.0,0.00016501650165016502,0.000112598494271797,0.0,0.0
5132,silverwind,115237,0.00016501650165016502,0,2,0.0,0.19210115785925386,0.000112598494271797,0.0,0.0
5133,qmnl,16321843,8.250825082508251e-05,0,1,0.0,0.00016501650165016502,0.000112598494271797,0.0,0.0
5134,antsmartian,1241511,8.250825082508251e-05,0,1,0.0,0.1813471767032885,0.000112598494271797,0.0,0.0
5135,hosseinGanjyar,16970989,8.250825082508251e-05,0,1,0.0,0.00016501650165016502,0.000112598494271797,0.0,0.0
5136,digitalpacman,705879,8.250825082508251e-05,0,1,0.0,0.00016501650165016502,0.000112598494271797,0.0,0.0
5137,pixcai,11440779,8.250825082508251e-05,0,1,0.0,0.00016501650165016502,0.000112598494271797,0.0,0.0
5138,jamesoflol,12193871,8.250825082508251e-05,0,1,0.0,0.1214962202809589,0.000112598494271797,0.0,0.0
5139,TbreezyF,39420044,8.250825082508251e-05,0,1,0.0,0.19276428341445143,0.000112598494271797,0.0,0.0
5140,PoppyPham,7682889,8.250825082508251e-05,0,1,0.0,0.00016501650165016502,0.000112598494271797,0.0,0.0
5141,cleaverlove,19790546,8.250825082508251e-05,0,1,0.0,0.00016501650165016502,0.000112598494271797,0.0,0.0
5142,jonasmodie,30435587,8.250825082508251e-05,0,1,0.0,0.00016501650165016502,0.000112598494271797,0.0,0.0
5143,furyohei,25011866,8.250825082508251e-05,0,1,0.0,0.00016501650165016502,0.000112598494271797,0.0,0.0
5144,bhawesh96,17593065,8.250825082508251e-05,0,1,0.0,0.00016501650165016502,0.000112598494271797,0.0,0.0
5145,angelobms,2703087,8.250825082508251e-05,0,1,0.0,0.00016501650165016502,0.000112598494271797,0.0,0.0
5146,GenericJam,5807145,8.250825082508251e-05,0,1,0.0,0.00016501650165016502,0.000112598494271797,0.0,0.0
5147,David2913,18702483,8.250825082508251e-05,0,1,0.0,0.00016501650165016502,0.000112598494271797,0.0,0.0
5148,daliadefelipee,26176632,8.250825082508251e-05,0,1,0.0,0.00016501650165016502,0.000112598494271797,0.0,0.0
5149,bertho-zero,8525267,8.250825082508251e-05,0,1,0.0,0.00016501650165016502,0.000112598494271797,0.0,0.0
5150,XVincentX,1416224,8.250825082508251e-05,0,1,0.0,0.1813471767032885,0.000112598494271797,0.0,0.0
5151,amio,215282,8.250825082508251e-05,0,1,0.0,0.00016501650165016502,0.000112598494271797,0.0,0.0
5152,fendy3002,5449185,8.250825082508251e-05,0,1,0.0,0.00016501650165016502,0.000112598494271797,0.0,0.0
5153,bradbforbes,1229673,8.250825082508251e-05,0,1,0.0,0.00016501650165016502,0.000112598494271797,0.0,0.0
5154,edevil,12426,8.250825082508251e-05,0,1,0.0,0.00022002200220022002,0.000112598494271797,0.0,0.0
5155,affanshahid,17955210,8.250825082508251e-05,0,1,0.0,0.19206969423500375,0.000112598494271797,0.0,0.0
5156,moar55,12253294,8.250825082508251e-05,0,1,0.0,0.00016501650165016502,0.000112598494271797,0.0,0.0
5157,trivikr,16024985,0.00016501650165016502,0,2,0.0,0.17396254534220668,0.000112598494271797,0.0,0.0
5158,xargr,5754929,8.250825082508251e-05,0,1,0.0,0.00016501650165016502,0.000112598494271797,0.0,0.0
5159,anodynos,856453,8.250825082508251e-05,0,1,0.0,0.00016501650165016502,0.000112598494271797,0.0,0.0
5160,mintunitish,12434080,8.250825082508251e-05,0,1,0.0,0.00016501650165016502,0.000112598494271797,0.0,0.0
5161,Nothasm,20008785,8.250825082508251e-05,0,1,0.0,0.00016501650165016502,0.000112598494271797,0.0,0.0
5162,mathieutu,11351322,8.250825082508251e-05,0,1,0.0,0.00016501650165016502,0.000112598494271797,0.0,0.0
5163,joshdenz,5851874,8.250825082508251e-05,0,1,0.0,0.00016501650165016502,0.000112598494271797,0.0,0.0
5164,mandaputtra,23342943,8.250825082508251e-05,0,1,0.0,0.00016501650165016502,0.000112598494271797,0.0,0.0
5165,anubhavsa,43915224,8.250825082508251e-05,0,1,0.0,0.00016501650165016502,0.000112598494271797,0.0,0.0
5166,marcospgp,3464445,8.250825082508251e-05,0,1,0.0,0.00016501650165016502,0.000112598494271797,0.0,0.0
5167,hb-iltisberger,42639775,8.250825082508251e-05,0,1,0.0,0.00016501650165016502,0.000112598494271797,0.0,0.0
5168,o-t-w,29547922,0.00016501650165016502,0,2,0.0,0.24136698943126794,0.000112598494271797,1.0,0.0
5169,jaison10,36099608,8.250825082508251e-05,0,1,0.0,0.00016501650165016502,0.000112598494271797,0.0,0.0
5170,Abourass,39917231,0.00024752475247524753,0,3,0.0,0.0004950495049504951,0.000112598494271797,0.3333333333333333,0.0
5171,kunjan343,8202667,8.250825082508251e-05,0,1,0.0,0.00016501650165016502,0.000112598494271797,0.0,0.0
5172,xettri,31788510,8.250825082508251e-05,0,1,0.0,0.00016501650165016502,0.000112598494271797,0.0,0.0
5173,ianmetcalf,241551,8.250825082508251e-05,0,1,0.0,0.00016501650165016502,0.000112598494271797,0.0,0.0
5174,lpinca,1443911,8.250825082508251e-05,0,1,0.0,0.24131732033168335,0.000112598494271797,0.0,0.0
5175,veltman,2120446,8.250825082508251e-05,0,1,0.0,0.24131732033168335,0.000112598494271797,0.0,0.0
5176,wahengchang,5538753,8.250825082508251e-05,0,1,0.0,0.00016501650165016502,0.000112598494271797,0.0,0.0
5177,DRoet,7842510,0.00033003300330033004,0,4,0.0,0.24141667898133098,0.000112598494271797,0.3333333333333333,0.0
5178,r0mflip,37770235,0.0009900990099009901,0,12,0.0,0.002276089677933311,0.000112598494271797,0.0,0.0
5179,glepsky,44976389,8.250825082508251e-05,0,1,0.0,0.00022002200220022002,0.000112598494271797,0.0,0.0
5180,Dill1,14108378,8.250825082508251e-05,0,1,0.0,0.00016501650165016502,0.000112598494271797,0.0,0.0
5181,surendra-y,21122425,8.250825082508251e-05,0,1,0.0,0.00016501650165016502,0.000112598494271797,0.0,0.0
5182,akankshagaur,2843786,8.250825082508251e-05,0,1,0.0,0.00016501650165016502,0.000112598494271797,0.0,0.0
5183,lirantal,316371,0.00024752475247524753,0,3,0.0,0.24228956986607753,0.000112598494271797,0.6666666666666666,0.0
5184,krzysdz,12915102,0.01864686468646865,0,226,0.0,0.24007761501196287,0.000112598494271797,0.005939036381514258,0.0
5185,natusaspire,22131396,8.250825082508251e-05,0,1,0.0,0.00016501650165016502,0.000112598494271797,0.0,0.0
5186,beyondszine,2175509,8.250825082508251e-05,0,1,0.0,0.00016501650165016502,0.000112598494271797,0.0,0.0
5187,almgwary,7817756,8.250825082508251e-05,0,1,0.0,0.00016501650165016502,0.000112598494271797,0.0,0.0
5188,develax,13222593,8.250825082508251e-05,0,1,0.0,0.00016501650165016502,0.000112598494271797,0.0,0.0
5189,aapoalas,19621382,8.250825082508251e-05,0,1,0.0,0.00022002200220022002,0.000112598494271797,0.0,0.0
5190,individual11,612598,8.250825082508251e-05,0,1,0.0,0.00016501650165016502,0.000112598494271797,0.0,0.0
5191,cujarrett,16245634,8.250825082508251e-05,0,1,0.0,0.000297029702970297,0.000112598494271797,0.0,0.0
5192,Helman123,35058171,8.250825082508251e-05,0,1,0.0,0.00016501650165016502,0.000112598494271797,0.0,0.0
5193,dhananjay1405,43024754,8.250825082508251e-05,0,1,0.0,0.00016501650165016502,0.000112598494271797,0.0,0.0
5194,Xisabla,28351840,8.250825082508251e-05,0,1,0.0,0.00016501650165016502,0.000112598494271797,0.0,0.0
5195,AndyOGo,914443,8.250825082508251e-05,0,1,0.0,0.000297029702970297,0.000112598494271797,0.0,0.0
5196,StuAtGit,9757762,8.250825082508251e-05,0,1,0.0,0.00016501650165016502,0.000112598494271797,0.0,0.0
5197,mhmeadows63,6982471,8.250825082508251e-05,0,1,0.0,0.00016501650165016502,0.000112598494271797,0.0,0.0
5198,iwaduarte,24816534,8.250825082508251e-05,0,1,0.0,0.1776117407272723,0.000112598494271797,0.0,0.0
5199,hilaryhacksel,4672202,8.250825082508251e-05,0,1,0.0,0.00016501650165016502,0.000112598494271797,0.0,0.0
5200,asbjornu,12283,0.00016501650165016502,0,2,0.0,0.0003712871287128713,0.000112598494271797,0.0,0.0
5201,deevendhu,10049799,8.250825082508251e-05,0,1,0.0,0.00016501650165016502,0.000112598494271797,0.0,0.0
5202,koteisaev,3541575,8.250825082508251e-05,0,1,0.0,0.1992831197471009,0.000112598494271797,0.0,0.0
5203,alexander-akait,4567934,0.00016501650165016502,0,2,0.0,0.24134215232595496,0.000112598494271797,1.0,0.0
5204,Bharatbisht,47878907,8.250825082508251e-05,0,1,0.0,0.00022002200220022002,0.000112598494271797,0.0,0.0
5205,callumok2004,35779365,8.250825082508251e-05,0,1,0.0,0.00016501650165016502,0.000112598494271797,0.0,0.0
5206,freenerd,25713,8.250825082508251e-05,0,1,0.0,0.00016501650165016502,0.000112598494271797,0.0,0.0
5207,remotevision,338559,8.250825082508251e-05,0,1,0.0,0.19060244098363516,0.000112598494271797,0.0,0.0
5208,SetTrend,9283914,8.250825082508251e-05,0,1,0.0,0.00016501650165016502,0.000112598494271797,0.0,0.0
5209,RamirezAlex,1482473,8.250825082508251e-05,0,1,0.0,0.00022002200220022002,0.000112598494271797,0.0,0.0
5210,webdevian,5087745,8.250825082508251e-05,0,1,0.0,0.00016501650165016502,0.000112598494271797,0.0,0.0
5211,ElianCordoba,34920585,8.250825082508251e-05,0,1,0.0,0.00022002200220022002,0.000112598494271797,0.0,0.0
5212,thomasboyt,579628,8.250825082508251e-05,0,1,0.0,0.00016501650165016502,0.000112598494271797,0.0,0.0
5213,douglasbarbosadelima,47612620,8.250825082508251e-05,0,1,0.0,0.00016501650165016502,0.000112598494271797,0.0,0.0
5214,20matan,10909504,8.250825082508251e-05,0,1,0.0,0.00016501650165016502,0.000112598494271797,0.0,0.0
5215,zackfalcon,29895484,8.250825082508251e-05,0,1,0.0,0.00022002200220022002,0.000112598494271797,0.0,0.0
5216,stoplion,231343,8.250825082508251e-05,0,1,0.0,0.00016501650165016502,0.000112598494271797,0.0,0.0
5217,polomoshnov,1019132,8.250825082508251e-05,0,1,0.0,0.00016501650165016502,0.000112598494271797,0.0,0.0
5218,pszafer,690510,8.250825082508251e-05,0,1,0.0,0.00016501650165016502,0.000112598494271797,0.0,0.0
5219,jleclanche,235410,8.250825082508251e-05,0,1,0.0,0.00016501650165016502,0.000112598494271797,0.0,0.0
5220,AaronKowall,13787936,8.250825082508251e-05,0,1,0.0,0.00016501650165016502,0.000112598494271797,0.0,0.0
5221,72lions,520279,8.250825082508251e-05,0,1,0.0,0.24131732033168335,0.000112598494271797,0.0,0.0
5222,TravColbert,20913692,8.250825082508251e-05,0,1,0.0,0.00016501650165016502,0.000112598494271797,0.0,0.0
5223,schneems,59744,8.250825082508251e-05,0,1,0.0,0.00016501650165016502,0.000112598494271797,0.0,0.0
5224,jiangwei1995,9276313,8.250825082508251e-05,0,1,0.0,0.00016501650165016502,0.000112598494271797,0.0,0.0
5225,rvolgers,14318781,8.250825082508251e-05,0,1,0.0,0.00016501650165016502,0.000112598494271797,0.0,0.0
5226,kevinrambaud,7501477,8.250825082508251e-05,0,1,0.0,0.00022002200220022002,0.000112598494271797,0.0,0.0
5227,Grantlyk,3958482,8.250825082508251e-05,0,1,0.0,0.00016501650165016502,0.000112598494271797,0.0,0.0
5228,Caprico1,24262012,8.250825082508251e-05,0,1,0.0,0.00016501650165016502,0.000112598494271797,0.0,0.0
5229,cabbiepete,106585,8.250825082508251e-05,0,1,0.0,0.00022002200220022002,0.000112598494271797,0.0,0.0
5230,XOR-LIFE,48298063,8.250825082508251e-05,0,1,0.0,0.00022002200220022002,0.000112598494271797,0.0,0.0
5231,m1o1,34455143,8.250825082508251e-05,0,1,0.0,0.00022002200220022002,0.000112598494271797,0.0,0.0
5232,shivasurya,6303227,8.250825082508251e-05,0,1,0.0,0.00022002200220022002,0.000112598494271797,0.0,0.0
5233,Malvoz,26493779,8.250825082508251e-05,0,1,0.0,0.00016501650165016502,0.000112598494271797,0.0,0.0
5234,SampsonCrowley,22461638,0.00016501650165016502,0,2,0.0,0.0003712871287128713,0.000112598494271797,0.0,0.0
5235,waldemarnt,5835706,0.00016501650165016502,0,2,0.0,0.00033003300330033004,0.000112598494271797,0.0,0.0
5236,ponkys,7605319,8.250825082508251e-05,0,1,0.0,0.00016501650165016502,0.000112598494271797,0.0,0.0
5237,oshihirii,5090307,8.250825082508251e-05,0,1,0.0,0.00016501650165016502,0.000112598494271797,0.0,0.0
5238,dataf3l,3528304,8.250825082508251e-05,0,1,0.0,0.00016501650165016502,0.000112598494271797,0.0,0.0
5239,snawaz,1185906,8.250825082508251e-05,0,1,0.0,0.00022002200220022002,0.000112598494271797,0.0,0.0
5240,Jazy1618,31145406,8.250825082508251e-05,0,1,0.0,0.00016501650165016502,0.000112598494271797,0.0,0.0
5241,Pymossy,5729248,8.250825082508251e-05,0,1,0.0,0.00016501650165016502,0.000112598494271797,0.0,0.0
5242,Emuentes,690808,0.00033003300330033004,0,4,0.0,0.0006600660066006601,0.000112598494271797,0.0,0.0
5243,romellem,8504000,8.250825082508251e-05,0,1,0.0,0.18692620039082095,0.000112598494271797,0.0,0.0
5244,gabsoftware,1510039,8.250825082508251e-05,0,1,0.0,0.00016501650165016502,0.000112598494271797,0.0,0.0
5245,devsumanmdn,32534370,8.250825082508251e-05,0,1,0.0,0.00022002200220022002,0.000112598494271797,0.0,0.0
5246,achillesoo7,29438610,0.00024752475247524753,0,3,0.0,0.0004950495049504951,0.000112598494271797,0.0,0.0
5247,ZJONSSON,1082488,8.250825082508251e-05,0,1,0.0,0.00016501650165016502,0.000112598494271797,0.0,0.0
5248,sanji-programmer,52597144,8.250825082508251e-05,0,1,0.0,0.00016501650165016502,0.000112598494271797,0.0,0.0
5249,srkyaganti,16801739,8.250825082508251e-05,0,1,0.0,0.00016501650165016502,0.000112598494271797,0.0,0.0
5250,xerosanyam,3167278,8.250825082508251e-05,0,1,0.0,0.00016501650165016502,0.000112598494271797,0.0,0.0
5251,lewispham,7781091,8.250825082508251e-05,0,1,0.0,0.00016501650165016502,0.000112598494271797,0.0,0.0
5252,PeaceRebel,22352237,8.250825082508251e-05,0,1,0.0,0.00016501650165016502,0.000112598494271797,0.0,0.0
5253,ParkerOu,25717144,8.250825082508251e-05,0,1,0.0,0.00016501650165016502,0.000112598494271797,0.0,0.0
5254,pradyumnad,894746,8.250825082508251e-05,0,1,0.0,0.00016501650165016502,0.000112598494271797,0.0,0.0
5255,StarpTech,1764424,8.250825082508251e-05,0,1,0.0,0.24131732033168335,0.000112598494271797,0.0,0.0
5256,evisong,651208,8.250825082508251e-05,0,1,0.0,0.00016501650165016502,0.000112598494271797,0.0,0.0
5257,dondre,3220370,8.250825082508251e-05,0,1,0.0,0.00016501650165016502,0.000112598494271797,0.0,0.0
5258,luokuning,12708534,8.250825082508251e-05,0,1,0.0,0.00016501650165016502,0.000112598494271797,0.0,0.0
5259,krzkaczor,1814312,8.250825082508251e-05,0,1,0.0,0.00016501650165016502,0.000112598494271797,0.0,0.0
5260,kristian,247497,8.250825082508251e-05,0,1,0.0,0.00016501650165016502,0.000112598494271797,0.0,0.0
5261,sampathBlam,17728976,0.00024752475247524753,0,3,0.0,0.0004950495049504951,0.000112598494271797,0.0,0.0
5262,NaveenDA,20555082,8.250825082508251e-05,0,1,0.0,0.00016501650165016502,0.000112598494271797,0.0,0.0
5263,haykam821,24855774,8.250825082508251e-05,0,1,0.0,0.00016501650165016502,0.000112598494271797,0.0,0.0
5264,dre4success,26462670,8.250825082508251e-05,0,1,0.0,0.00016501650165016502,0.000112598494271797,0.0,0.0
5265,GuskiS,3505777,8.250825082508251e-05,0,1,0.0,0.00016501650165016502,0.000112598494271797,0.0,0.0
5266,NickEvansDev,19759929,8.250825082508251e-05,0,1,0.0,0.00016501650165016502,0.000112598494271797,0.0,0.0
5267,mom3d,26845052,0.00016501650165016502,0,2,0.0,0.00033003300330033004,0.000112598494271797,0.0,0.0
5268,Klutch27,49660740,8.250825082508251e-05,0,1,0.0,0.00016501650165016502,0.000112598494271797,0.0,0.0
5269,jondb,2106654,8.250825082508251e-05,0,1,0.0,0.00016501650165016502,0.000112598494271797,0.0,0.0
5270,AhmadIbrahiim,17949497,0.00016501650165016502,0,2,0.0,0.0003712871287128713,0.000112598494271797,0.0,0.0
5271,Doc999tor,7486679,8.250825082508251e-05,0,1,0.0,0.00016501650165016502,0.000112598494271797,0.0,0.0
5272,mattdeluco,2262420,8.250825082508251e-05,0,1,0.0,0.00016501650165016502,0.000112598494271797,0.0,0.0
5273,salesh,3098030,8.250825082508251e-05,0,1,0.0,0.00016501650165016502,0.000112598494271797,0.0,0.0
5274,juanpicado,558752,8.250825082508251e-05,0,1,0.0,0.00016501650165016502,0.000112598494271797,0.0,0.0
5275,nileshmean,49154304,8.250825082508251e-05,0,1,0.0,0.00016501650165016502,0.000112598494271797,0.0,0.0
5276,abernier,76580,8.250825082508251e-05,0,1,0.0,0.00016501650165016502,0.000112598494271797,0.0,0.0
5277,kiily,22813414,8.250825082508251e-05,0,1,0.0,0.00022002200220022002,0.000112598494271797,0.0,0.0
5278,mattsre,28321156,8.250825082508251e-05,0,1,0.0,0.000703491401771756,0.000112598494271797,0.0,0.0
5279,liuxiucai,1535466,8.250825082508251e-05,0,1,0.0,0.00016501650165016502,0.000112598494271797,0.0,0.0
5280,tilleps,1414709,8.250825082508251e-05,0,1,0.0,0.00016501650165016502,0.000112598494271797,0.0,0.0
5281,luki1412,20016096,8.250825082508251e-05,0,1,0.0,0.00022002200220022002,0.000112598494271797,0.0,0.0
5282,petetnt,7641760,8.250825082508251e-05,0,1,0.0,0.00022002200220022002,0.000112598494271797,0.0,0.0
5283,Uzlopak,5059100,8.250825082508251e-05,0,1,0.0,0.00016501650165016502,0.000112598494271797,0.0,0.0
5284,martixy,8262590,8.250825082508251e-05,0,1,0.0,0.00022002200220022002,0.000112598494271797,0.0,0.0
5285,abrahamcuenca,1010661,0.00024752475247524753,0,3,0.0,0.20292118327596734,0.000112598494271797,0.3333333333333333,0.0
5286,abhinavsingi,2340324,8.250825082508251e-05,0,1,0.0,0.00022002200220022002,0.000112598494271797,0.0,0.0
5287,hingermayank,6342096,8.250825082508251e-05,0,1,0.0,0.00016501650165016502,0.000112598494271797,0.0,0.0
5288,vasilionjea,1556905,8.250825082508251e-05,0,1,0.0,0.00016501650165016502,0.000112598494271797,0.0,0.0
5289,dbauszus-glx,22201617,0.00016501650165016502,0,2,0.0,0.00033003300330033004,0.000112598494271797,0.0,0.0
5290,HiEdson,53542476,8.250825082508251e-05,0,1,0.0,0.00016501650165016502,0.000112598494271797,0.0,0.0
5291,JakeChampion,1569131,8.250825082508251e-05,0,1,0.0,0.00016501650165016502,0.000112598494271797,0.0,0.0
5292,Tzahile,13683050,8.250825082508251e-05,0,1,0.0,0.00022002200220022002,0.000112598494271797,0.0,0.0
5293,sidvishnoi,8426945,8.250825082508251e-05,0,1,0.0,0.00016501650165016502,0.000112598494271797,0.0,0.0
5294,Yu02,60689945,8.250825082508251e-05,0,1,0.0,0.00016501650165016502,0.000112598494271797,0.0,0.0
5295,alex-nishikawa,3360238,8.250825082508251e-05,0,1,0.0,0.00016501650165016502,0.000112598494271797,0.0,0.0
5296,patwhite,5015863,8.250825082508251e-05,0,1,0.0,0.00022002200220022002,0.000112598494271797,0.0,0.0
5297,ChinKX,40538074,8.250825082508251e-05,0,1,0.0,0.00016501650165016502,0.000112598494271797,0.0,0.0
5298,marlenunez,1743276,8.250825082508251e-05,0,1,0.0,0.00016501650165016502,0.000112598494271797,0.0,0.0
5299,diegogsann,20740947,8.250825082508251e-05,0,1,0.0,0.00016501650165016502,0.000112598494271797,0.0,0.0
5300,vdeturckheim,7135896,0.00016501650165016502,0,2,0.0,0.00033003300330033004,0.000112598494271797,0.0,0.0
5301,anlexN,8686739,0.0005775577557755776,0,7,0.0,0.25501392152915414,0.000112598494271797,0.14285714285714285,0.0
5302,sarthak0906,31705022,0.00016501650165016502,0,2,0.0,0.19487852399697803,0.000112598494271797,0.0,0.0
5303,HelmerBarcos,33654444,8.250825082508251e-05,0,1,0.0,0.00022002200220022002,0.000112598494271797,0.0,0.0
5304,ladjzero,4110311,8.250825082508251e-05,0,1,0.0,0.00016501650165016502,0.000112598494271797,0.0,0.0
5305,RandomByte,1589939,8.250825082508251e-05,0,1,0.0,0.00016501650165016502,0.000112598494271797,0.0,0.0
5306,danieljee,20678168,8.250825082508251e-05,0,1,0.0,0.00016501650165016502,0.000112598494271797,0.0,0.0
5307,codingthat,26723818,8.250825082508251e-05,0,1,0.0,0.00016501650165016502,0.000112598494271797,0.0,0.0
5308,brianwarner,1923110,8.250825082508251e-05,0,1,0.0,0.2028685266243085,0.000112598494271797,0.0,0.0
5309,karlismelderis,10437260,8.250825082508251e-05,0,1,0.0,0.1538447383603562,0.000112598494271797,0.0,0.0
5310,sdavids,201931,0.00016501650165016502,0,2,0.0,0.0003712871287128713,0.000112598494271797,0.0,0.0
5311,ashubham,6115911,8.250825082508251e-05,0,1,0.0,0.00016501650165016502,0.000112598494271797,0.0,0.0
5312,borm,4027842,8.250825082508251e-05,0,1,0.0,0.00022002200220022002,0.000112598494271797,0.0,0.0
5313,dsacramone,6692809,8.250825082508251e-05,0,1,0.0,0.00016501650165016502,0.000112598494271797,0.0,0.0
5314,nvinayvarma189,30727381,8.250825082508251e-05,0,1,0.0,0.00016501650165016502,0.000112598494271797,0.0,0.0
5315,TLouage,60974372,8.250825082508251e-05,0,1,0.0,0.00016501650165016502,0.000112598494271797,0.0,0.0
5316,xdeq,14131173,8.250825082508251e-05,0,1,0.0,0.00016501650165016502,0.000112598494271797,0.0,0.0
5317,OsoianMarcel,12122711,8.250825082508251e-05,0,1,0.0,0.00016501650165016502,0.000112598494271797,0.0,0.0
5318,richardscarrott,539309,8.250825082508251e-05,0,1,0.0,0.00016501650165016502,0.000112598494271797,0.0,0.0
5319,maslowivan,1205208,0.00016501650165016502,0,2,0.0,0.0003712871287128713,0.000112598494271797,0.0,0.0
5320,xuxucode,8274162,8.250825082508251e-05,0,1,0.0,0.17389805266579897,0.000112598494271797,0.0,0.0
5321,Pratik-ahirrao,56191901,8.250825082508251e-05,0,1,0.0,0.17435050819979414,0.000112598494271797,0.0,0.0
5322,mgoffan,741707,8.250825082508251e-05,0,1,0.0,0.17389805266579897,0.000112598494271797,0.0,0.0
5323,ycjcl868,13595509,8.250825082508251e-05,0,1,0.0,0.00022002200220022002,0.000112598494271797,0.0,0.0
5324,obadakhalili,54270856,8.250825082508251e-05,0,1,0.0,0.00016501650165016502,0.000112598494271797,0.0,0.0
5325,vitaliylag,12641771,8.250825082508251e-05,0,1,0.0,0.00016501650165016502,0.000112598494271797,0.0,0.0
5326,ankush2199,49233112,8.250825082508251e-05,0,1,0.0,0.00016501650165016502,0.000112598494271797,0.0,0.0
5327,MrSlimCoder,28563357,0.00016501650165016502,0,2,0.0,0.00033003300330033004,0.000112598494271797,0.0,0.0
5328,lweichselbaum,13779502,8.250825082508251e-05,0,1,0.0,0.00016501650165016502,0.000112598494271797,0.0,0.0
5329,eljefedelrodeodeljefe,3899684,8.250825082508251e-05,0,1,0.0,0.00022002200220022002,0.000112598494271797,0.0,0.0
5330,kiranvj,3539487,8.250825082508251e-05,0,1,0.0,0.00016501650165016502,0.000112598494271797,0.0,0.0
5331,losanni,58642077,8.250825082508251e-05,0,1,0.0,0.00022002200220022002,0.000112598494271797,0.0,0.0
5332,abdoerrahiem,54793608,8.250825082508251e-05,0,1,0.0,0.00022002200220022002,0.000112598494271797,0.0,0.0
5333,php-coder,87088,8.250825082508251e-05,0,1,0.0,0.00016501650165016502,0.000112598494271797,0.0,0.0
5334,raoulus,1379228,8.250825082508251e-05,0,1,0.0,0.00016501650165016502,0.000112598494271797,0.0,0.0
5335,Gbahdeyboh,29985200,8.250825082508251e-05,0,1,0.0,0.00016501650165016502,0.000112598494271797,0.0,0.0
5336,HeyParkerJ,11808813,8.250825082508251e-05,0,1,0.0,0.00016501650165016502,0.000112598494271797,0.0,0.0
5337,calangoni,6599474,8.250825082508251e-05,0,1,0.0,0.00022002200220022002,0.000112598494271797,0.0,0.0
5338,kevinclarkadstech,32110119,8.250825082508251e-05,0,1,0.0,0.00016501650165016502,0.000112598494271797,0.0,0.0
5339,ManBearPigg,17153773,8.250825082508251e-05,0,1,0.0,0.00016501650165016502,0.000112598494271797,0.0,0.0
5340,bpernick,57197898,8.250825082508251e-05,0,1,0.0,0.00016501650165016502,0.000112598494271797,0.0,0.0
5341,ArcaneDiver,47637591,8.250825082508251e-05,0,1,0.0,0.00022002200220022002,0.000112598494271797,0.0,0.0
5342,kevinkjt2000,4098674,8.250825082508251e-05,0,1,0.0,0.00016501650165016502,0.000112598494271797,0.0,0.0
5343,thinh105,23691294,8.250825082508251e-05,0,1,0.0,0.00022002200220022002,0.000112598494271797,0.0,0.0
5344,Manikanta-20,37132588,8.250825082508251e-05,0,1,0.0,0.00016501650165016502,0.000112598494271797,0.0,0.0
5345,Wandersonelias,8559470,8.250825082508251e-05,0,1,0.0,0.00016501650165016502,0.000112598494271797,0.0,0.0
5346,Gaurav2048,12758002,8.250825082508251e-05,0,1,0.0,0.00016501650165016502,0.000112598494271797,0.0,0.0
5347,wambugucoder,35865592,8.250825082508251e-05,0,1,0.0,0.00016501650165016502,0.000112598494271797,0.0,0.0
5348,ManchukondaManoj,29998264,8.250825082508251e-05,0,1,0.0,0.00016501650165016502,0.000112598494271797,0.0,0.0
5349,harshit-sinha-developer,12970743,8.250825082508251e-05,0,1,0.0,0.00016501650165016502,0.000112598494271797,0.0,0.0
5350,varmagtm,12299438,8.250825082508251e-05,0,1,0.0,0.00016501650165016502,0.000112598494271797,0.0,0.0
5351,joni-toivonen,30374268,8.250825082508251e-05,0,1,0.0,0.19276428341445143,0.000112598494271797,0.0,0.0
5352,skaziweb,31605560,8.250825082508251e-05,0,1,0.0,0.00016501650165016502,0.000112598494271797,0.0,0.0
5353,nandin-borjigin,10903833,8.250825082508251e-05,0,1,0.0,0.00016501650165016502,0.000112598494271797,0.0,0.0
5354,Incognito95,35996745,8.250825082508251e-05,0,1,0.0,0.00016501650165016502,0.000112598494271797,0.0,0.0
5355,nullllllion,64414414,8.250825082508251e-05,0,1,0.0,0.00016501650165016502,0.000112598494271797,0.0,0.0
5356,jhuenges,7192165,8.250825082508251e-05,0,1,0.0,0.1361999440362155,0.000112598494271797,0.0,0.0
5357,zahqresh,44717989,8.250825082508251e-05,0,1,0.0,0.00016501650165016502,0.000112598494271797,0.0,0.0
5358,uzair004,34101864,8.250825082508251e-05,0,1,0.0,0.00016501650165016502,0.000112598494271797,0.0,0.0
5359,khassel,25914086,8.250825082508251e-05,0,1,0.0,0.1948461440810526,0.000112598494271797,0.0,0.0
5360,oktapodia,2752200,8.250825082508251e-05,0,1,0.0,0.00016501650165016502,0.000112598494271797,0.0,0.0
5361,davidgoli,44666,8.250825082508251e-05,0,1,0.0,0.00016501650165016502,0.000112598494271797,0.0,0.0
5362,antoine6191,59445232,8.250825082508251e-05,0,1,0.0,0.19276428341445143,0.000112598494271797,0.0,0.0
5363,cfanoulis,38255093,8.250825082508251e-05,0,1,0.0,0.19276428341445143,0.000112598494271797,0.0,0.0
5364,bkcetinkaya,46684966,8.250825082508251e-05,0,1,0.0,0.00016501650165016502,0.000112598494271797,0.0,0.0
5365,gzwei1,73208578,8.250825082508251e-05,0,1,0.0,0.00016501650165016502,0.000112598494271797,0.0,0.0
5366,mrmammadov,19167079,8.250825082508251e-05,0,1,0.0,0.00016501650165016502,0.000112598494271797,0.0,0.0
5367,wbruno,1443932,0.00016501650165016502,0,2,0.0,0.13621576468252006,0.000112598494271797,0.0,0.0
5368,charleskyalo,40355510,8.250825082508251e-05,0,1,0.0,0.00016501650165016502,0.000112598494271797,0.0,0.0
5369,MrWook,20294042,8.250825082508251e-05,0,1,0.0,0.19276428341445143,0.000112598494271797,0.0,0.0
5370,emanavas,48962583,8.250825082508251e-05,0,1,0.0,0.00022002200220022002,0.000112598494271797,0.0,0.0
5371,fedeci,38510000,0.00041254125412541255,0,5,0.0,0.0008250825082508251,0.000112598494271797,0.0,0.0
5372,richen604,56615615,8.250825082508251e-05,0,1,0.0,0.00016501650165016502,0.000112598494271797,0.0,0.0
5373,rohit20001221,25266550,8.250825082508251e-05,0,1,0.0,0.00016501650165016502,0.000112598494271797,0.0,0.0
5374,ducksquaddd,68981140,8.250825082508251e-05,0,1,0.0,0.19276428341445143,0.000112598494271797,0.0,0.0
5375,egorFiNE,251654,8.250825082508251e-05,0,1,0.0,0.00016501650165016502,0.000112598494271797,0.0,0.0
5376,dammyreginal,58582946,8.250825082508251e-05,0,1,0.0,0.00016501650165016502,0.000112598494271797,0.0,0.0
5377,LukeXF,6208873,8.250825082508251e-05,0,1,0.0,0.00022002200220022002,0.000112598494271797,0.0,0.0
5378,asheba,946760,8.250825082508251e-05,0,1,0.0,0.00016501650165016502,0.000112598494271797,0.0,0.0
5379,fuweichin,1687235,8.250825082508251e-05,0,1,0.0,0.00022002200220022002,0.000112598494271797,0.0,0.0
5380,mudit67,29574051,8.250825082508251e-05,0,1,0.0,0.00016501650165016502,0.000112598494271797,0.0,0.0
5381,therealgilles,18076992,8.250825082508251e-05,0,1,0.0,0.00022002200220022002,0.000112598494271797,0.0,0.0
5382,dirk-ecker,35012374,8.250825082508251e-05,0,1,0.0,0.00016501650165016502,0.000112598494271797,0.0,0.0
5383,ramos-ph,50644753,0.00016501650165016502,0,2,0.0,0.00033003300330033004,0.000112598494271797,0.0,0.0
5384,Jopchumba,47757031,8.250825082508251e-05,0,1,0.0,0.00016501650165016502,0.000112598494271797,0.0,0.0
5385,abhipanda,1355303,8.250825082508251e-05,0,1,0.0,0.00022002200220022002,0.000112598494271797,0.0,0.0
5386,leafac,586813,8.250825082508251e-05,0,1,0.0,0.00022002200220022002,0.000112598494271797,0.0,0.0
5387,rahulramesha,71900764,8.250825082508251e-05,0,1,0.0,0.00022002200220022002,0.000112598494271797,0.0,0.0
5388,laspinacristian,31296728,0.00016501650165016502,0,2,0.0,0.00033003300330033004,0.000112598494271797,0.0,0.0
5389,b-hdev,64676117,0.0,0,0,0.0,0.0,0.000112598494271797,0.0,0.0
5390,Romakita,1763311,0.00033003300330033004,0,4,0.0,0.1508587223235342,0.000112598494271797,0.0,0.0
5391,cutie6,20717515,8.250825082508251e-05,0,1,0.0,0.00016501650165016502,0.000112598494271797,0.0,0.0
5392,davidje13,3287761,8.250825082508251e-05,0,1,0.0,0.1948461440810526,0.000112598494271797,0.0,0.0
5393,Vinayakj009,5003399,8.250825082508251e-05,0,1,0.0,0.00016501650165016502,0.000112598494271797,0.0,0.0
5394,NSExceptional,8371943,8.250825082508251e-05,0,1,0.0,0.00016501650165016502,0.000112598494271797,0.0,0.0
5395,christopherreay,239550,8.250825082508251e-05,0,1,0.0,0.00016501650165016502,0.000112598494271797,0.0,0.0
5396,geekhunger,1267980,0.00033003300330033004,0,4,0.0,0.0006600660066006601,0.000112598494271797,0.0,0.0
5397,chill117,1775417,8.250825082508251e-05,0,1,0.0,0.00022002200220022002,0.000112598494271797,0.0,0.0
5398,infinitytmbots,69136448,8.250825082508251e-05,0,1,0.0,0.19276428341445143,0.000112598494271797,0.0,0.0
5399,EdOlson-Morgan,24814400,8.250825082508251e-05,0,1,0.0,0.00016501650165016502,0.000112598494271797,0.0,0.0
5400,micalevisk,13461315,8.250825082508251e-05,0,1,0.0,0.00016501650165016502,0.000112598494271797,0.0,0.0
5401,Innocent-Akim,51681130,8.250825082508251e-05,0,1,0.0,0.00016501650165016502,0.000112598494271797,0.0,0.0
5402,avincentme,7281287,8.250825082508251e-05,0,1,0.0,0.00016501650165016502,0.000112598494271797,0.0,0.0
5403,gauravdalal-me,52946161,8.250825082508251e-05,0,1,0.0,0.00016501650165016502,0.000112598494271797,0.0,0.0
5404,elidoran,151923,8.250825082508251e-05,0,1,0.0,0.167813611641645,0.000112598494271797,0.0,0.0
5405,euoia,1271216,8.250825082508251e-05,0,1,0.0,0.1538447383603562,0.000112598494271797,0.0,0.0
5406,mo22,2278530,8.250825082508251e-05,0,1,0.0,0.00016501650165016502,0.000112598494271797,0.0,0.0
5407,robinhouston,103315,8.250825082508251e-05,0,1,0.0,0.00016501650165016502,0.000112598494271797,0.0,0.0
5408,codyebberson,749094,8.250825082508251e-05,0,1,0.0,0.00016501650165016502,0.000112598494271797,0.0,0.0
5409,tarique1988,825192,8.250825082508251e-05,0,1,0.0,0.00016501650165016502,0.000112598494271797,0.0,0.0
5410,advaiyalad,67528879,8.250825082508251e-05,0,1,0.0,0.24131732033168335,0.000112598494271797,0.0,0.0
5411,dopry,387640,8.250825082508251e-05,0,1,0.0,0.24131732033168335,0.000112598494271797,0.0,0.0
5412,bigbossx,40595135,8.250825082508251e-05,0,1,0.0,0.00016501650165016502,0.000112598494271797,0.0,0.0
5413,hklsb,77145586,8.250825082508251e-05,0,1,0.0,0.00016501650165016502,0.000112598494271797,0.0,0.0
5414,dzvid,14236708,8.250825082508251e-05,0,1,0.0,0.00016501650165016502,0.000112598494271797,0.0,0.0
5415,romerodiesan,76664638,0.00024752475247524753,0,3,0.0,0.0004950495049504951,0.000112598494271797,0.0,0.0
5416,desirekaleba,46345872,8.250825082508251e-05,0,1,0.0,0.00016501650165016502,0.000112598494271797,0.0,0.0
5417,narhzih,45744910,8.250825082508251e-05,0,1,0.0,0.00016501650165016502,0.000112598494271797,0.0,0.0
5418,letmejustputthishere,32162112,8.250825082508251e-05,0,1,0.0,0.1948461440810526,0.000112598494271797,0.0,0.0
5419,Milo123459,50248166,8.250825082508251e-05,0,1,0.0,0.1948461440810526,0.000112598494271797,0.0,0.0
5420,malforsaja,20798247,0.00016501650165016502,0,2,0.0,0.00033003300330033004,0.000112598494271797,0.0,0.0
5421,hemantjangra,12658795,8.250825082508251e-05,0,1,0.0,0.00022002200220022002,0.000112598494271797,0.0,0.0
5422,RidVIBZz,86672618,8.250825082508251e-05,0,1,0.0,0.00016501650165016502,0.000112598494271797,0.0,0.0
5423,piemree,75936754,8.250825082508251e-05,0,1,0.0,0.00016501650165016502,0.000112598494271797,0.0,0.0
5424,reke592,17094894,8.250825082508251e-05,0,1,0.0,0.00016501650165016502,0.000112598494271797,0.0,0.0
5425,lamweili,29530649,0.00016501650165016502,0,2,0.0,0.0003712871287128713,0.000112598494271797,0.0,0.0
5426,andyfaizan,11914222,8.250825082508251e-05,0,1,0.0,0.00016501650165016502,0.000112598494271797,0.0,0.0
5427,abhishekjnvk,16479428,8.250825082508251e-05,0,1,0.0,0.00016501650165016502,0.000112598494271797,0.0,0.0
5428,tgerk,1664418,8.250825082508251e-05,0,1,0.0,0.00022002200220022002,0.000112598494271797,0.0,0.0
5429,tarikjn,414759,8.250825082508251e-05,0,1,0.0,0.19276428341445143,0.000112598494271797,0.0,0.0
5430,mogamii,89656672,8.250825082508251e-05,0,1,0.0,0.00016501650165016502,0.000112598494271797,0.0,0.0
5431,princefishthrower,11366744,8.250825082508251e-05,0,1,0.0,0.00022002200220022002,0.000112598494271797,0.0,0.0
5432,Fabiomad85,6814708,8.250825082508251e-05,0,1,0.0,0.00016501650165016502,0.000112598494271797,0.0,0.0
5433,rofrol,28787,8.250825082508251e-05,0,1,0.0,0.00016501650165016502,0.000112598494271797,0.0,0.0
5434,normanzhao,17258807,8.250825082508251e-05,0,1,0.0,0.00016501650165016502,0.000112598494271797,0.0,0.0
5435,Rian-wahid,64743447,8.250825082508251e-05,0,1,0.0,0.00016501650165016502,0.000112598494271797,0.0,0.0
5436,techmithlesh,69639673,8.250825082508251e-05,0,1,0.0,0.00016501650165016502,0.000112598494271797,0.0,0.0
5437,IanVS,4616705,8.250825082508251e-05,0,1,0.0,0.19060244098363516,0.000112598494271797,0.0,0.0
5438,rhutikcodes,46106467,8.250825082508251e-05,0,1,0.0,0.00016501650165016502,0.000112598494271797,0.0,0.0
5439,gaurav6386,60260013,8.250825082508251e-05,0,1,0.0,0.00016501650165016502,0.000112598494271797,0.0,0.0
5440,gyadesa,20189764,8.250825082508251e-05,0,1,0.0,0.00016501650165016502,0.000112598494271797,0.0,0.0
5441,thuri10,70540140,8.250825082508251e-05,0,1,0.0,0.00016501650165016502,0.000112598494271797,0.0,0.0
5442,Shameness,12902398,8.250825082508251e-05,0,1,0.0,0.00016501650165016502,0.000112598494271797,0.0,0.0
5443,grego1215,78288780,8.250825082508251e-05,0,1,0.0,0.00016501650165016502,0.000112598494271797,0.0,0.0
5444,nam-hle,28835226,8.250825082508251e-05,0,1,0.0,0.00016501650165016502,0.000112598494271797,0.0,0.0
5445,seniloper,94289735,8.250825082508251e-05,0,1,0.0,0.1579156367023721,0.000112598494271797,0.0,0.0
5446,codingjlu,78052093,8.250825082508251e-05,0,1,0.0,0.00016501650165016502,0.000112598494271797,0.0,0.0
5447,agnilondapakou,61798464,8.250825082508251e-05,0,1,0.0,0.00016501650165016502,0.000112598494271797,0.0,0.0
5448,wmasfoe,61968242,8.250825082508251e-05,0,1,0.0,0.00016501650165016502,0.000112598494271797,0.0,0.0
5449,JoysonPeter006,64308674,8.250825082508251e-05,0,1,0.0,0.19276428341445143,0.000112598494271797,0.0,0.0
5450,Glandos,297578,8.250825082508251e-05,0,1,0.0,0.00016501650165016502,0.000112598494271797,0.0,0.0
5451,LeoBadeaux,79180322,8.250825082508251e-05,0,1,0.0,0.1992831197471009,0.000112598494271797,0.0,0.0
5452,f0rnasier,53435910,8.250825082508251e-05,0,1,0.0,0.00016501650165016502,0.000112598494271797,0.0,0.0
5453,PodaruDragos,6929749,8.250825082508251e-05,0,1,0.0,0.1948461440810526,0.000112598494271797,0.0,0.0
5454,jdhuntington,147,8.250825082508251e-05,0,1,0.0,0.00016501650165016502,0.000112598494271797,0.0,0.0
5455,Danicoco,25842574,0.00016501650165016502,0,2,0.0,0.00033003300330033004,0.000112598494271797,0.0,0.0
5456,manojmula,59415326,0.00016501650165016502,0,2,0.0,0.00033003300330033004,0.000112598494271797,0.0,0.0
5457,morizkay,26421928,8.250825082508251e-05,0,1,0.0,0.00016501650165016502,0.000112598494271797,0.0,0.0
5458,ankit49,38065713,8.250825082508251e-05,0,1,0.0,0.00016501650165016502,0.000112598494271797,0.0,0.0
5459,code-withAshish,73625149,8.250825082508251e-05,0,1,0.0,0.00016501650165016502,0.000112598494271797,0.0,0.0
5460,GabenGar,87906913,8.250825082508251e-05,0,1,0.0,0.00016501650165016502,0.000112598494271797,0.0,0.0
5461,BillGR17,11507104,8.250825082508251e-05,0,1,0.0,0.00016501650165016502,0.000112598494271797,0.0,0.0
5462,VevoLiang,16112876,8.250825082508251e-05,0,1,0.0,0.12150251444353885,0.000112598494271797,0.0,0.0
5463,DyslexiaS,26139100,8.250825082508251e-05,0,1,0.0,0.19276428341445143,0.000112598494271797,0.0,0.0
5464,PPInfy,56343352,8.250825082508251e-05,0,1,0.0,0.00016501650165016502,0.000112598494271797,0.0,0.0
5465,sidwebworks,58144379,8.250825082508251e-05,0,1,0.0,0.00016501650165016502,0.000112598494271797,0.0,0.0
5466,mo-sil,60943721,8.250825082508251e-05,0,1,0.0,0.00016501650165016502,0.000112598494271797,0.0,0.0
5467,iheathers,34258778,8.250825082508251e-05,0,1,0.0,0.00016501650165016502,0.000112598494271797,0.0,0.0
5468,Fanisus,74779324,8.250825082508251e-05,0,1,0.0,0.00016501650165016502,0.000112598494271797,0.0,0.0
5469,textbook-haroon,97704907,8.250825082508251e-05,0,1,0.0,0.00016501650165016502,0.000112598494271797,0.0,0.0
5470,michael-azogu,73001497,8.250825082508251e-05,0,1,0.0,0.00022002200220022002,0.000112598494271797,0.0,0.0
5471,yagmurmutluer9,32220801,8.250825082508251e-05,0,1,0.0,0.00022002200220022002,0.000112598494271797,0.0,0.0
5472,mitar,585279,8.250825082508251e-05,0,1,0.0,0.19276428341445143,0.000112598494271797,0.0,0.0
5473,Aakash1103Jha,52240895,0.00016501650165016502,0,2,0.0,0.00033003300330033004,0.000112598494271797,0.0,0.0
5474,wenqiw0919,103463769,8.250825082508251e-05,0,1,0.0,0.1948461440810526,0.000112598494271797,0.0,0.0
5475,TBG-FR,18146038,8.250825082508251e-05,0,1,0.0,0.00016501650165016502,0.000112598494271797,0.0,0.0
5476,juanfabrega,19932356,8.250825082508251e-05,0,1,0.0,0.00016501650165016502,0.000112598494271797,0.0,0.0
5477,DvirH,4377117,8.250825082508251e-05,0,1,0.0,0.00016501650165016502,0.000112598494271797,0.0,0.0
5478,webketje,1928531,0.00016501650165016502,0,2,0.0,0.00033003300330033004,0.000112598494271797,0.0,0.0
5479,SulaimanAminuBarkindo,38512225,8.250825082508251e-05,0,1,0.0,0.14479337179303806,0.000112598494271797,0.0,0.0
5480,relaxedrohan,69514053,8.250825082508251e-05,0,1,0.0,0.00022002200220022002,0.000112598494271797,0.0,0.0
5481,dfenerski,48520530,8.250825082508251e-05,0,1,0.0,0.00016501650165016502,0.000112598494271797,0.0,0.0
5482,JC3,5651184,8.250825082508251e-05,0,1,0.0,0.1459194323588397,0.000112598494271797,0.0,0.0
5483,eiskalteschatten,3677693,0.00016501650165016502,0,2,0.0,0.0003712871287128713,0.000112598494271797,0.0,0.0
5484,ex1st,7733915,0.00016501650165016502,0,2,0.0,0.00033003300330033004,0.000112598494271797,0.0,0.0
5485,everhardt,1840153,8.250825082508251e-05,0,1,0.0,0.00016501650165016502,0.000112598494271797,0.0,0.0
5486,vaibhavkumar-sf,30282624,8.250825082508251e-05,0,1,0.0,0.00022002200220022002,0.000112598494271797,0.0,0.0
5487,gxy5202,37973863,8.250825082508251e-05,0,1,0.0,0.00016501650165016502,0.000112598494271797,0.0,0.0
5488,d-e-v-esh,59534570,8.250825082508251e-05,0,1,0.0,0.00016501650165016502,0.000112598494271797,0.0,0.0
5489,Axitvadi,98725622,8.250825082508251e-05,0,1,0.0,0.00016501650165016502,0.000112598494271797,0.0,0.0
5490,bozzelliandrea,74464364,0.00024752475247524753,0,3,0.0,0.0011734506784011735,0.000112598494271797,0.0,0.0
5491,n3wsw3,6586906,8.250825082508251e-05,0,1,0.0,0.00016501650165016502,0.000112598494271797,0.0,0.0
5492,rohanrajpal,7023147,8.250825082508251e-05,0,1,0.0,0.00016501650165016502,0.000112598494271797,0.0,0.0
5493,miraynamc,60904334,8.250825082508251e-05,0,1,0.0,0.00016501650165016502,0.000112598494271797,0.0,0.0
5494,wmaciejak,4128525,8.250825082508251e-05,0,1,0.0,0.00016501650165016502,0.000112598494271797,0.0,0.0
5495,nklisch,47763054,8.250825082508251e-05,0,1,0.0,0.00016501650165016502,0.000112598494271797,0.0,0.0
5496,tareq-alsayed,110376824,8.250825082508251e-05,0,1,0.0,0.00016501650165016502,0.000112598494271797,0.0,0.0
5497,RohithBoppey,73538974,8.250825082508251e-05,0,1,0.0,0.00016501650165016502,0.000112598494271797,0.0,0.0
5498,nukuutos,46343950,8.250825082508251e-05,0,1,0.0,0.00016501650165016502,0.000112598494271797,0.0,0.0
5499,manvydasu,31101065,8.250825082508251e-05,0,1,0.0,0.00022002200220022002,0.000112598494271797,0.0,0.0
5500,haritejakoduri,46366734,8.250825082508251e-05,0,1,0.0,0.00016501650165016502,0.000112598494271797,0.0,0.0
5501,paperluigis,72666727,8.250825082508251e-05,0,1,0.0,0.00016501650165016502,0.000112598494271797,0.0,0.0
5502,LfxB,13532850,8.250825082508251e-05,0,1,0.0,0.00016501650165016502,0.000112598494271797,0.0,0.0
5503,aelmardhi,61637736,0.00016501650165016502,0,2,0.0,0.00033003300330033004,0.000112598494271797,0.0,0.0
5504,kastriotkastrati,45375635,8.250825082508251e-05,0,1,0.0,0.00016501650165016502,0.000112598494271797,0.0,0.0
5505,gudh,3378031,8.250825082508251e-05,0,1,0.0,0.00022002200220022002,0.000112598494271797,0.0,0.0
5506,Maytha8,44939173,8.250825082508251e-05,0,1,0.0,0.00016501650165016502,0.000112598494271797,0.0,0.0
5507,fishcharlie,860375,8.250825082508251e-05,0,1,0.0,0.00016501650165016502,0.000112598494271797,0.0,0.0
5508,KrisLau,46275463,8.250825082508251e-05,0,1,0.0,0.00022002200220022002,0.000112598494271797,0.0,0.0
5509,wajeht,58354193,8.250825082508251e-05,0,1,0.0,0.00016501650165016502,0.000112598494271797,0.0,0.0
5510,totallytavi,66774833,8.250825082508251e-05,0,1,0.0,0.00016501650165016502,0.000112598494271797,0.0,0.0
5511,gugahoi,355877,8.250825082508251e-05,0,1,0.0,0.00016501650165016502,0.000112598494271797,0.0,0.0
5512,P4sca1,10992664,8.250825082508251e-05,0,1,0.0,0.00016501650165016502,0.000112598494271797,0.0,0.0
5513,brunolnetto,13961685,8.250825082508251e-05,0,1,0.0,0.00016501650165016502,0.000112598494271797,0.0,0.0
5514,PathToLife,12622625,8.250825082508251e-05,0,1,0.0,0.00016501650165016502,0.000112598494271797,0.0,0.0
5515,iamkabelomoobi,80452137,8.250825082508251e-05,0,1,0.0,0.00016501650165016502,0.000112598494271797,0.0,0.0
5516,nehemiah-tzur,78358527,8.250825082508251e-05,0,1,0.0,0.00016501650165016502,0.000112598494271797,0.0,0.0
5517,tombailey,5710046,8.250825082508251e-05,0,1,0.0,0.11840483826250155,0.000112598494271797,0.0,0.0
5518,PEvansik,13303617,8.250825082508251e-05,0,1,0.0,0.00016501650165016502,0.000112598494271797,0.0,0.0
5519,pyAref,62723010,8.250825082508251e-05,0,1,0.0,0.00016501650165016502,0.000112598494271797,0.0,0.0
5520,tkilminster-sc,122411120,8.250825082508251e-05,0,1,0.0,0.00016501650165016502,0.000112598494271797,0.0,0.0
5521,chadlwilson,29788154,8.250825082508251e-05,0,1,0.0,0.00016501650165016502,0.000112598494271797,0.0,0.0
5522,mhamzabcs,20185057,8.250825082508251e-05,0,1,0.0,0.00022002200220022002,0.000112598494271797,0.0,0.0
5523,Qix-,885648,8.250825082508251e-05,0,1,0.0,0.00016501650165016502,0.000112598494271797,0.0,0.0
5524,gavin-c-tcg,61903623,8.250825082508251e-05,0,1,0.0,0.00016501650165016502,0.000112598494271797,0.0,0.0
5525,datner,22598347,8.250825082508251e-05,0,1,0.0,0.00016501650165016502,0.000112598494271797,0.0,0.0
5526,ranjiitk121,68504990,8.250825082508251e-05,0,1,0.0,0.00016501650165016502,0.000112598494271797,0.0,0.0
5527,gilly3,250278,8.250825082508251e-05,0,1,0.0,0.11840483826250155,0.000112598494271797,0.0,0.0
5528,livgust,8116945,8.250825082508251e-05,0,1,0.0,0.11840483826250155,0.000112598494271797,0.0,0.0
5529,steve1337,22643375,0.00016501650165016502,0,2,0.0,0.00033003300330033004,0.000112598494271797,0.0,0.0
5530,ChuckJonas,5217568,8.250825082508251e-05,0,1,0.0,0.00016501650165016502,0.000112598494271797,0.0,0.0
5531,m-graf,28874386,8.250825082508251e-05,0,1,0.0,0.00016501650165016502,0.000112598494271797,0.0,0.0
5532,mathieusantiago,62888392,8.250825082508251e-05,0,1,0.0,0.00016501650165016502,0.000112598494271797,0.0,0.0
5533,simcar,12573101,8.250825082508251e-05,0,1,0.0,0.00016501650165016502,0.000112598494271797,0.0,0.0
5534,yashkohli17,16478204,8.250825082508251e-05,0,1,0.0,0.000297029702970297,0.000112598494271797,0.0,0.0
5535,olawalejuwonm,52759812,8.250825082508251e-05,0,1,0.0,0.00016501650165016502,0.000112598494271797,0.0,0.0
5536,sephentos,35430448,8.250825082508251e-05,0,1,0.0,0.00022002200220022002,0.000112598494271797,0.0,0.0
5537,kevinsandow,1112379,0.00016501650165016502,0,2,0.0,0.00033003300330033004,0.000112598494271797,0.0,0.0
5538,dtsuper3,32347879,8.250825082508251e-05,0,1,0.0,0.00016501650165016502,0.000112598494271797,0.0,0.0
5539,itssumitrai,4822956,8.250825082508251e-05,0,1,0.0,0.00016501650165016502,0.000112598494271797,0.0,0.0
5540,noraa-july-stoke,109265344,8.250825082508251e-05,0,1,0.0,0.00016501650165016502,0.000112598494271797,0.0,0.0
5541,kaj,358770,8.250825082508251e-05,0,1,0.0,0.00022002200220022002,0.000112598494271797,0.0,0.0
5542,b1ek,57577711,0.00033003300330033004,0,4,0.0,0.0006600660066006601,0.000112598494271797,0.0,0.0
5543,danielwarke,25139167,8.250825082508251e-05,0,1,0.0,0.00016501650165016502,0.000112598494271797,0.0,0.0
5544,LucyMaber,7260442,0.00016501650165016502,0,2,0.0,0.20288607580481233,0.000112598494271797,1.0,0.0
5545,jjk1492,35935054,8.250825082508251e-05,0,1,0.0,0.00016501650165016502,0.000112598494271797,0.0,0.0
5546,shobhitexe,29349136,8.250825082508251e-05,0,1,0.0,0.00016501650165016502,0.000112598494271797,0.0,0.0
5547,Zimmad,111142925,8.250825082508251e-05,0,1,0.0,0.00016501650165016502,0.000112598494271797,0.0,0.0
5548,zareismail,23401061,8.250825082508251e-05,0,1,0.0,0.00016501650165016502,0.000112598494271797,0.0,0.0
5549,mikr13,34394719,8.250825082508251e-05,0,1,0.0,0.00016501650165016502,0.000112598494271797,0.0,0.0
5550,shadow0500,108787586,8.250825082508251e-05,0,1,0.0,0.00016501650165016502,0.000112598494271797,0.0,0.0
5551,shaad00,124558510,8.250825082508251e-05,0,1,0.0,0.00016501650165016502,0.000112598494271797,0.0,0.0
5552,VitorhugoBatista,62615687,8.250825082508251e-05,0,1,0.0,0.00016501650165016502,0.000112598494271797,0.0,0.0
5553,KOD3X,25307087,8.250825082508251e-05,0,1,0.0,0.00016501650165016502,0.000112598494271797,0.0,0.0
5554,venkateshatgit,72207261,8.250825082508251e-05,0,1,0.0,0.00022002200220022002,0.000112598494271797,0.0,0.0
5555,ayushkavad,69857046,8.250825082508251e-05,0,1,0.0,0.00016501650165016502,0.000112598494271797,0.0,0.0
5556,brainthinks,2215066,8.250825082508251e-05,0,1,0.0,0.00016501650165016502,0.000112598494271797,0.0,0.0
5557,Bhupesh1114,78557475,8.250825082508251e-05,0,1,0.0,0.00022002200220022002,0.000112598494271797,0.0,0.0
5558,Toaster2-0,58685040,8.250825082508251e-05,0,1,0.0,0.00016501650165016502,0.000112598494271797,0.0,0.0
5559,isaacpontes,43050548,8.250825082508251e-05,0,1,0.0,0.00016501650165016502,0.000112598494271797,0.0,0.0
5560,Charafboulafaa,29419057,8.250825082508251e-05,0,1,0.0,0.00016501650165016502,0.000112598494271797,0.0,0.0
5561,TomMiller-mas,96563084,8.250825082508251e-05,0,1,0.0,0.00016501650165016502,0.000112598494271797,0.0,0.0
5562,vikyw89,112059651,8.250825082508251e-05,0,1,0.0,0.00016501650165016502,0.000112598494271797,0.0,0.0
5563,ayhanks,84849124,8.250825082508251e-05,0,1,0.0,0.00016501650165016502,0.000112598494271797,0.0,0.0
5564,cktang88,10319942,8.250825082508251e-05,0,1,0.0,0.00016501650165016502,0.000112598494271797,0.0,0.0
5565,Z3rio,54480523,8.250825082508251e-05,0,1,0.0,0.00016501650165016502,0.000112598494271797,0.0,0.0
5566,AMalfez,95576731,8.250825082508251e-05,0,1,0.0,0.00016501650165016502,0.000112598494271797,0.0,0.0
5567,avinashtare,88629099,8.250825082508251e-05,0,1,0.0,0.00016501650165016502,0.000112598494271797,0.0,0.0
5568,kisaragi-hiu,11722318,8.250825082508251e-05,0,1,0.0,0.17389805266579897,0.000112598494271797,0.0,0.0
5569,ChaviAggarwal,38176842,8.250825082508251e-05,0,1,0.0,0.00016501650165016502,0.000112598494271797,0.0,0.0
5570,djMax,240684,0.00016501650165016502,0,2,0.0,0.11842875360046609,0.000112598494271797,0.0,0.0
5571,vladimiratanasov,67702437,8.250825082508251e-05,0,1,0.0,0.00016501650165016502,0.000112598494271797,0.0,0.0
5572,mpaw,5834637,8.250825082508251e-05,0,1,0.0,0.00016501650165016502,0.000112598494271797,0.0,0.0
5573,Zabi1112,66674164,8.250825082508251e-05,0,1,0.0,0.00016501650165016502,0.000112598494271797,0.0,0.0
5574,ArtemNikolaev,4076586,0.00016501650165016502,0,2,0.0,0.00033003300330033004,0.000112598494271797,0.0,0.0
5575,Ran-Xing,73819467,8.250825082508251e-05,0,1,0.0,0.00016501650165016502,0.000112598494271797,0.0,0.0
5576,Dhanesh539,100354896,8.250825082508251e-05,0,1,0.0,0.00016501650165016502,0.000112598494271797,0.0,0.0
5577,donoftime2018,84360449,0.00024752475247524753,0,3,0.0,0.0004950495049504951,0.000112598494271797,0.0,0.0
5578,andrewterry12,143138811,8.250825082508251e-05,0,1,0.0,0.00016501650165016502,0.000112598494271797,0.0,0.0
5579,AverageY,90152541,8.250825082508251e-05,0,1,0.0,0.00016501650165016502,0.000112598494271797,0.0,0.0
5580,amitmumana,26321826,8.250825082508251e-05,0,1,0.0,0.00016501650165016502,0.000112598494271797,0.0,0.0
5581,ashish11011,75682893,8.250825082508251e-05,0,1,0.0,0.00016501650165016502,0.000112598494271797,0.0,0.0
5582,sbrsubuvga,37224967,8.250825082508251e-05,0,1,0.0,0.00016501650165016502,0.000112598494271797,0.0,0.0
5583,KamaniAman,81963759,8.250825082508251e-05,0,1,0.0,0.00016501650165016502,0.000112598494271797,0.0,0.0
5584,honohunter,37155319,8.250825082508251e-05,0,1,0.0,0.00016501650165016502,0.000112598494271797,0.0,0.0
5585,slk333,23578949,8.250825082508251e-05,0,1,0.0,0.00016501650165016502,0.000112598494271797,0.0,0.0
5586,valadaptive,79560998,8.250825082508251e-05,0,1,0.0,0.00016501650165016502,0.000112598494271797,0.0,0.0
5587,Ashish1323,42762022,8.250825082508251e-05,0,1,0.0,0.00016501650165016502,0.000112598494271797,0.0,0.0
5588,TahsinAyman,87863787,8.250825082508251e-05,0,1,0.0,0.00016501650165016502,0.000112598494271797,0.0,0.0
5589,MrLibya,22921411,8.250825082508251e-05,0,1,0.0,0.00016501650165016502,0.000112598494271797,0.0,0.0
5590,gorets,419682,8.250825082508251e-05,0,1,0.0,0.00016501650165016502,0.000112598494271797,0.0,0.0
5591,vojvodics,20173051,8.250825082508251e-05,0,1,0.0,0.00016501650165016502,0.000112598494271797,0.0,0.0
5592,soulchild,59642,8.250825082508251e-05,0,1,0.0,0.00016501650165016502,0.000112598494271797,0.0,0.0
5593,VaguelySerious,29887157,8.250825082508251e-05,0,1,0.0,0.00016501650165016502,0.000112598494271797,0.0,0.0
5594,jaitjacob,14340591,8.250825082508251e-05,0,1,0.0,0.00016501650165016502,0.000112598494271797,0.0,0.0
5595,LBYPatrick,23201539,8.250825082508251e-05,0,1,0.0,0.00016501650165016502,0.000112598494271797,0.0,0.0
5596,dchicchon,50509869,8.250825082508251e-05,0,1,0.0,0.00016501650165016502,0.000112598494271797,0.0,0.0
5597,dungmv,1935909,8.250825082508251e-05,0,1,0.0,0.00016501650165016502,0.000112598494271797,0.0,0.0
5598,morsssss,29419498,8.250825082508251e-05,0,1,0.0,0.00016501650165016502,0.000112598494271797,0.0,0.0
5599,Dev1392003,110649942,8.250825082508251e-05,0,1,0.0,0.00016501650165016502,0.000112598494271797,0.0,0.0
5600,Tosif145,104226018,8.250825082508251e-05,0,1,0.0,0.00016501650165016502,0.000112598494271797,0.0,0.0
5601,imki123,43270441,8.250825082508251e-05,0,1,0.0,0.00016501650165016502,0.000112598494271797,0.0,0.0
5602,amitkumar712,49996129,8.250825082508251e-05,0,1,0.0,0.00016501650165016502,0.000112598494271797,0.0,0.0
5603,mcope-rca,61880465,8.250825082508251e-05,0,1,0.0,0.00016501650165016502,0.000112598494271797,0.0,0.0
5604,PascalPlantey,59055046,8.250825082508251e-05,0,1,0.0,0.00016501650165016502,0.000112598494271797,0.0,0.0
5605,kisshan13,107870881,8.250825082508251e-05,0,1,0.0,0.00016501650165016502,0.000112598494271797,0.0,0.0
5606,peter1357908,19377524,8.250825082508251e-05,0,1,0.0,0.00016501650165016502,0.000112598494271797,0.0,0.0
5607,github-advanced-security[bot],62310815,0.00041254125412541255,0,5,0.0,0.1952902318360997,0.000112598494271797,0.3,0.0
5608,iammohan01,85432311,8.250825082508251e-05,0,1,0.0,0.1507302722560174,0.000112598494271797,0.0,0.0
5609,TimGels,43609220,8.250825082508251e-05,0,1,0.0,0.1507302722560174,0.000112598494271797,0.0,0.0
5610,kxrn0,91492377,8.250825082508251e-05,0,1,0.0,0.00016501650165016502,0.000112598494271797,0.0,0.0
5611,gaurishhs,78847111,8.250825082508251e-05,0,1,0.0,0.1507302722560174,0.000112598494271797,0.0,0.0
5612,deepak4566,122792652,8.250825082508251e-05,0,1,0.0,0.1507302722560174,0.000112598494271797,0.0,0.0
5613,bmodhez,139227494,8.250825082508251e-05,0,1,0.0,0.00016501650165016502,0.000112598494271797,0.0,0.0
5614,Pratik-Kumar-621,70286186,8.250825082508251e-05,0,1,0.0,0.1507302722560174,0.000112598494271797,0.0,0.0
5615,JavidSumra,112365664,8.250825082508251e-05,0,1,0.0,0.1507302722560174,0.000112598494271797,0.0,0.0
5616,NFulkerson,4764329,8.250825082508251e-05,0,1,0.0,0.00016501650165016502,0.000112598494271797,0.0,0.0
5617,Kishlay-notabot,67735128,8.250825082508251e-05,0,1,0.0,0.1507302722560174,0.000112598494271797,0.0,0.0
5618,CompeyDev,74418041,8.250825082508251e-05,0,1,0.0,0.1507302722560174,0.000112598494271797,0.0,0.0
5619,animesh-chouhan,32566800,0.00016501650165016502,0,2,0.0,0.15075933896661506,0.000112598494271797,0.0,0.0
5620,cScarlson,1816046,8.250825082508251e-05,0,1,0.0,0.00041254125412541255,0.000112598494271797,0.0,0.0
5621,singhmeharjeet,72233650,8.250825082508251e-05,0,1,0.0,0.1507302722560174,0.000112598494271797,0.0,0.0
5622,mydeveloperday,16046346,8.250825082508251e-05,0,1,0.0,0.1507302722560174,0.000112598494271797,0.0,0.0
5623,bismitpanda,64477767,8.250825082508251e-05,0,1,0.0,0.00016501650165016502,0.000112598494271797,0.0,0.0
5624,ServerDeveloper9447,86161882,8.250825082508251e-05,0,1,0.0,0.1507302722560174,0.000112598494271797,0.0,0.0
5625,usmanx03,112874031,8.250825082508251e-05,0,1,0.0,0.1507302722560174,0.000112598494271797,0.0,0.0
5626,ayush7,8135860,8.250825082508251e-05,0,1,0.0,0.1507302722560174,0.000112598494271797,0.0,0.0
5627,matthewelmer,26128847,8.250825082508251e-05,0,1,0.0,0.1507302722560174,0.000112598494271797,0.0,0.0
5628,prakhar-pal,21095386,0.00016501650165016502,0,2,0.0,0.15075933896661506,0.000112598494271797,0.0,0.0
5629,neu-ma-tic,91573347,0.00016501650165016502,0,2,0.0,0.15075933896661506,0.000112598494271797,0.0,0.0
5630,sudo-Mystic,93476337,8.250825082508251e-05,0,1,0.0,0.1507302722560174,0.000112598494271797,0.0,0.0
5631,ADTC,6047296,0.00016501650165016502,0,2,0.0,0.15075933896661506,0.000112598494271797,0.0,0.0
5632,wormicek,154952065,8.250825082508251e-05,0,1,0.0,0.10160124052606267,0.000112598494271797,0.0,0.0
5633,gerardmarquinarubio,106877422,8.250825082508251e-05,0,1,0.0,0.10160124052606267,0.000112598494271797,0.0,0.0
5634,nicholasgriffintn,12116098,8.250825082508251e-05,0,1,0.0,0.1507302722560174,0.000112598494271797,0.0,0.0
5635,SakuraBlossomTree,130690368,0.00016501650165016502,0,2,0.0,0.15075933896661506,0.000112598494271797,0.0,0.0
5636,jitenderjayalwal,29693484,8.250825082508251e-05,0,1,0.0,0.00022002200220022002,0.000112598494271797,0.0,0.0
5637,MaffooBristol,3296828,8.250825082508251e-05,0,1,0.0,0.00016501650165016502,0.000112598494271797,0.0,0.0
5638,Kamleshpaul,25585917,8.250825082508251e-05,0,1,0.0,0.1507302722560174,0.000112598494271797,0.0,0.0
5639,Steveantor,109317559,8.250825082508251e-05,0,1,0.0,0.00016501650165016502,0.000112598494271797,0.0,0.0
5640,RoopakShukla,89958487,8.250825082508251e-05,0,1,0.0,0.00016501650165016502,0.000112598494271797,0.0,0.0
5641,amitdubey6261,82256362,8.250825082508251e-05,0,1,0.0,0.00016501650165016502,0.000112598494271797,0.0,0.0
5642,AncientBison,59799324,8.250825082508251e-05,0,1,0.0,0.00016501650165016502,0.000112598494271797,0.0,0.0
5643,emilcondrea,3403905,8.250825082508251e-05,0,1,0.0,0.00016501650165016502,0.000112598494271797,0.0,0.0
5644,nkroker,26537166,8.250825082508251e-05,0,1,0.0,0.1507302722560174,0.000112598494271797,0.0,0.0
5645,1finedev,49831574,8.250825082508251e-05,0,1,0.0,0.00022002200220022002,0.000112598494271797,0.0,0.0
5646,shanliangdeYWJ,49124030,8.250825082508251e-05,0,1,0.0,0.00016501650165016502,0.000112598494271797,0.0,0.0
5647,melroy89,628926,8.250825082508251e-05,0,1,0.0,0.00016501650165016502,0.000112598494271797,0.0,0.0
5648,ArnieAgnihotri,154106027,8.250825082508251e-05,0,1,0.0,0.00016501650165016502,0.000112598494271797,0.0,0.0
5649,zisra,100528712,8.250825082508251e-05,0,1,0.0,0.00016501650165016502,0.000112598494271797,0.0,0.0
5650,ddolcimascolo,5468291,8.250825082508251e-05,0,1,0.0,0.00016501650165016502,0.000112598494271797,0.0,0.0
5651,fire015,501743,8.250825082508251e-05,0,1,0.0,0.00016501650165016502,0.000112598494271797,0.0,0.0
5652,wa-Nadoo,1248501,8.250825082508251e-05,0,1,0.0,0.2028685266243085,0.000112598494271797,0.0,0.0
5653,JikokuAice,134251470,8.250825082508251e-05,0,1,0.0,0.00016501650165016502,0.000112598494271797,0.0,0.0
5654,gordonwho,1657964,8.250825082508251e-05,0,1,0.0,0.00016501650165016502,0.000112598494271797,0.0,0.0
5655,wojtekmaj,5426427,8.250825082508251e-05,0,1,0.0,0.1948461440810526,0.000112598494271797,0.0,0.0
5656,falk-stefan,58136779,8.250825082508251e-05,0,1,0.0,0.00016501650165016502,0.000112598494271797,0.0,0.0
5657,shreyashuddar29,118089596,8.250825082508251e-05,0,1,0.0,0.19276428341445143,0.000112598494271797,0.0,0.0
5658,not7cd,4332632,8.250825082508251e-05,0,1,0.0,0.1507302722560174,0.000112598494271797,0.0,0.0
5659,shubham9069,101730475,8.250825082508251e-05,0,1,0.0,0.13593155420793035,0.000112598494271797,0.0,0.0
5660,mao-sz,122839503,8.250825082508251e-05,0,1,0.0,0.00016501650165016502,0.000112598494271797,0.0,0.0
5661,okay-head,68184623,8.250825082508251e-05,0,1,0.0,0.00016501650165016502,0.000112598494271797,0.0,0.0
5662,danizavtz,3859647,0.0004950495049504951,0,6,0.0,0.0009900990099009901,0.000112598494271797,0.0,0.0
5663,meesam4687,70945820,8.250825082508251e-05,0,1,0.0,0.00016501650165016502,0.000112598494271797,0.0,0.0
5664,AbdLaswi,70090737,8.250825082508251e-05,0,1,0.0,0.00016501650165016502,0.000112598494271797,0.0,0.0
5665,fahrradflucht,13237661,8.250825082508251e-05,0,1,0.0,0.00016501650165016502,0.000112598494271797,0.0,0.0
5666,DanielBelz1997,128147522,8.250825082508251e-05,0,1,0.0,0.13593155420793035,0.000112598494271797,0.0,0.0
5667,admsev,131505,0.00016501650165016502,0,2,0.0,0.00033003300330033004,0.000112598494271797,0.0,0.0
5668,gooroodev,170600540,0.00016501650165016502,0,2,0.0,0.00033003300330033004,0.000112598494271797,0.0,0.0
5669,mmaazahmed,58666090,8.250825082508251e-05,0,1,0.0,0.00016501650165016502,0.000112598494271797,0.0,0.0
5670,MomoRazor,22497603,8.250825082508251e-05,0,1,0.0,0.00016501650165016502,0.000112598494271797,0.0,0.0
5671,DeepBartaria,80728476,8.250825082508251e-05,0,1,0.0,0.16055332942932848,0.000112598494271797,0.0,0.0
5672,ronderins,28878478,8.250825082508251e-05,0,1,0.0,0.00016501650165016502,0.000112598494271797,0.0,0.0
5673,monika-pant,28701654,8.250825082508251e-05,0,1,0.0,0.00016501650165016502,0.000112598494271797,0.0,0.0
5674,Numel2020,23141177,8.250825082508251e-05,0,1,0.0,0.00016501650165016502,0.000112598494271797,0.0,0.0
5675,JCMais,1041647,8.250825082508251e-05,0,1,0.0,0.00016501650165016502,0.000112598494271797,0.0,0.0
5676,ryanwaite28,12706937,8.250825082508251e-05,0,1,0.0,0.00016501650165016502,0.000112598494271797,0.0,0.0
5677,RidhiAr,145198265,8.250825082508251e-05,0,1,0.0,0.00016501650165016502,0.000112598494271797,0.0,0.0
5678,Digitallycamp,128095721,8.250825082508251e-05,0,1,0.0,0.00016501650165016502,0.000112598494271797,0.0,0.0
5679,dominikg,611613,0.00016501650165016502,0,2,0.0,0.00033003300330033004,0.000112598494271797,1.0,0.0
5680,horizon0514,1518608,8.250825082508251e-05,0,1,0.0,0.00016501650165016502,0.000112598494271797,0.0,0.0
5681,43081j,5677153,0.00016501650165016502,0,2,0.0,0.15305162074547315,0.000112598494271797,0.0,0.0
5682,zmzlois,79988376,8.250825082508251e-05,0,1,0.0,0.00016501650165016502,0.000112598494271797,0.0,0.0
5683,bakeiro,16777161,8.250825082508251e-05,0,1,0.0,0.00016501650165016502,0.000112598494271797,0.0,0.0
5684,kunal097,23140769,8.250825082508251e-05,0,1,0.0,0.00016501650165016502,0.000112598494271797,0.0,0.0
5685,Androclast,109166122,8.250825082508251e-05,0,1,0.0,0.00016501650165016502,0.000112598494271797,0.0,0.0
5686,adminInfocerv,171039291,8.250825082508251e-05,0,1,0.0,0.00016501650165016502,0.000112598494271797,0.0,0.0
5687,remen,832455,8.250825082508251e-05,0,1,0.0,0.00016501650165016502,0.000112598494271797,0.0,0.0
5688,yajatkaul,68262974,8.250825082508251e-05,0,1,0.0,0.00016501650165016502,0.000112598494271797,0.0,0.0
5689,arvindKandapl,153544276,8.250825082508251e-05,0,1,0.0,0.00016501650165016502,0.000112598494271797,0.0,0.0
5690,Abdul-Raffay-0,165810275,0.00024752475247524753,0,3,0.0,0.0004950495049504951,0.000112598494271797,0.0,0.0
5691,PuruVJ,47742487,8.250825082508251e-05,0,1,0.0,0.00016501650165016502,0.000112598494271797,0.0,0.0
5692,danillo7789,71029767,8.250825082508251e-05,0,1,0.0,0.00016501650165016502,0.000112598494271797,0.0,0.0
5693,batchor,128007376,8.250825082508251e-05,0,1,0.0,0.00016501650165016502,0.000112598494271797,0.0,0.0
5694,coltonehrman,12456288,0.00024752475247524753,0,3,0.0,0.13600249558153846,0.000112598494271797,0.0,0.0
5695,lochansaroy02,104918582,8.250825082508251e-05,0,1,0.0,0.00016501650165016502,0.000112598494271797,0.0,0.0
5696,TheDecipherer,31246334,8.250825082508251e-05,0,1,0.0,0.00016501650165016502,0.000112598494271797,0.0,0.0
5697,martijnimhoff,5647089,8.250825082508251e-05,0,1,0.0,0.00016501650165016502,0.000112598494271797,0.0,0.0
5698,ifty64bit,62901448,8.250825082508251e-05,0,1,0.0,0.16806614376951848,0.000112598494271797,0.0,0.0
5699,alexporto2200,31667409,8.250825082508251e-05,0,1,0.0,0.18867050408684985,0.000112598494271797,0.0,0.0
5700,DominusKelvin,24433274,8.250825082508251e-05,0,1,0.0,0.24131732033168335,0.000112598494271797,0.0,0.0
5701,furnivall,18507008,8.250825082508251e-05,0,1,0.0,0.00016501650165016502,0.000112598494271797,0.0,0.0
5702,omerlh,6730584,8.250825082508251e-05,0,1,0.0,0.18867050408684985,0.000112598494271797,0.0,0.0
5703,thomashohn,3414869,8.250825082508251e-05,0,1,0.0,0.00016501650165016502,0.000112598494271797,0.0,0.0
5704,corneliusroemer,25161793,8.250825082508251e-05,0,1,0.0,0.18867050408684985,0.000112598494271797,0.0,0.0
5705,SherbekMavlonov,91262758,8.250825082508251e-05,0,1,0.0,0.00016501650165016502,0.000112598494271797,0.0,0.0
5706,nwalters512,1476544,0.00016501650165016502,0,2,0.0,0.1558795052707451,0.000112598494271797,0.0,0.0
5707,dericeira,5151251,8.250825082508251e-05,0,1,0.0,0.00016501650165016502,0.000112598494271797,0.0,0.0
5708,alewitt2,48691328,8.250825082508251e-05,0,1,0.0,0.00016501650165016502,0.000112598494271797,0.0,0.0
5709,spperforce,99184717,8.250825082508251e-05,0,1,0.0,0.24131732033168335,0.000112598494271797,0.0,0.0
5710,wobsoriano,13049130,8.250825082508251e-05,0,1,0.0,0.24131732033168335,0.000112598494271797,0.0,0.0
5711,kjugi,11212541,0.00016501650165016502,0,2,0.0,0.1713319480096158,0.000112598494271797,0.0,0.0
5712,bountyhub-bot,178713388,8.250825082508251e-05,0,1,0.0,0.00016501650165016502,0.000112598494271797,0.0,0.0
5713,sandersn,293473,8.250825082508251e-05,0,1,0.0,0.24131732033168335,0.000112598494271797,0.0,0.0
5714,richardsimko,1245031,8.250825082508251e-05,0,1,0.0,0.00016501650165016502,0.000112598494271797,0.0,0.0
5715,vijayasai0021,170629314,8.250825082508251e-05,0,1,0.0,0.00016501650165016502,0.000112598494271797,0.0,0.0
5716,Dark-Light-20,50523179,8.250825082508251e-05,0,1,0.0,0.00016501650165016502,0.000112598494271797,0.0,0.0
5717,zmagyar,1021537,8.250825082508251e-05,0,1,0.0,0.00016501650165016502,0.000112598494271797,0.0,0.0
5718,steveetm,11589541,8.250825082508251e-05,0,1,0.0,0.00016501650165016502,0.000112598494271797,0.0,0.0
5719,RajeevRanjan5642,95275538,8.250825082508251e-05,0,1,0.0,0.00016501650165016502,0.000112598494271797,0.0,0.0
5720,VishamberDas-007,103981172,8.250825082508251e-05,0,1,0.0,0.00016501650165016502,0.000112598494271797,0.0,0.0
5721,jacquesg,3534453,8.250825082508251e-05,0,1,0.0,0.00016501650165016502,0.000112598494271797,0.0,0.0
5722,jhanikhilnath,68290610,0.00016501650165016502,0,2,0.0,0.00033003300330033004,0.000112598494271797,0.0,0.0
5723,Sealos,4553825,8.250825082508251e-05,0,1,0.0,0.00016501650165016502,0.000112598494271797,0.0,0.0
5724,Trinovantes,458691,8.250825082508251e-05,0,1,0.0,0.00016501650165016502,0.000112598494271797,0.0,0.0
5725,joaopenas,12494588,8.250825082508251e-05,0,1,0.0,0.00016501650165016502,0.000112598494271797,0.0,0.0
5726,jakebailey,5341706,8.250825082508251e-05,0,1,0.0,0.00016501650165016502,0.000112598494271797,0.0,0.0
5727,pjohanneson,21602,8.250825082508251e-05,0,1,0.0,0.00016501650165016502,0.000112598494271797,0.0,0.0
5728,AdamNorberg,19397940,8.250825082508251e-05,0,1,0.0,0.00016501650165016502,0.000112598494271797,0.0,0.0
5729,howiehu,1574884,8.250825082508251e-05,0,1,0.0,0.00016501650165016502,0.000112598494271797,0.0,0.0
5730,IagoSRL,1070576,8.250825082508251e-05,0,1,0.0,0.00022002200220022002,0.000112598494271797,0.0,0.0
5731,anasshakil,35932749,8.250825082508251e-05,0,1,0.0,0.00016501650165016502,0.000112598494271797,0.0,0.0
5732,kurt-apple,7193124,0.00016501650165016502,0,2,0.0,0.00033003300330033004,0.000112598494271797,0.0,0.0
5733,jasonhocker,1907146,8.250825082508251e-05,0,1,0.0,0.00016501650165016502,0.000112598494271797,0.0,0.0
5734,med-Haithem,79047552,0.00016501650165016502,0,2,0.0,0.19486233269388756,0.000112598494271797,1.0,0.0
5735,pumano,17675259,0.00016501650165016502,0,2,0.0,0.00033003300330033004,0.000112598494271797,0.0,0.0
5736,593-ACD,102269624,8.250825082508251e-05,0,1,0.0,0.00016501650165016502,0.000112598494271797,0.0,0.0
5737,anishkumar127,77631750,8.250825082508251e-05,0,1,0.0,0.00022002200220022002,0.000112598494271797,0.0,0.0
5738,Patricia0507,166770897,8.250825082508251e-05,0,1,0.0,0.1948461440810526,0.000112598494271797,0.0,0.0
5739,Jobians,88005779,8.250825082508251e-05,0,1,0.0,0.00016501650165016502,0.000112598494271797,0.0,0.0
5740,NeonGamerBot-QK,58448036,8.250825082508251e-05,0,1,0.0,0.00016501650165016502,0.000112598494271797,0.0,0.0
5741,brettearle,100062845,8.250825082508251e-05,0,1,0.0,0.00016501650165016502,0.000112598494271797,0.0,0.0
5742,eltatata,91573911,8.250825082508251e-05,0,1,0.0,0.00016501650165016502,0.000112598494271797,0.0,0.0
5743,An525ish,93612051,8.250825082508251e-05,0,1,0.0,0.00016501650165016502,0.000112598494271797,0.0,0.0
5744,DylasX,19805524,8.250825082508251e-05,0,1,0.0,0.00016501650165016502,0.000112598494271797,0.0,0.0
5745,targetlucked69,72330740,8.250825082508251e-05,0,1,0.0,0.17392384399730296,0.000112598494271797,0.0,0.0
5746,kasir-barati,73785723,0.00024752475247524753,0,3,0.0,0.1949109146766085,0.000112598494271797,0.3333333333333333,0.0
5747,LakshayRohilla,45042261,8.250825082508251e-05,0,1,0.0,0.00016501650165016502,0.000112598494271797,0.0,0.0
5748,GoOsTT,65498969,8.250825082508251e-05,0,1,0.0,0.00016501650165016502,0.000112598494271797,0.0,0.0
5749,DeveloperRavi8,159630002,8.250825082508251e-05,0,1,0.0,0.00016501650165016502,0.000112598494271797,0.0,0.0
5750,angezy,183237403,8.250825082508251e-05,0,1,0.0,0.00016501650165016502,0.000112598494271797,0.0,0.0
5751,dev-gabriel-henrique,170420229,8.250825082508251e-05,0,1,0.0,0.00016501650165016502,0.000112598494271797,0.0,0.0
5752,rishi-gurjar,41022502,8.250825082508251e-05,0,1,0.0,0.00016501650165016502,0.000112598494271797,0.0,0.0
5753,Bpatalano,17055419,8.250825082508251e-05,0,1,0.0,0.00016501650165016502,0.000112598494271797,0.0,0.0
5754,Willys12,139172293,8.250825082508251e-05,0,1,0.0,0.00016501650165016502,0.000112598494271797,0.0,0.0
5755,souparnaPersonal,187857215,8.250825082508251e-05,0,1,0.0,0.00016501650165016502,0.000112598494271797,0.0,0.0
5756,Tate-CC,63823334,8.250825082508251e-05,0,1,0.0,0.00016501650165016502,0.000112598494271797,0.0,0.0
5757,mysuf,16492403,0.00016501650165016502,0,2,0.0,0.17397544961825018,0.000112598494271797,0.0,0.0
5758,kerlos-alfy,64893108,8.250825082508251e-05,0,1,0.0,0.00016501650165016502,0.000112598494271797,0.0,0.0
5759,kamilmysliwiec,23244943,8.250825082508251e-05,0,1,0.0,0.17392384399730296,0.000112598494271797,0.0,0.0
5760,Fuzzyma,3540542,8.250825082508251e-05,0,1,0.0,0.00016501650165016502,0.000112598494271797,0.0,0.0
5761,viceice,1798109,8.250825082508251e-05,0,1,0.0,0.00016501650165016502,0.000112598494271797,0.0,0.0
5762,Pyker,528849,8.250825082508251e-05,0,1,0.0,0.00016501650165016502,0.000112598494271797,0.0,0.0
5763,WolfieLeader,94849853,8.250825082508251e-05,0,1,0.0,0.00016501650165016502,0.000112598494271797,0.0,0.0
5764,nondeterministic-polynomial,90438479,8.250825082508251e-05,0,1,0.0,0.00016501650165016502,0.000112598494271797,0.0,0.0
5765,m-a-rahal-os,152216288,8.250825082508251e-05,0,1,0.0,0.00016501650165016502,0.000112598494271797,0.0,0.0
5766,amirparsadd,76398455,0.00016501650165016502,0,2,0.0,0.00033003300330033004,0.000112598494271797,0.0,0.0
5767,Tekh-ops,78523194,8.250825082508251e-05,0,1,0.0,0.00016501650165016502,0.000112598494271797,0.0,0.0
5768,bloudermilk,142254,8.250825082508251e-05,0,1,0.0,0.00016501650165016502,0.000112598494271797,0.0,0.0
5769,veselov-as,134053448,8.250825082508251e-05,0,1,0.0,0.00016501650165016502,0.000112598494271797,0.0,0.0
5770,Apaarmeet,100609470,8.250825082508251e-05,0,1,0.0,0.00016501650165016502,0.000112598494271797,0.0,0.0
5771,cdavid15,3115533,8.250825082508251e-05,0,1,0.0,0.00016501650165016502,0.000112598494271797,0.0,0.0
5772,fiftyy,20678496,8.250825082508251e-05,0,1,0.0,0.00016501650165016502,0.000112598494271797,0.0,0.0
5773,azadsingh99,77088308,0.00024752475247524753,0,3,0.0,0.0004950495049504951,0.000112598494271797,0.0,0.0
5774,lroal,631501,8.250825082508251e-05,0,1,0.0,0.00016501650165016502,0.000112598494271797,0.0,0.0
5775,hamsof,66946595,8.250825082508251e-05,0,1,0.0,0.00016501650165016502,0.000112598494271797,0.0,0.0
5776,krishanu-ghosh,47105511,8.250825082508251e-05,0,1,0.0,0.00016501650165016502,0.000112598494271797,0.0,0.0
5777,ChrisNolan,22640,8.250825082508251e-05,0,1,0.0,0.00016501650165016502,0.000112598494271797,0.0,0.0
5778,socket-security[bot],95510084,0.0017326732673267327,0,21,0.0,0.21100495598225227,0.000112598494271797,0.10476190476190476,0.0
5779,meisolated,48399378,8.250825082508251e-05,0,1,0.0,0.00016501650165016502,0.000112598494271797,0.0,0.0
5780,dcamarasa,20952430,8.250825082508251e-05,0,1,0.0,0.00016501650165016502,0.000112598494271797,0.0,0.0
5781,KalenAnson,1873870,8.250825082508251e-05,0,1,0.0,0.00016501650165016502,0.000112598494271797,0.0,0.0
5782,ltndat,62195637,8.250825082508251e-05,0,1,0.0,0.00016501650165016502,0.000112598494271797,0.0,0.0
5783,kirillgroshkov,4757745,8.250825082508251e-05,0,1,0.0,0.17392384399730296,0.000112598494271797,0.0,0.0
5784,aramis-it,169289,8.250825082508251e-05,0,1,0.0,0.00016501650165016502,0.000112598494271797,0.0,0.0
5785,syedmilad92,193945141,8.250825082508251e-05,0,1,0.0,0.00016501650165016502,0.000112598494271797,0.0,0.0
5786,wilcoxmd,11249405,8.250825082508251e-05,0,1,0.0,0.00016501650165016502,0.000112598494271797,0.0,0.0
5787,banskotanup,101110161,8.250825082508251e-05,0,1,0.0,0.17119438221194383,0.000112598494271797,0.0,0.0
5788,baltej223,73211864,8.250825082508251e-05,0,1,0.0,0.17119438221194383,0.000112598494271797,0.0,0.0
5789,SimonSchick,3259089,8.250825082508251e-05,0,1,0.0,0.00016501650165016502,0.000112598494271797,0.0,0.0
5790,panva,241506,8.250825082508251e-05,0,1,0.0,0.2028685266243085,0.000112598494271797,0.0,0.0
5791,bmuenzenmeyer,298435,8.250825082508251e-05,0,1,0.0,0.17119438221194383,0.000112598494271797,0.0,0.0
5792,oliverfoster,7974663,8.250825082508251e-05,0,1,0.0,0.00016501650165016502,0.000112598494271797,0.0,0.0
5793,xxsuperdreamxx,20241808,8.250825082508251e-05,0,1,0.0,0.00022002200220022002,0.000112598494271797,0.0,0.0
5794,MrShadow50,93179015,8.250825082508251e-05,0,1,0.0,0.00016501650165016502,0.000112598494271797,0.0,0.0
5795,NetWin,7582077,8.250825082508251e-05,0,1,0.0,0.00016501650165016502,0.000112598494271797,0.0,0.0
5796,ManfredLange,1130812,8.250825082508251e-05,0,1,0.0,0.00016501650165016502,0.000112598494271797,0.0,0.0
5797,noor-tg,60521739,8.250825082508251e-05,0,1,0.0,0.00016501650165016502,0.000112598494271797,0.0,0.0
5798,xPuls3,24943573,8.250825082508251e-05,0,1,0.0,0.15658719697580656,0.000112598494271797,0.0,0.0
5799,Harsh0,20552536,8.250825082508251e-05,0,1,0.0,0.00022002200220022002,0.000112598494271797,0.0,0.0
5800,thetumper,37218954,0.00016501650165016502,0,2,0.0,0.00033003300330033004,0.000112598494271797,0.0,0.0
5801,powersjcb,5566081,8.250825082508251e-05,0,1,0.0,0.00016501650165016502,0.000112598494271797,0.0,0.0
5802,sarfat96,25195192,8.250825082508251e-05,0,1,0.0,0.00016501650165016502,0.000112598494271797,0.0,0.0
5803,charlesbodman,231894,8.250825082508251e-05,0,1,0.0,0.00016501650165016502,0.000112598494271797,0.0,0.0
5804,ZulluBalti,60227154,8.250825082508251e-05,0,1,0.0,0.00016501650165016502,0.000112598494271797,0.0,0.0
5805,fernandolangaro,66561216,8.250825082508251e-05,0,1,0.0,0.00016501650165016502,0.000112598494271797,0.0,0.0
5806,TimoPot,2789625,8.250825082508251e-05,0,1,0.0,0.00016501650165016502,0.000112598494271797,0.0,0.0
5807,Adam-Golan,52522249,8.250825082508251e-05,0,1,0.0,0.00016501650165016502,0.000112598494271797,0.0,0.0
5808,AB-70,76883659,8.250825082508251e-05,0,1,0.0,0.00016501650165016502,0.000112598494271797,0.0,0.0
5809,Akash-Warang,191325143,8.250825082508251e-05,0,1,0.0,0.00016501650165016502,0.000112598494271797,0.0,0.0
5810,LorenzoLeonardini,25388498,8.250825082508251e-05,0,1,0.0,0.00016501650165016502,0.000112598494271797,0.0,0.0
5811,destroyer22719,65511595,8.250825082508251e-05,0,1,0.0,0.00016501650165016502,0.000112598494271797,0.0,0.0
5812,Samuelplim,33794046,8.250825082508251e-05,0,1,0.0,0.00016501650165016502,0.000112598494271797,0.0,0.0
5813,scinscinscin,65155829,8.250825082508251e-05,0,1,0.0,0.00016501650165016502,0.000112598494271797,0.0,0.0
5814,Tamwyn001,50194395,8.250825082508251e-05,0,1,0.0,0.00016501650165016502,0.000112598494271797,0.0,0.0
5815,Roaders,10414642,8.250825082508251e-05,0,1,0.0,0.00016501650165016502,0.000112598494271797,0.0,0.0
5816,SakarDev,98698113,8.250825082508251e-05,0,1,0.0,0.00016501650165016502,0.000112598494271797,0.0,0.0
5817,detobel36,5373615,8.250825082508251e-05,0,1,0.0,0.00016501650165016502,0.000112598494271797,0.0,0.0
5818,JoshuaHintze,7818200,8.250825082508251e-05,0,1,0.0,0.00016501650165016502,0.000112598494271797,0.0,0.0
5819,gianlucca,1548007,8.250825082508251e-05,0,1,0.0,0.00016501650165016502,0.000112598494271797,0.0,0.0
5820,talatkuyuk,30029208,8.250825082508251e-05,0,1,0.0,0.00016501650165016502,0.000112598494271797,0.0,0.0
5821,chornbe,7502201,8.250825082508251e-05,0,1,0.0,0.00016501650165016502,0.000112598494271797,0.0,0.0
5822,aibhavesh,191900861,8.250825082508251e-05,0,1,0.0,0.00016501650165016502,0.000112598494271797,0.0,0.0
5823,yusufansari563,33633891,8.250825082508251e-05,0,1,0.0,0.00022002200220022002,0.000112598494271797,0.0,0.0
5824,sujansince2003,99068384,8.250825082508251e-05,0,1,0.0,0.00016501650165016502,0.000112598494271797,0.0,0.0
5825,RedShift1,3098010,0.00016501650165016502,0,2,0.0,0.19487852399697803,0.000112598494271797,0.0,0.0
5826,taofik-adeniyi,66045322,8.250825082508251e-05,0,1,0.0,0.00016501650165016502,0.000112598494271797,0.0,0.0
5827,MDNodeX,139620295,8.250825082508251e-05,0,1,0.0,0.00016501650165016502,0.000112598494271797,0.0,0.0
5828,CxRes,2706227,8.250825082508251e-05,0,1,0.0,0.19057146634465189,0.000112598494271797,0.0,0.0
5829,davidt-gh,176476302,8.250825082508251e-05,0,1,0.0,0.00016501650165016502,0.000112598494271797,0.0,0.0
5830,rajneeshshukla1608,65530868,8.250825082508251e-05,0,1,0.0,0.00016501650165016502,0.000112598494271797,0.0,0.0
5831,Sai-guru,165147568,8.250825082508251e-05,0,1,0.0,0.00016501650165016502,0.000112598494271797,0.0,0.0
5832,devc3tt,104304061,0.00016501650165016502,0,2,0.0,0.00033003300330033004,0.000112598494271797,0.0,0.0
5833,chehsunliu,1827699,8.250825082508251e-05,0,1,0.0,0.00022002200220022002,0.000112598494271797,0.0,0.0
5834,avifenesh,55848801,8.250825082508251e-05,0,1,0.0,0.00022002200220022002,0.000112598494271797,0.0,0.0
5835,omerbenda,34948058,8.250825082508251e-05,0,1,0.0,0.00016501650165016502,0.000112598494271797,0.0,0.0
5836,melroyvandenberg,66132222,8.250825082508251e-05,0,1,0.0,0.00016501650165016502,0.000112598494271797,0.0,0.0
5837,Kaike-R,49592480,8.250825082508251e-05,0,1,0.0,0.00016501650165016502,0.000112598494271797,0.0,0.0
5838,denniac,20957770,8.250825082508251e-05,0,1,0.0,0.00016501650165016502,0.000112598494271797,0.0,0.0
5839,developers-capacity,54505166,8.250825082508251e-05,0,1,0.0,0.00016501650165016502,0.000112598494271797,0.0,0.0
5840,ahmed-abdalkder,189095082,8.250825082508251e-05,0,1,0.0,0.17119438221194383,0.000112598494271797,0.0,0.0
5841,victoraraujo4828,180343646,8.250825082508251e-05,0,1,0.0,0.00016501650165016502,0.000112598494271797,0.0,0.0
5842,SantiagoCecena,195989993,8.250825082508251e-05,0,1,0.0,0.00016501650165016502,0.000112598494271797,0.0,0.0
5843,Yasir-Rafique,32100296,8.250825082508251e-05,0,1,0.0,0.00016501650165016502,0.000112598494271797,0.0,0.0
5844,itayg2341,186467642,8.250825082508251e-05,0,1,0.0,0.1992831197471009,0.000112598494271797,0.0,0.0
5845,deflexable,57331729,8.250825082508251e-05,0,1,0.0,0.00016501650165016502,0.000112598494271797,0.0,0.0
5846,omchaudhary007,167326628,8.250825082508251e-05,0,1,0.0,0.00016501650165016502,0.000112598494271797,0.0,0.0
5847,riazXrazor,13194363,8.250825082508251e-05,0,1,0.0,0.00016501650165016502,0.000112598494271797,0.0,0.0
5848,dev-mskhan,149887662,8.250825082508251e-05,0,1,0.0,0.00016501650165016502,0.000112598494271797,0.0,0.0
5849,Vinodbiradar09,202217842,8.250825082508251e-05,0,1,0.0,0.00016501650165016502,0.000112598494271797,0.0,0.0
5850,tagobuyhelp,141792741,8.250825082508251e-05,0,1,0.0,0.00016501650165016502,0.000112598494271797,0.0,0.0
5851,OnlyWick,53461157,8.250825082508251e-05,0,1,0.0,0.00016501650165016502,0.000112598494271797,0.0,0.0
5852,Vawet,177729057,8.250825082508251e-05,0,1,0.0,0.00016501650165016502,0.000112598494271797,0.0,0.0
5853,RijanDhakal,176648684,8.250825082508251e-05,0,1,0.0,0.00016501650165016502,0.000112598494271797,0.0,0.0
5854,himanshuchauhan59,104261570,8.250825082508251e-05,0,1,0.0,0.00016501650165016502,0.000112598494271797,0.0,0.0
5855,ikwijaya,23114902,8.250825082508251e-05,0,1,0.0,0.00016501650165016502,0.000112598494271797,0.0,0.0
5856,monarchwadia,4856944,8.250825082508251e-05,0,1,0.0,0.00016501650165016502,0.000112598494271797,0.0,0.0
5857,mihaijulien,16778468,8.250825082508251e-05,0,1,0.0,0.00016501650165016502,0.000112598494271797,0.0,0.0
5858,adiantek,13407885,8.250825082508251e-05,0,1,0.0,0.00016501650165016502,0.000112598494271797,0.0,0.0
5859,MohamedM216,113127368,8.250825082508251e-05,0,1,0.0,0.00022002200220022002,0.000112598494271797,0.0,0.0
5860,Darwinhareesh,151815178,8.250825082508251e-05,0,1,0.0,0.00016501650165016502,0.000112598494271797,0.0,0.0
5861,alandsidel,575113,8.250825082508251e-05,0,1,0.0,0.00016501650165016502,0.000112598494271797,0.0,0.0
5862,rls1994,5610021,8.250825082508251e-05,0,1,0.0,0.00016501650165016502,0.000112598494271797,0.0,0.0
5863,madcorgi,5203070,8.250825082508251e-05,0,1,0.0,0.00016501650165016502,0.000112598494271797,0.0,0.0
5864,SheldonWBM,127118806,8.250825082508251e-05,0,1,0.0,0.0003712871287128713,0.000112598494271797,0.0,0.0
5865,elrefai99,92131122,8.250825082508251e-05,0,1,0.0,0.00016501650165016502,0.000112598494271797,0.0,0.0
5866,marcellino-ornelas,35247622,8.250825082508251e-05,0,1,0.0,0.00016501650165016502,0.000112598494271797,0.0,0.0
5867,jaymodicr12,145663067,8.250825082508251e-05,0,1,0.0,0.00016501650165016502,0.000112598494271797,0.0,0.0
5868,dongjour99,232566268,8.250825082508251e-05,0,1,0.0,0.00016501650165016502,0.000112598494271797,0.0,0.0
5869,Sujata-sharma27,174866818,8.250825082508251e-05,0,1,0.0,0.00016501650165016502,0.000112598494271797,0.0,0.0
5870,samuelhenshaw2020,23129999,8.250825082508251e-05,0,1,0.0,0.00016501650165016502,0.000112598494271797,0.0,0.0
5871,makemake-kbo,55022497,8.250825082508251e-05,0,1,0.0,0.00016501650165016502,0.000112598494271797,0.0,0.0
5872,evenstensberg,16735925,8.250825082508251e-05,0,1,0.0,0.00022002200220022002,0.000112598494271797,0.0,0.0
5873,emreisik95,17096129,8.250825082508251e-05,0,1,0.0,0.00016501650165016502,0.000112598494271797,0.0,0.0
5874,abs007,53483248,8.250825082508251e-05,0,1,0.0,0.00016501650165016502,0.000112598494271797,0.0,0.0
5875,anay-208,96932471,8.250825082508251e-05,0,1,0.0,0.00016501650165016502,0.000112598494271797,0.0,0.0
5876,merlinaudio,85179170,8.250825082508251e-05,0,1,0.0,0.00016501650165016502,0.000112598494271797,0.0,0.0
5877,krushndayshmookh,10362528,8.250825082508251e-05,0,1,0.0,0.00016501650165016502,0.000112598494271797,0.0,0.0
5878,Davis-3450,64158093,8.250825082508251e-05,0,1,0.0,0.00016501650165016502,0.000112598494271797,0.0,0.0
5879,mohdlatif,56746772,8.250825082508251e-05,0,1,0.0,0.00016501650165016502,0.000112598494271797,0.0,0.0
5880,sunillshastry,60114518,8.250825082508251e-05,0,1,0.0,0.00016501650165016502,0.000112598494271797,0.0,0.0
5881,worty76,93462156,8.250825082508251e-05,0,1,0.0,0.00016501650165016502,0.000112598494271797,0.0,0.0
5882,Devashish08,91193239,8.250825082508251e-05,0,1,0.0,0.00016501650165016502,0.000112598494271797,0.0,0.0
5883,DipakHalkude,128908555,8.250825082508251e-05,0,1,0.0,0.00016501650165016502,0.000112598494271797,0.0,0.0
5884,ishaaqsuffyan,192471641,8.250825082508251e-05,0,1,0.0,0.00016501650165016502,0.000112598494271797,0.0,0.0
5885,0xshae,109907086,8.250825082508251e-05,0,1,0.0,0.00016501650165016502,0.000112598494271797,0.0,0.0
5886,Badbird5907,50347938,8.250825082508251e-05,0,1,0.0,0.00016501650165016502,0.000112598494271797,0.0,0.0
5887,AnkanMisra,143676135,8.250825082508251e-05,0,1,0.0,0.00016501650165016502,0.000112598494271797,0.0,0.0
5888,aprici7y,144786415,8.250825082508251e-05,0,1,0.0,0.00022002200220022002,0.000112598494271797,0.0,0.0
5889,Cequallium,85212821,8.250825082508251e-05,0,1,0.0,0.00016501650165016502,0.000112598494271797,0.0,0.0
5890,0xlynett,125699416,8.250825082508251e-05,0,1,0.0,0.00022002200220022002,0.000112598494271797,0.0,0.0
5891,gokul1630,43679827,8.250825082508251e-05,0,1,0.0,0.00022002200220022002,0.000112598494271797,0.0,0.0
5892,petercunha,10228811,8.250825082508251e-05,0,1,0.0,0.00022002200220022002,0.000112598494271797,0.0,0.0
5893,Imold,3978545,8.250825082508251e-05,0,1,0.0,0.00016501650165016502,0.000112598494271797,0.0,0.0
5894,avivkeller,38299977,8.250825082508251e-05,0,1,0.0,0.00016501650165016502,0.000112598494271797,0.0,0.0
5895,i-m-abbhay,82487231,8.250825082508251e-05,0,1,0.0,0.00016501650165016502,0.000112598494271797,0.0,0.0
5896,deltabravozulu,8893396,8.250825082508251e-05,0,1,0.0,0.00016501650165016502,0.000112598494271797,0.0,0.0
5897,SreedharAvvari,55550219,8.250825082508251e-05,0,1,0.0,0.00016501650165016502,0.000112598494271797,0.0,0.0
5898,apali17,85605301,8.250825082508251e-05,0,1,0.0,0.00016501650165016502,0.000112598494271797,0.0,0.0
5899,Anirudh0616,82499161,0.00016501650165016502,0,2,0.0,0.0003712871287128713,0.000112598494271797,0.0,0.0
5900,shashankbenakatti,166205317,8.250825082508251e-05,0,1,0.0,0.00016501650165016502,0.000112598494271797,0.0,0.0
5901,KernelDeimos,7225168,8.250825082508251e-05,0,1,0.0,0.00022002200220022002,0.000112598494271797,0.0,0.0
5902,Atelloblue,137169870,0.00016501650165016502,0,2,0.0,0.00033003300330033004,0.000112598494271797,0.0,0.0
5903,RasyiidWho,19422415,8.250825082508251e-05,0,1,0.0,0.00016501650165016502,0.000112598494271797,0.0,0.0
5904,reecepbcups,31943163,8.250825082508251e-05,0,1,0.0,0.00022002200220022002,0.000112598494271797,0.0,0.0
5905,theraghavjuneja,142654162,8.250825082508251e-05,0,1,0.0,0.00016501650165016502,0.000112598494271797,0.0,0.0
5906,ganeshbhagwat123924,190255774,8.250825082508251e-05,0,1,0.0,0.00022002200220022002,0.000112598494271797,0.0,0.0
5907,3xpl0itk1t,64297193,8.250825082508251e-05,0,1,0.0,0.00016501650165016502,0.000112598494271797,0.0,0.0
5908,minhperry,46137516,8.250825082508251e-05,0,1,0.0,0.00016501650165016502,0.000112598494271797,0.0,0.0
5909,wgzv,54884842,0.00024752475247524753,0,3,0.0,0.1928593895488554,0.000112598494271797,0.0,0.0
5910,r-shafi,36025092,8.250825082508251e-05,0,1,0.0,0.00016501650165016502,0.000112598494271797,0.0,0.0
5911,AndreiAyar,49005196,8.250825082508251e-05,0,1,0.0,0.00016501650165016502,0.000112598494271797,0.0,0.0
5912,toastsandwich,83450905,0.00016501650165016502,0,2,0.0,0.00033003300330033004,0.000112598494271797,0.0,0.0
5913,hypothermic,32428346,8.250825082508251e-05,0,1,0.0,0.00016501650165016502,0.000112598494271797,0.0,0.0
5914,mitexleo,114842102,8.250825082508251e-05,0,1,0.0,0.19276428341445143,0.000112598494271797,0.0,0.0
5915,gigachad80,172090476,8.250825082508251e-05,0,1,0.0,0.19276428341445143,0.000112598494271797,0.0,0.0
5916,WMK965,45136873,8.250825082508251e-05,0,1,0.0,0.19276428341445143,0.000112598494271797,0.0,0.0
5917,foobar-p5,144765110,8.250825082508251e-05,0,1,0.0,0.00016501650165016502,0.000112598494271797,0.0,0.0
5918,jtokoph,346225,8.250825082508251e-05,0,1,0.0,0.00022002200220022002,0.000112598494271797,0.0,0.0
5919,Vaisakhkm2625,68694876,8.250825082508251e-05,0,1,0.0,0.00022002200220022002,0.000112598494271797,0.0,0.0
5920,rmartins0,200112493,8.250825082508251e-05,0,1,0.0,0.00016501650165016502,0.000112598494271797,0.0,0.0
5921,rojinc,156387881,0.00016501650165016502,0,2,0.0,0.00033003300330033004,0.000112598494271797,0.0,0.0
5922,albidoo,226829821,8.250825082508251e-05,0,1,0.0,0.00016501650165016502,0.000112598494271797,0.0,0.0
5923,SauravKhare,8480490,8.250825082508251e-05,0,1,0.0,0.00016501650165016502,0.000112598494271797,0.0,0.0
5924,spacejupiter,31283651,8.250825082508251e-05,0,1,0.0,0.00016501650165016502,0.000112598494271797,0.0,0.0
5925,ByteJoseph,131424720,8.250825082508251e-05,0,1,0.0,0.00016501650165016502,0.000112598494271797,0.0,0.0
5926,mahmud-r-farhan,114731414,8.250825082508251e-05,0,1,0.0,0.00016501650165016502,0.000112598494271797,0.0,0.0
5927,ken-ten,155018014,0.00016501650165016502,0,2,0.0,0.00033003300330033004,0.000112598494271797,0.0,0.0
5928,Shubhamkahar196,132445401,8.250825082508251e-05,0,1,0.0,0.00016501650165016502,0.000112598494271797,0.0,0.0
5929,Talha089,37252998,8.250825082508251e-05,0,1,0.0,0.00016501650165016502,0.000112598494271797,0.0,0.0
5930,abhisekp,1029200,0.00016501650165016502,0,2,0.0,0.00044004400440044003,0.000112598494271797,0.0,0.0
5931,efekrskl,8130264,0.0017326732673267327,0,21,0.0,0.2009459213637899,0.000112598494271797,0.10952380952380952,0.0
5932,pw-64,64085841,8.250825082508251e-05,0,1,0.0,0.00016501650165016502,0.000112598494271797,0.0,0.0
5933,rreeves8,71095829,0.00016501650165016502,0,2,0.0,0.00044004400440044003,0.000112598494271797,0.0,0.0
5934,xahmedalam,124316347,8.250825082508251e-05,0,1,0.0,0.00016501650165016502,0.000112598494271797,0.0,0.0
5935,shubhanshu2103,176730256,8.250825082508251e-05,0,1,0.0,0.00016501650165016502,0.000112598494271797,0.0,0.0
5936,Fredneyy,69763370,8.250825082508251e-05,0,1,0.0,0.00016501650165016502,0.000112598494271797,0.0,0.0
5937,Danrejk,114954056,8.250825082508251e-05,0,1,0.0,0.00016501650165016502,0.000112598494271797,0.0,0.0
5938,rjkush17,144590732,8.250825082508251e-05,0,1,0.0,0.00016501650165016502,0.000112598494271797,0.0,0.0
5939,AradhyShrestha,233110122,8.250825082508251e-05,0,1,0.0,0.1948461440810526,0.000112598494271797,0.0,0.0
5940,eddycurrenti,145844249,8.250825082508251e-05,0,1,0.0,0.00016501650165016502,0.000112598494271797,0.0,0.0
5941,yaxit24,184504431,8.250825082508251e-05,0,1,0.0,0.00016501650165016502,0.000112598494271797,0.0,0.0
5942,nelsonleblanc-rl,109684286,8.250825082508251e-05,0,1,0.0,0.1948461440810526,0.000112598494271797,0.0,0.0
5943,chj957654195,30451680,8.250825082508251e-05,0,1,0.0,0.1948461440810526,0.000112598494271797,0.0,0.0
5944,clemens,3749,8.250825082508251e-05,0,1,0.0,0.1948461440810526,0.000112598494271797,0.0,0.0
5945,earthlingdavey,15802017,8.250825082508251e-05,0,1,0.0,0.1948461440810526,0.000112598494271797,0.0,0.0
5946,bogy0,5119480,8.250825082508251e-05,0,1,0.0,0.1948461440810526,0.000112598494271797,0.0,0.0
5947,sefinek,92880265,8.250825082508251e-05,0,1,0.0,0.1948461440810526,0.000112598494271797,0.0,0.0
5948,AndreiIgna,263021,8.250825082508251e-05,0,1,0.0,0.15308158973328312,0.000112598494271797,0.0,0.0
5949,prasad-prince,201124689,0.00016501650165016502,0,2,0.0,0.00033003300330033004,0.000112598494271797,0.0,0.0
5950,sanwalsulehri,173961159,8.250825082508251e-05,0,1,0.0,0.19057146634465189,0.000112598494271797,0.0,0.0
5951,vishalgupta-02,101015515,8.250825082508251e-05,0,1,0.0,0.00016501650165016502,0.000112598494271797,0.0,0.0
5952,samarJ19,140048595,8.250825082508251e-05,0,1,0.0,0.00016501650165016502,0.000112598494271797,0.0,0.0
5953,Ben-CA,47060874,8.250825082508251e-05,0,1,0.0,0.14839373845641446,0.000112598494271797,0.0,0.0
5954,remyoudemans,31566929,8.250825082508251e-05,0,1,0.0,0.14839373845641446,0.000112598494271797,0.0,0.0
5955,sergio-tao,202949788,8.250825082508251e-05,0,1,0.0,0.1948461440810526,0.000112598494271797,0.0,0.0
5956,rafipiccolo,4191558,8.250825082508251e-05,0,1,0.0,0.14839373845641446,0.000112598494271797,0.0,0.0
5957,kroleg,690135,8.250825082508251e-05,0,1,0.0,0.14839373845641446,0.000112598494271797,0.0,0.0
5958,francescorivola,1663815,8.250825082508251e-05,0,1,0.0,0.14839373845641446,0.000112598494271797,0.0,0.0
5959,SomeRandomFella,182822507,8.250825082508251e-05,0,1,0.0,0.00016501650165016502,0.000112598494271797,0.0,0.0
5960,serhalp,1377702,8.250825082508251e-05,0,1,0.0,0.1948461440810526,0.000112598494271797,0.0,0.0
5961,esat54,165473770,8.250825082508251e-05,0,1,0.0,0.00016501650165016502,0.000112598494271797,0.0,0.0
5962,byteforge38,4217675,8.250825082508251e-05,0,1,0.0,0.19057146634465189,0.000112598494271797,0.0,0.0
5963,forivall,760204,8.250825082508251e-05,0,1,0.0,0.14839373845641446,0.000112598494271797,0.0,0.0
5964,jaenster,31186222,8.250825082508251e-05,0,1,0.0,0.1948461440810526,0.000112598494271797,0.0,0.0
5965,jpblair,10817512,8.250825082508251e-05,0,1,0.0,0.14839373845641446,0.000112598494271797,0.0,0.0
5966,skyshy0707,29974593,8.250825082508251e-05,0,1,0.0,0.00016501650165016502,0.000112598494271797,0.0,0.0
5967,trymeouteh,31172274,8.250825082508251e-05,0,1,0.0,0.00016501650165016502,0.000112598494271797,0.0,0.0
5968,slidenerd,5139030,8.250825082508251e-05,0,1,0.0,0.00016501650165016502,0.000112598494271797,0.0,0.0
5969,LovekeshAnand,164208889,8.250825082508251e-05,0,1,0.0,0.00016501650165016502,0.000112598494271797,0.0,0.0
5970,MOHIT51196,21965519,8.250825082508251e-05,0,1,0.0,0.00016501650165016502,0.000112598494271797,0.0,0.0
5971,Muhammad-Rahim-2024,188979544,0.00016501650165016502,0,2,0.0,0.00033003300330033004,0.000112598494271797,0.0,0.0
5972,EduardoAC,2104706,8.250825082508251e-05,0,1,0.0,0.00016501650165016502,0.000112598494271797,0.0,0.0
5973,aniruddhaadak80,127435065,8.250825082508251e-05,0,1,0.0,0.1948461440810526,0.000112598494271797,0.0,0.0
5974,mahmoodhamdi,148990144,8.250825082508251e-05,0,1,0.0,0.00016501650165016502,0.000112598494271797,0.0,0.0
5975,logaretm,6261322,0.00016501650165016502,0,2,0.0,0.1712727119000492,0.000112598494271797,0.0,0.0
5976,Joaovtrc,21270015,8.250825082508251e-05,0,1,0.0,0.00016501650165016502,0.000112598494271797,0.0,0.0
5977,guptasomnath,131764381,8.250825082508251e-05,0,1,0.0,0.00016501650165016502,0.000112598494271797,0.0,0.0
5978,minotogna,1138156,8.250825082508251e-05,0,1,0.0,0.14839373845641446,0.000112598494271797,0.0,0.0
5979,nidhishgajjar,72427739,0.0012376237623762376,0,15,0.0,0.1956499271004267,0.000112598494271797,0.02857142857142857,0.0
5980,bhupeshjoshi119,240463180,8.250825082508251e-05,0,1,0.0,0.00016501650165016502,0.000112598494271797,0.0,0.0
5981,Qodo-Free-For-OSS,273105187,0.0005775577557755776,0,7,0.0,0.0011551155115511551,0.000112598494271797,0.0,0.0
5982,siblznbitz,17561569,8.250825082508251e-05,0,1,0.0,0.00022002200220022002,0.000112598494271797,0.0,0.0
5983,daniel-dia,2263037,8.250825082508251e-05,0,1,0.0,0.00022002200220022002,0.000112598494271797,0.0,0.0
5984,godwincod3s,114894599,8.250825082508251e-05,0,1,0.0,0.00016501650165016502,0.000112598494271797,0.0,0.0
5985,yoriichi-07,181567116,8.250825082508251e-05,0,1,0.0,0.00016501650165016502,0.000112598494271797,0.0,0.0
5986,Vaithish-techie,178707072,8.250825082508251e-05,0,1,0.0,0.00016501650165016502,0.000112598494271797,0.0,0.0
5987,yogeswar007-coder,172479468,8.250825082508251e-05,0,1,0.0,0.00016501650165016502,0.000112598494271797,0.0,0.0
5988,delaaxe,1091900,8.250825082508251e-05,0,1,0.0,0.00016501650165016502,0.000112598494271797,0.0,0.0
5989,bunkat,665885,8.250825082508251e-05,0,1,0.0,0.00037718057520037715,0.000112598494271797,0.0,0.0
5990,nikagar4,12752783,8.250825082508251e-05,0,1,0.0,0.00016501650165016502,0.000112598494271797,0.0,0.0
5991,mendoanjoe,21172051,8.250825082508251e-05,0,1,0.0,0.12751389312801775,0.000112598494271797,0.0,0.0
5992,samkamer,18717719,8.250825082508251e-05,0,1,0.0,0.15386492398501808,0.000112598494271797,0.0,0.0
5993,bdougie,5713670,8.250825082508251e-05,0,1,0.0,0.00016501650165016502,0.000112598494271797,0.0,0.0
5994,dcodeIO,1136893,8.250825082508251e-05,0,1,0.0,0.00016501650165016502,0.000112598494271797,0.0,0.0
5995,rheh,1724245,0.00016501650165016502,0,2,0.0,0.00033003300330033004,0.000112598494271797,0.0,0.0
5996,anshup7,19694877,8.250825082508251e-05,0,1,0.0,0.00016501650165016502,0.000112598494271797,0.0,0.0
5997,suyundukov,14142638,0.00016501650165016502,0,2,0.0,0.00033003300330033004,0.000112598494271797,0.0,0.0
5998,giraffesyo,10459772,8.250825082508251e-05,0,1,0.0,0.00016501650165016502,0.000112598494271797,0.0,0.0
5999,cikay,24587499,8.250825082508251e-05,0,1,0.0,0.00016501650165016502,0.000112598494271797,0.0,0.0
6000,srkds,61644078,8.250825082508251e-05,0,1,0.0,0.00016501650165016502,0.000112598494271797,0.0,0.0
6001,jaw0r3k,76836550,8.250825082508251e-05,0,1,0.0,0.00016501650165016502,0.000112598494271797,0.0,0.0
6002,SwapnilSoni1999,25403317,8.250825082508251e-05,0,1,0.0,0.00016501650165016502,0.000112598494271797,0.0,0.0
6003,sr229,14976516,8.250825082508251e-05,0,1,0.0,0.00016501650165016502,0.000112598494271797,0.0,0.0
6004,dwelch2344,160142,8.250825082508251e-05,0,1,0.0,0.1948461440810526,0.000112598494271797,0.0,0.0
6005,davinash97,56125142,8.250825082508251e-05,0,1,0.0,0.1948461440810526,0.000112598494271797,0.0,0.0
6006,Varunatgithub368,113716260,8.250825082508251e-05,0,1,0.0,0.1948461440810526,0.000112598494271797,0.0,0.0
6007,v1rtl,35937217,8.250825082508251e-05,0,1,0.0,0.00016501650165016502,0.000112598494271797,0.0,0.0
6008,tannerironworx,138406227,8.250825082508251e-05,0,1,0.0,0.2028685266243085,0.000112598494271797,0.0,0.0
6009,ashkulz,854352,8.250825082508251e-05,0,1,0.0,0.00016501650165016502,0.000112598494271797,0.0,0.0
6010,mlaopane,23735276,8.250825082508251e-05,0,1,0.0,0.00016501650165016502,0.000112598494271797,0.0,0.0
6011,hamidrezaghavami,161077982,8.250825082508251e-05,0,1,0.0,0.17119438221194383,0.000112598494271797,0.0,0.0
6012,Jayx239,5461063,8.250825082508251e-05,0,1,0.0,0.16055332942932848,0.000112598494271797,0.0,0.0
6013,Cycloctane,111191986,8.250825082508251e-05,0,1,0.0,0.00016501650165016502,0.000112598494271797,0.0,0.0
6014,lululolily,66918373,8.250825082508251e-05,0,1,0.0,0.00016501650165016502,0.000112598494271797,0.0,0.0
6015,AkashDev01,98793792,8.250825082508251e-05,0,1,0.0,0.00022002200220022002,0.000112598494271797,0.0,0.0
6016,shubhamdixit863,25385196,8.250825082508251e-05,0,1,0.0,0.00016501650165016502,0.000112598494271797,0.0,0.0
6017,anuragdaksh7,84393491,8.250825082508251e-05,0,1,0.0,0.00016501650165016502,0.000112598494271797,0.0,0.0
6018,copilot-pull-request-reviewer[bot],175728472,0.0007425742574257426,0,9,0.0,0.15869808906926594,0.000112598494271797,0.0,0.0
6019,themavik,179817126,0.00024752475247524753,0,3,0.0,0.0004950495049504951,0.000112598494271797,0.0,0.0
6020,Hardanish-Singh,61027578,0.0008250825082508251,0,10,0.0,0.20015416459762658,0.000112598494271797,0.2222222222222222,0.0
6021,SleepyStew,75189901,8.250825082508251e-05,0,1,0.0,0.00016501650165016502,0.000112598494271797,0.0,0.0
6022,RafaelGSS,26234614,8.250825082508251e-05,0,1,0.0,0.15820324022284185,0.000112598494271797,0.0,0.0
6023,tagda-coder,83112278,8.250825082508251e-05,0,1,0.0,0.00016501650165016502,0.000112598494271797,0.0,0.0
6024,kushalP7,177914002,8.250825082508251e-05,0,1,0.0,0.00016501650165016502,0.000112598494271797,0.0,0.0
6025,Whiskas101,108995605,8.250825082508251e-05,0,1,0.0,0.00016501650165016502,0.000112598494271797,0.0,0.0
6026,Bbjj88h,108502045,0.00041254125412541255,0,5,0.0,0.20410434568824562,0.000112598494271797,1.0,0.0
6027,Eyepan,68371938,8.250825082508251e-05,0,1,0.0,0.00016501650165016502,0.000112598494271797,0.0,0.0
6028,Gayokshagna,145148166,8.250825082508251e-05,0,1,0.0,0.00016501650165016502,0.000112598494271797,0.0,0.0
6029,K-Ishwar,133922675,8.250825082508251e-05,0,1,0.0,0.00016501650165016502,0.000112598494271797,0.0,0.0
6030,renatocfrancisco,56325092,8.250825082508251e-05,0,1,0.0,0.1948461440810526,0.000112598494271797,0.0,0.0
6031,ruddermann,155570043,8.250825082508251e-05,0,1,0.0,0.1948461440810526,0.000112598494271797,0.0,0.0
6032,Bishal07-glitch,109846516,8.250825082508251e-05,0,1,0.0,0.00016501650165016502,0.000112598494271797,0.0,0.0
6033,chaqchase,92867709,0.00024752475247524753,0,3,0.0,0.13600249558153846,0.000112598494271797,0.0,0.0
6034,saqi3492,67510524,8.250825082508251e-05,0,1,0.0,0.146164965493184,0.000112598494271797,0.0,0.0
6035,karabayyazilim,45515180,8.250825082508251e-05,0,1,0.0,0.00016501650165016502,0.000112598494271797,0.0,0.0
6036,mroderick,20321,8.250825082508251e-05,0,1,0.0,0.00016501650165016502,0.000112598494271797,0.0,0.0
6037,miladezzat,27713902,8.250825082508251e-05,0,1,0.0,0.00016501650165016502,0.000112598494271797,0.0,0.0
6038,0xvbetsun,23115198,8.250825082508251e-05,0,1,0.0,0.00016501650165016502,0.000112598494271797,0.0,0.0
6039,bfu4,46942366,8.250825082508251e-05,0,1,0.0,0.00016501650165016502,0.000112598494271797,0.0,0.0
6040,JackRKelly,42853339,8.250825082508251e-05,0,1,0.0,0.00016501650165016502,0.000112598494271797,0.0,0.0
6041,twnlink,31049082,8.250825082508251e-05,0,1,0.0,0.00016501650165016502,0.000112598494271797,0.0,0.0
6042,ssyrota,56842028,0.00016501650165016502,0,2,0.0,0.20204712580148435,0.000112598494271797,1.0,0.0
6043,vanduc1102,3014017,8.250825082508251e-05,0,1,0.0,0.00016501650165016502,0.000112598494271797,0.0,0.0
6044,jpeedroza,67215104,8.250825082508251e-05,0,1,0.0,0.00016501650165016502,0.000112598494271797,0.0,0.0
6045,santosh,1515991,8.250825082508251e-05,0,1,0.0,0.19276428341445143,0.000112598494271797,0.0,0.0
6046,geraintcjy,47976336,8.250825082508251e-05,0,1,0.0,0.19276428341445143,0.000112598494271797,0.0,0.0
6047,4ldas,40773946,8.250825082508251e-05,0,1,0.0,0.00016501650165016502,0.000112598494271797,0.0,0.0
6048,raulpy271,56479285,0.00016501650165016502,0,2,0.0,0.00033003300330033004,0.000112598494271797,0.0,0.0
6049,amantiwari1,53963065,8.250825082508251e-05,0,1,0.0,0.00016501650165016502,0.000112598494271797,0.0,0.0
6050,heithemmoumni,18581851,8.250825082508251e-05,0,1,0.0,0.1361999440362155,0.000112598494271797,0.0,0.0
6051,PeterF521,61094663,8.250825082508251e-05,0,1,0.0,0.1361999440362155,0.000112598494271797,0.0,0.0
6052,kazinoman,53597501,8.250825082508251e-05,0,1,0.0,0.00016501650165016502,0.000112598494271797,0.0,0.0
6053,burntsugar,6642149,8.250825082508251e-05,0,1,0.0,0.00016501650165016502,0.000112598494271797,0.0,0.0
6054,otiagoluz,38657899,8.250825082508251e-05,0,1,0.0,0.00016501650165016502,0.000112598494271797,0.0,0.0
6055,js-kyle,23022619,8.250825082508251e-05,0,1,0.0,0.15386492398501808,0.000112598494271797,0.0,0.0
6056,uchibeke,5677552,8.250825082508251e-05,0,1,0.0,0.00016501650165016502,0.000112598494271797,0.0,0.0
6057,evaporei,15306309,8.250825082508251e-05,0,1,0.0,0.00016501650165016502,0.000112598494271797,0.0,0.0
6058,ameriania,17880183,8.250825082508251e-05,0,1,0.0,0.00016501650165016502,0.000112598494271797,0.0,0.0
6059,RodolfoSilva,1703020,8.250825082508251e-05,0,1,0.0,0.2028685266243085,0.000112598494271797,0.0,0.0
6060,mcnaveen,8493007,8.250825082508251e-05,0,1,0.0,0.24131732033168335,0.000112598494271797,0.0,0.0
