source,target,weight
5,8,2.0
8,3778,2.0
16,15,2.0
23,8,2.0
23,29,36.0
23,116,2.0
23,150,44.0
23,208,7.0
23,234,2.0
23,312,8.0
23,380,2.0
23,499,30.0
23,510,3.0
23,580,4.0
23,634,2.0
23,700,6.0
23,704,27.0
23,707,5.0
23,720,12.0
23,756,2.0
23,760,2.0
23,773,4.0
23,810,2.0
23,850,5.0
23,990,3.0
23,1126,23.0
23,1571,2.0
23,1646,2.0
23,1673,6.0
23,1827,2.0
23,1840,7.0
23,2080,2.0
23,2090,4.0
23,2095,2.0
23,2117,2.0
23,2119,4.0
23,2146,4.0
23,2169,10.0
23,2247,4.0
23,2326,2.0
23,2370,2.0
23,2379,2.0
23,2418,4.0
23,2444,2.0
23,2453,2.0
23,2462,6.0
23,2473,6.0
23,2503,4.0
23,2523,5.0
23,2525,10.0
23,2531,4.0
23,2539,2.0
23,2543,2.0
23,2548,2.0
23,2569,4.0
23,2579,2.0
23,2588,4.0
23,2593,5.0
23,2611,2.0
23,2613,5.0
23,2614,2.0
23,2617,4.0
23,2620,2.0
23,2621,2.0
23,2624,4.0
23,2626,4.0
23,2633,7.0
23,2634,2.0
23,2642,6.0
23,2647,5.0
23,2649,5.0
23,2670,6.0
23,2680,4.0
23,2698,2.0
23,2699,2.0
23,2707,4.0
23,2789,12.0
23,2798,6.0
23,2805,6.0
23,2843,2.0
23,2884,2.0
23,2885,4.0
23,2898,2.0
23,2928,2.0
23,2997,4.0
23,3026,2.0
23,3044,2.0
23,3054,2.0
23,3055,4.0
23,3171,8.0
23,3338,4.0
23,3339,4.0
23,3478,2.0
23,3793,2.0
29,23,38.0
29,53,29.0
29,61,7.0
29,63,2.0
29,64,5.0
29,66,4.0
29,78,8.0
29,82,2.0
29,103,5.0
29,137,4.0
29,138,37.0
29,143,6.0
29,145,7.0
29,150,93.0
29,152,2.0
29,153,10.0
29,164,22.0
29,165,5.0
29,166,2.0
29,182,5.0
29,199,3.0
29,203,5.0
29,205,10.0
29,208,5.0
29,218,9.0
29,262,6.0
29,265,3.0
29,276,2.0
29,332,3.0
29,472,4.0
29,474,2.0
29,499,98.0
29,508,106.0
29,583,2.0
29,700,3.0
29,740,2.0
29,746,2.0
29,747,2.0
29,786,5.0
29,810,14.0
29,846,3.0
29,847,3.0
29,871,3.0
29,909,5.0
29,926,9.0
29,953,5.0
29,954,3.0
29,960,6.0
29,981,5.0
29,987,2.0
29,996,3.0
29,998,3.0
29,1005,3.0
29,1007,2.0
29,1028,7.0
29,1051,5.0
29,1056,2.0
29,1157,4.0
29,1269,4.0
29,1294,31.0
29,1401,4.0
29,1407,5.0
29,1620,18.0
29,1631,5.0
29,1660,2.0
29,1668,2.0
29,1672,7.0
29,1673,5.0
29,1677,4.0
29,1678,2.0
29,1681,4.0
29,1697,7.0
29,1701,2.0
29,1707,4.0
29,1708,4.0
29,1714,4.0
29,1719,2.0
29,1720,3.0
29,1723,8.0
29,1724,7.0
29,1728,7.0
29,1736,4.0
29,1737,2.0
29,1745,2.0
29,1746,2.0
29,1748,2.0
29,1749,4.0
29,1751,4.0
29,1752,8.0
29,1756,7.0
29,1764,2.0
29,1888,5.0
29,1913,2.0
29,1976,5.0
29,1997,2.0
29,2047,2.0
29,2247,5.0
29,2438,4.0
29,2503,5.0
29,2551,7.0
29,2804,4.0
29,2915,2.0
29,2918,4.0
29,2955,3.0
32,66,4.0
32,129,2.0
32,138,10.0
32,150,34.0
32,179,2.0
32,242,4.0
32,243,4.0
32,262,12.0
32,277,4.0
32,300,4.0
32,320,2.0
32,363,2.0
32,375,4.0
32,389,4.0
32,392,2.0
32,393,2.0
32,399,2.0
32,459,2.0
32,718,2.0
32,720,6.0
66,23,12.0
66,29,2.0
66,138,8.0
66,150,72.0
66,164,4.0
66,191,2.0
66,233,5.0
66,246,4.0
66,256,3.0
66,341,3.0
66,344,3.0
66,499,14.0
66,602,3.0
66,615,3.0
66,674,12.0
66,926,4.0
66,1052,2.0
66,1067,4.0
66,1118,5.0
66,1189,2.0
66,1201,2.0
66,1210,2.0
66,1228,3.0
66,1255,6.0
68,70,4.0
68,170,2.0
82,175,4.0
82,190,6.0
82,810,6.0
83,116,2.0
88,166,2.0
92,1474,2.0
106,110,4.0
106,115,4.0
106,116,4.0
122,127,2.0
129,130,4.0
129,164,2.0
129,175,2.0
129,190,8.0
129,218,4.0
129,683,2.0
134,1673,4.0
137,47,10.0
137,49,4.0
137,63,4.0
137,116,16.0
137,127,2.0
137,138,2.0
138,6,3.0
138,15,5.0
138,23,12.0
138,29,36.0
138,32,81.0
138,36,101.0
138,38,3.0
138,61,4.0
138,63,2.0
138,66,10.0
138,67,5.0
138,69,3.0
138,71,3.0
138,72,10.0
138,73,6.0
138,78,13.0
138,82,4.0
138,86,7.0
138,87,9.0
138,89,9.0
138,97,16.0
138,98,3.0
138,104,7.0
138,105,7.0
138,106,5.0
138,116,2.0
138,118,7.0
138,122,7.0
138,127,3.0
138,129,50.0
138,130,12.0
138,132,3.0
138,137,9.0
138,139,5.0
138,140,5.0
138,148,3.0
138,149,3.0
138,150,212.0
138,152,8.0
138,156,3.0
138,157,3.0
138,160,4.0
138,161,5.0
138,162,7.0
138,163,7.0
138,165,7.0
138,166,7.0
138,169,3.0
138,170,14.0
138,175,98.0
138,176,3.0
138,179,13.0
138,180,5.0
138,181,5.0
138,186,3.0
138,187,7.0
138,188,10.0
138,190,45.0
138,191,7.0
138,192,9.0
138,195,4.0
138,207,3.0
138,208,3.0
138,209,3.0
138,210,7.0
138,212,7.0
138,213,5.0
138,219,9.0
138,225,5.0
138,233,4.0
138,234,3.0
138,241,6.0
138,242,6.0
138,246,2.0
138,257,3.0
138,262,26.0
138,268,3.0
138,274,3.0
138,275,3.0
138,276,2.0
138,277,5.0
138,289,6.0
138,291,4.0
138,294,3.0
138,296,3.0
138,299,2.0
138,300,3.0
138,304,3.0
138,305,3.0
138,307,3.0
138,308,3.0
138,309,3.0
138,312,4.0
138,317,3.0
138,318,4.0
138,320,3.0
138,322,3.0
138,323,3.0
138,324,3.0
138,328,3.0
138,333,3.0
138,336,3.0
138,337,3.0
138,339,3.0
138,340,3.0
138,349,4.0
138,350,3.0
138,351,3.0
138,352,3.0
138,353,3.0
138,354,2.0
138,357,3.0
138,358,5.0
138,362,3.0
138,364,55.0
138,365,2.0
138,366,3.0
138,367,5.0
138,368,3.0
138,370,3.0
138,373,3.0
138,375,5.0
138,377,9.0
138,379,8.0
138,380,8.0
138,381,5.0
138,382,7.0
138,384,5.0
138,385,3.0
138,386,3.0
138,388,31.0
138,389,4.0
138,394,3.0
138,403,2.0
138,421,3.0
138,422,3.0
138,423,5.0
138,424,3.0
138,427,5.0
138,428,5.0
138,432,7.0
138,433,7.0
138,439,3.0
138,440,9.0
138,454,3.0
138,456,3.0
138,459,9.0
138,461,3.0
138,463,5.0
138,465,12.0
138,470,2.0
138,472,2.0
138,475,3.0
138,476,3.0
138,477,5.0
138,478,3.0
138,479,4.0
138,483,2.0
138,484,3.0
138,489,3.0
138,494,3.0
138,497,6.0
138,498,3.0
138,499,57.0
138,500,3.0
138,501,3.0
138,504,5.0
138,505,3.0
138,507,4.0
138,508,4.0
138,510,2.0
138,511,3.0
138,515,5.0
138,517,3.0
138,520,3.0
138,522,8.0
138,528,2.0
138,531,2.0
138,532,3.0
138,535,7.0
138,538,5.0
138,539,3.0
138,545,3.0
138,546,3.0
138,549,12.0
138,550,3.0
138,551,3.0
138,559,3.0
138,560,7.0
138,563,3.0
138,565,2.0
138,568,3.0
138,570,5.0
138,571,4.0
138,576,6.0
138,579,7.0
138,583,4.0
138,590,3.0
138,591,2.0
138,592,3.0
138,597,3.0
138,598,3.0
138,600,4.0
138,601,3.0
138,607,3.0
138,614,3.0
138,617,4.0
138,618,2.0
138,619,3.0
138,620,3.0
138,622,3.0
138,625,2.0
138,626,3.0
138,627,3.0
138,630,3.0
138,631,3.0
138,632,3.0
138,633,3.0
138,634,2.0
138,635,5.0
138,638,3.0
138,640,3.0
138,643,3.0
138,646,10.0
138,647,3.0
138,648,5.0
138,650,8.0
138,651,3.0
138,652,3.0
138,664,3.0
138,665,10.0
138,674,16.0
138,677,3.0
138,685,5.0
138,689,3.0
138,690,3.0
138,691,3.0
138,692,3.0
138,697,3.0
138,700,23.0
138,702,3.0
138,720,8.0
138,721,3.0
138,738,7.0
138,747,2.0
138,776,2.0
138,779,2.0
138,868,5.0
138,974,5.0
138,979,3.0
138,1056,3.0
138,1065,5.0
138,1073,5.0
138,1087,2.0
138,1100,5.0
138,1104,5.0
138,1124,2.0
138,1130,5.0
138,1155,5.0
138,1157,19.0
138,1189,3.0
138,1269,4.0
138,1276,4.0
138,1294,5.0
138,1469,2.0
138,1701,5.0
138,1797,18.0
138,2041,3.0
138,2247,10.0
138,2250,2.0
138,2311,5.0
138,2388,5.0
138,2496,5.0
138,2745,6.0
138,2798,4.0
138,2840,5.0
138,2853,2.0
138,2915,12.0
150,15,6.0
150,23,50.0
150,29,44.0
150,32,57.0
150,36,111.0
150,47,11.0
150,49,7.0
150,66,20.0
150,78,5.0
150,82,7.0
150,87,4.0
150,97,6.0
150,129,22.0
150,135,3.0
150,138,177.0
150,148,2.0
150,151,3.0
150,152,22.0
150,155,3.0
150,158,3.0
150,160,9.0
150,164,27.0
150,173,5.0
150,175,75.0
150,178,6.0
150,179,4.0
150,183,3.0
150,184,3.0
150,185,3.0
150,189,3.0
150,190,18.0
150,194,5.0
150,201,5.0
150,202,5.0
150,206,3.0
150,211,3.0
150,215,3.0
150,220,3.0
150,223,5.0
150,224,3.0
150,225,14.0
150,227,3.0
150,228,3.0
150,231,5.0
150,236,3.0
150,237,5.0
150,240,5.0
150,243,3.0
150,244,3.0
150,247,3.0
150,248,3.0
150,250,3.0
150,252,3.0
150,253,3.0
150,255,3.0
150,258,3.0
150,260,3.0
150,261,3.0
150,265,3.0
150,266,3.0
150,267,3.0
150,279,3.0
150,281,3.0
150,283,3.0
150,286,3.0
150,287,3.0
150,288,3.0
150,296,6.0
150,298,3.0
150,303,3.0
150,311,3.0
150,313,3.0
150,316,3.0
150,317,3.0
150,318,2.0
150,325,3.0
150,326,3.0
150,327,3.0
150,328,3.0
150,330,3.0
150,331,3.0
150,334,3.0
150,345,3.0
150,346,3.0
150,356,3.0
150,359,3.0
150,382,4.0
150,383,3.0
150,388,4.0
150,389,2.0
150,393,3.0
150,395,3.0
150,396,3.0
150,398,3.0
150,399,5.0
150,401,3.0
150,407,3.0
150,408,3.0
150,409,3.0
150,412,3.0
150,414,3.0
150,415,3.0
150,416,3.0
150,417,3.0
150,418,3.0
150,419,3.0
150,420,3.0
150,426,3.0
150,432,7.0
150,433,4.0
150,443,3.0
150,446,3.0
150,453,3.0
150,467,3.0
150,470,2.0
150,473,3.0
150,479,4.0
150,480,3.0
150,481,3.0
150,491,3.0
150,492,3.0
150,493,3.0
150,496,3.0
150,499,87.0
150,503,3.0
150,508,71.0
150,509,3.0
150,510,5.0
150,513,4.0
150,514,3.0
150,515,2.0
150,516,3.0
150,519,3.0
150,521,3.0
150,522,8.0
150,525,3.0
150,526,3.0
150,541,2.0
150,542,3.0
150,543,3.0
150,549,10.0
150,553,3.0
150,554,3.0
150,567,3.0
150,571,9.0
150,582,3.0
150,583,4.0
150,594,3.0
150,613,3.0
150,616,3.0
150,617,4.0
150,629,5.0
150,636,5.0
150,646,7.0
150,649,3.0
150,650,9.0
150,665,2.0
150,673,3.0
150,674,37.0
150,679,3.0
150,680,3.0
150,682,3.0
150,686,3.0
150,687,3.0
150,693,6.0
150,694,3.0
150,695,3.0
150,696,5.0
150,698,3.0
150,699,3.0
150,700,13.0
150,706,5.0
150,707,2.0
150,711,3.0
150,713,3.0
150,715,3.0
150,716,3.0
150,717,3.0
150,720,34.0
150,722,3.0
150,723,3.0
150,724,5.0
150,728,9.0
150,741,3.0
150,743,3.0
150,754,5.0
150,758,5.0
150,772,2.0
150,774,4.0
150,775,5.0
150,776,2.0
150,794,11.0
150,806,3.0
150,812,4.0
150,824,3.0
150,826,3.0
150,828,5.0
150,831,3.0
150,834,3.0
150,838,3.0
150,839,3.0
150,840,3.0
150,842,3.0
150,849,3.0
150,855,3.0
150,859,3.0
150,864,12.0
150,866,17.0
150,867,3.0
150,873,3.0
150,876,3.0
150,882,3.0
150,883,3.0
150,884,3.0
150,892,3.0
150,895,3.0
150,896,3.0
150,899,3.0
150,905,2.0
150,907,3.0
150,908,3.0
150,913,3.0
150,919,3.0
150,920,3.0
150,922,3.0
150,926,4.0
150,933,3.0
150,936,20.0
150,940,3.0
150,944,3.0
150,956,3.0
150,968,3.0
150,969,3.0
150,975,3.0
150,976,3.0
150,979,5.0
150,980,5.0
150,983,7.0
150,988,3.0
150,991,3.0
150,1003,4.0
150,1007,7.0
150,1008,3.0
150,1015,5.0
150,1017,3.0
150,1022,3.0
150,1029,3.0
150,1032,3.0
150,1033,3.0
150,1034,3.0
150,1038,3.0
150,1039,3.0
150,1040,3.0
150,1043,5.0
150,1045,3.0
150,1047,3.0
150,1048,5.0
150,1049,5.0
150,1052,5.0
150,1055,8.0
150,1056,15.0
150,1060,5.0
150,1066,6.0
150,1067,8.0
150,1073,2.0
150,1079,3.0
150,1091,5.0
150,1097,6.0
150,1101,3.0
150,1102,4.0
150,1104,4.0
150,1123,5.0
150,1129,3.0
150,1157,2.0
150,1242,5.0
150,1277,4.0
150,1287,12.0
150,1583,8.0
150,1620,6.0
150,1673,4.0
150,1720,2.0
150,1721,2.0
150,1726,2.0
150,1734,4.0
150,1740,2.0
150,1786,6.0
150,1797,4.0
150,1927,5.0
150,2136,4.0
150,2780,2.0
152,150,2.0
154,138,2.0
160,138,4.0
160,508,4.0
164,23,2.0
164,29,75.0
164,32,10.0
164,66,14.0
164,82,5.0
164,104,2.0
164,138,27.0
164,150,72.0
164,168,8.0
164,175,10.0
164,179,4.0
164,221,3.0
164,222,3.0
164,241,3.0
164,380,5.0
164,499,25.0
164,574,2.0
164,583,2.0
164,623,2.0
164,634,7.0
164,636,4.0
164,666,2.0
164,704,2.0
164,772,3.0
164,810,26.0
164,815,5.0
164,850,4.0
164,878,3.0
164,885,2.0
164,886,14.0
164,890,3.0
164,900,3.0
164,902,7.0
164,945,2.0
164,1003,14.0
164,1065,2.0
164,1276,6.0
164,1532,12.0
164,2136,2.0
169,172,2.0
175,32,14.0
175,36,138.0
175,123,3.0
175,138,26.0
175,150,62.0
175,164,8.0
175,179,2.0
175,411,3.0
175,499,30.0
175,508,4.0
175,539,2.0
175,547,3.0
175,549,8.0
175,580,4.0
175,646,2.0
195,194,2.0
196,195,2.0
208,276,2.0
208,380,2.0
223,224,2.0
225,499,6.0
225,700,4.0
225,722,4.0
225,1184,2.0
225,1255,6.0
225,1490,2.0
225,1631,2.0
225,1673,2.0
225,2109,2.0
225,2113,8.0
225,2296,2.0
225,2388,2.0
225,2404,4.0
225,2406,2.0
225,2413,2.0
225,2512,6.0
225,2699,2.0
225,2721,8.0
225,2777,2.0
225,2911,2.0
225,3171,6.0
225,3174,6.0
225,3209,14.0
225,3324,2.0
225,3614,2.0
225,3631,4.0
225,3649,2.0
225,3722,6.0
225,3743,8.0
225,3762,2.0
225,3814,2.0
225,3878,2.0
225,3885,2.0
225,4021,2.0
225,4035,2.0
225,4036,2.0
225,4099,6.0
225,4139,2.0
225,4154,2.0
225,4201,4.0
225,4204,2.0
225,4208,2.0
225,4210,2.0
225,4269,6.0
236,240,4.0
238,469,2.0
241,240,6.0
299,1057,2.0
323,515,2.0
332,36,2.0
354,499,6.0
354,2303,10.0
367,361,2.0
381,364,2.0
388,138,34.0
388,389,4.0
388,714,2.0
393,138,2.0
423,312,4.0
444,1248,2.0
472,474,2.0
499,23,56.0
499,29,192.0
499,32,6.0
499,36,12.0
499,66,48.0
499,82,12.0
499,87,4.0
499,120,10.0
499,129,52.0
499,138,94.0
499,150,310.0
499,164,44.0
499,175,104.0
499,190,91.0
499,205,4.0
499,225,32.0
499,262,8.0
499,302,5.0
499,423,2.0
499,431,3.0
499,447,3.0
499,457,3.0
499,459,6.0
499,463,2.0
499,464,3.0
499,465,21.0
499,466,6.0
499,469,2.0
499,470,9.0
499,477,2.0
499,479,7.0
499,495,7.0
499,497,8.0
499,508,37.0
499,510,4.0
499,513,5.0
499,515,2.0
499,522,22.0
499,528,7.0
499,531,5.0
499,539,5.0
499,541,5.0
499,549,14.0
499,550,2.0
499,556,3.0
499,557,25.0
499,558,5.0
499,560,6.0
499,566,5.0
499,571,7.0
499,574,7.0
499,579,30.0
499,580,23.0
499,583,9.0
499,584,3.0
499,591,7.0
499,600,16.0
499,617,7.0
499,618,7.0
499,629,8.0
499,634,2.0
499,636,4.0
499,639,2.0
499,642,5.0
499,644,3.0
499,645,3.0
499,646,9.0
499,649,2.0
499,650,21.0
499,653,3.0
499,655,4.0
499,656,3.0
499,658,3.0
499,660,9.0
499,662,5.0
499,665,10.0
499,666,10.0
499,667,5.0
499,674,93.0
499,675,7.0
499,693,7.0
499,700,16.0
499,704,22.0
499,708,4.0
499,722,7.0
499,739,3.0
499,740,2.0
499,742,2.0
499,749,3.0
499,755,3.0
499,756,2.0
499,757,3.0
499,759,3.0
499,760,11.0
499,761,3.0
499,762,7.0
499,768,5.0
499,769,2.0
499,770,7.0
499,772,21.0
499,773,6.0
499,774,3.0
499,776,8.0
499,778,5.0
499,779,2.0
499,780,5.0
499,786,2.0
499,790,5.0
499,793,3.0
499,794,26.0
499,796,3.0
499,800,3.0
499,801,6.0
499,803,3.0
499,805,3.0
499,810,12.0
499,812,15.0
499,820,3.0
499,823,3.0
499,827,3.0
499,828,5.0
499,832,3.0
499,837,5.0
499,843,3.0
499,844,3.0
499,845,3.0
499,848,3.0
499,852,3.0
499,853,3.0
499,862,3.0
499,866,13.0
499,868,2.0
499,870,6.0
499,880,3.0
499,885,7.0
499,886,11.0
499,897,5.0
499,905,3.0
499,912,5.0
499,916,7.0
499,918,5.0
499,923,5.0
499,924,3.0
499,925,5.0
499,926,4.0
499,927,3.0
499,928,10.0
499,929,3.0
499,930,3.0
499,931,3.0
499,934,3.0
499,939,3.0
499,946,5.0
499,947,3.0
499,957,11.0
499,959,2.0
499,966,3.0
499,971,5.0
499,974,2.0
499,977,3.0
499,978,5.0
499,982,3.0
499,983,4.0
499,984,7.0
499,985,3.0
499,986,4.0
499,987,5.0
499,992,3.0
499,993,3.0
499,994,3.0
499,999,5.0
499,1000,5.0
499,1001,10.0
499,1002,10.0
499,1003,19.0
499,1004,3.0
499,1007,8.0
499,1009,11.0
499,1012,3.0
499,1013,3.0
499,1014,5.0
499,1019,3.0
499,1020,5.0
499,1023,3.0
499,1024,3.0
499,1025,5.0
499,1026,3.0
499,1027,5.0
499,1030,3.0
499,1035,3.0
499,1036,5.0
499,1037,3.0
499,1041,3.0
499,1051,4.0
499,1052,2.0
499,1053,5.0
499,1054,2.0
499,1056,26.0
499,1057,2.0
499,1058,4.0
499,1067,7.0
499,1109,3.0
499,1116,4.0
499,1124,5.0
499,1133,5.0
499,1134,7.0
499,1135,5.0
499,1143,2.0
499,1155,4.0
499,1157,6.0
499,1172,2.0
499,1244,2.0
499,1276,11.0
499,1287,26.0
499,1320,5.0
499,1485,5.0
499,1490,6.0
499,1595,4.0
499,1596,4.0
499,1620,2.0
499,1637,2.0
499,1673,51.0
499,1677,5.0
499,1683,4.0
499,1701,103.0
499,1707,7.0
499,1708,5.0
499,1712,5.0
499,1718,2.0
499,1723,54.0
499,1730,3.0
499,1759,2.0
499,1765,5.0
499,1766,2.0
499,1769,8.0
499,1773,5.0
499,1774,2.0
499,1775,7.0
499,1777,5.0
499,1778,7.0
499,1779,7.0
499,1780,7.0
499,1781,7.0
499,1782,7.0
499,1783,7.0
499,1784,13.0
499,1790,2.0
499,1791,6.0
499,1797,8.0
499,1801,4.0
499,1802,2.0
499,1803,4.0
499,1807,13.0
499,1808,5.0
499,1810,7.0
499,1812,5.0
499,1813,4.0
499,1814,5.0
499,1815,2.0
499,1817,5.0
499,1818,13.0
499,1830,5.0
499,1833,3.0
499,1834,2.0
499,1835,2.0
499,1841,5.0
499,1842,2.0
499,1843,18.0
499,1845,3.0
499,1849,9.0
499,1851,2.0
499,1854,5.0
499,1855,2.0
499,1857,5.0
499,1858,5.0
499,1860,5.0
499,1862,5.0
499,1865,2.0
499,1867,5.0
499,1868,2.0
499,1869,9.0
499,1870,10.0
499,1871,5.0
499,1872,2.0
499,1873,2.0
499,1875,5.0
499,1877,5.0
499,1882,2.0
499,1883,5.0
499,1887,2.0
499,1888,2.0
499,1891,4.0
499,1896,4.0
499,1897,7.0
499,1900,6.0
499,1904,5.0
499,1909,6.0
499,1911,2.0
499,1913,6.0
499,1921,2.0
499,1924,4.0
499,1927,6.0
499,1928,2.0
499,1930,2.0
499,1936,6.0
499,1941,5.0
499,1943,12.0
499,1955,4.0
499,1969,5.0
499,1970,7.0
499,1972,4.0
499,1975,9.0
499,1980,4.0
499,1981,4.0
499,1982,2.0
499,1984,5.0
499,1989,2.0
499,1993,2.0
499,1994,6.0
499,1995,4.0
499,1999,4.0
499,2002,2.0
499,2005,2.0
499,2007,6.0
499,2009,12.0
499,2012,2.0
499,2013,2.0
499,2014,5.0
499,2015,2.0
499,2017,2.0
499,2019,7.0
499,2021,7.0
499,2022,4.0
499,2023,2.0
499,2026,9.0
499,2027,7.0
499,2030,5.0
499,2033,7.0
499,2034,6.0
499,2036,4.0
499,2037,5.0
499,2039,5.0
499,2042,2.0
499,2043,5.0
499,2058,2.0
499,2064,2.0
499,2066,2.0
499,2067,2.0
499,2071,4.0
499,2075,4.0
499,2076,7.0
499,2077,2.0
499,2083,5.0
499,2090,2.0
499,2091,4.0
499,2093,2.0
499,2100,5.0
499,2103,5.0
499,2105,7.0
499,2106,5.0
499,2109,2.0
499,2111,5.0
499,2112,2.0
499,2113,8.0
499,2114,5.0
499,2116,5.0
499,2117,8.0
499,2118,5.0
499,2119,7.0
499,2120,4.0
499,2122,2.0
499,2123,2.0
499,2127,4.0
499,2130,5.0
499,2134,5.0
499,2136,2.0
499,2137,5.0
499,2140,5.0
499,2141,7.0
499,2143,5.0
499,2144,2.0
499,2145,2.0
499,2148,4.0
499,2149,10.0
499,2150,6.0
499,2151,2.0
499,2152,7.0
499,2156,4.0
499,2163,2.0
499,2164,2.0
499,2165,9.0
499,2167,4.0
499,2169,4.0
499,2172,5.0
499,2173,5.0
499,2174,2.0
499,2175,4.0
499,2182,4.0
499,2187,2.0
499,2188,2.0
499,2190,2.0
499,2192,30.0
499,2203,5.0
499,2204,2.0
499,2205,2.0
499,2206,9.0
499,2209,2.0
499,2221,5.0
499,2222,2.0
499,2223,8.0
499,2230,2.0
499,2234,6.0
499,2235,8.0
499,2237,52.0
499,2239,4.0
499,2240,2.0
499,2242,12.0
499,2247,8.0
499,2250,14.0
499,2252,2.0
499,2253,7.0
499,2254,7.0
499,2255,2.0
499,2256,4.0
499,2258,6.0
499,2261,4.0
499,2262,2.0
499,2263,8.0
499,2264,2.0
499,2267,2.0
499,2271,4.0
499,2276,2.0
499,2282,8.0
499,2283,2.0
499,2284,2.0
499,2296,4.0
499,2297,12.0
499,2314,2.0
499,2316,7.0
499,2321,6.0
499,2327,5.0
499,2328,2.0
499,2336,2.0
499,2354,18.0
499,2360,2.0
499,2386,4.0
499,2406,4.0
499,2446,14.0
499,2447,4.0
499,2448,2.0
499,2467,2.0
499,2468,12.0
499,2472,10.0
499,2473,5.0
499,2488,2.0
499,2497,2.0
499,2506,2.0
499,2512,4.0
499,2534,6.0
499,2537,2.0
499,2544,2.0
499,2545,2.0
499,2556,2.0
499,2563,2.0
499,2590,2.0
499,2604,2.0
499,2609,2.0
499,2617,4.0
499,2619,2.0
499,2625,2.0
499,2634,2.0
499,2635,6.0
499,2636,2.0
499,2644,2.0
499,2654,2.0
499,2660,4.0
499,2704,6.0
499,2707,20.0
499,2710,2.0
499,2721,6.0
499,2723,4.0
499,2725,2.0
499,2729,2.0
499,2735,4.0
499,2736,10.0
499,2737,6.0
499,2738,2.0
499,2744,12.0
499,2747,2.0
499,2750,2.0
499,2752,18.0
499,2755,2.0
499,2756,8.0
499,2759,4.0
499,2777,6.0
499,2798,14.0
499,2813,2.0
499,2814,8.0
499,2819,2.0
499,2846,2.0
499,2852,4.0
499,2859,3.0
499,2884,7.0
499,2915,6.0
499,2919,7.0
499,2960,2.0
499,2997,5.0
499,3017,5.0
499,3021,2.0
499,3075,4.0
499,3161,3.0
499,3254,6.0
499,3283,2.0
499,3289,5.0
499,3456,4.0
499,3961,2.0
508,23,4.0
508,138,8.0
508,150,22.0
508,794,4.0
515,665,6.0
522,29,2.0
522,150,16.0
522,499,2.0
522,720,22.0
522,746,8.0
522,776,14.0
522,1134,2.0
522,1197,4.0
541,510,2.0
549,138,8.0
549,150,2.0
549,196,2.0
549,495,4.0
549,499,8.0
549,504,2.0
549,508,4.0
549,510,6.0
549,515,2.0
549,522,12.0
549,523,2.0
549,534,2.0
549,538,2.0
549,548,2.0
549,550,6.0
549,558,2.0
549,583,4.0
549,642,2.0
549,649,2.0
549,718,2.0
549,723,6.0
549,776,2.0
549,2915,2.0
617,497,2.0
617,513,2.0
617,642,2.0
646,175,6.0
646,499,4.0
646,776,10.0
646,1677,2.0
693,1353,2.0
696,704,2.0
696,770,2.0
700,29,4.0
700,150,2.0
700,499,12.0
700,885,2.0
700,1583,2.0
700,1633,2.0
700,1673,21.0
700,1723,2.0
700,2669,2.0
700,2687,2.0
700,2699,8.0
700,2708,4.0
700,2727,2.0
700,2729,2.0
700,2745,4.0
700,2748,4.0
700,2774,5.0
700,2776,5.0
700,2777,2.0
700,2834,2.0
700,2837,3.0
700,3062,10.0
728,1181,2.0
740,23,2.0
756,704,2.0
772,150,4.0
772,499,2.0
772,674,2.0
772,704,10.0
772,719,2.0
772,720,20.0
772,722,2.0
772,740,2.0
772,747,2.0
772,763,2.0
772,774,2.0
772,1927,8.0
774,772,2.0
776,1255,2.0
776,1673,4.0
778,1120,2.0
794,23,2.0
794,32,4.0
794,61,4.0
794,70,2.0
794,97,4.0
794,107,4.0
794,129,8.0
794,138,28.0
794,150,28.0
794,225,5.0
794,335,3.0
794,363,3.0
794,364,2.0
794,371,3.0
794,389,2.0
794,391,3.0
794,392,3.0
794,452,3.0
794,472,4.0
794,499,8.0
794,515,2.0
794,522,16.0
794,527,3.0
794,561,3.0
794,562,3.0
794,569,3.0
794,573,3.0
794,577,3.0
794,578,3.0
794,595,3.0
794,596,3.0
794,604,3.0
794,605,3.0
794,606,3.0
794,610,3.0
794,611,3.0
794,617,4.0
794,618,6.0
794,635,2.0
794,646,4.0
794,657,3.0
794,659,3.0
794,661,3.0
794,663,3.0
794,666,2.0
794,667,2.0
794,669,3.0
794,674,8.0
794,681,3.0
794,705,3.0
794,710,3.0
794,712,2.0
794,718,2.0
794,726,3.0
794,732,3.0
794,733,3.0
794,736,3.0
794,737,3.0
794,742,2.0
794,744,3.0
794,745,3.0
794,748,3.0
794,750,3.0
794,753,3.0
794,764,3.0
794,765,3.0
794,766,3.0
794,771,3.0
794,785,3.0
794,786,2.0
794,792,3.0
794,798,3.0
794,801,2.0
794,808,3.0
794,812,6.0
794,813,3.0
794,814,4.0
794,821,2.0
794,822,2.0
794,823,2.0
794,825,2.0
794,826,2.0
794,834,2.0
794,837,2.0
794,842,2.0
794,850,2.0
794,859,4.0
794,864,2.0
794,880,2.0
794,885,2.0
794,910,2.0
794,1105,4.0
794,1109,2.0
794,1152,2.0
794,1320,2.0
794,2880,5.0
797,801,4.0
810,29,2.0
812,138,10.0
812,150,4.0
812,617,4.0
828,886,2.0
936,959,2.0
957,3254,4.0
979,1659,2.0
979,1936,2.0
983,150,52.0
984,1197,4.0
984,1198,4.0
984,1202,4.0
1003,150,8.0
1003,508,2.0
1006,29,6.0
1036,1959,2.0
1052,1055,2.0
1055,1052,10.0
1055,1056,6.0
1055,1057,2.0
1055,1073,2.0
1056,129,4.0
1056,138,12.0
1056,150,20.0
1056,508,8.0
1057,1073,8.0
1057,1100,2.0
1057,2109,2.0
1061,1927,2.0
1067,1939,2.0
1070,29,2.0
1070,150,8.0
1070,499,4.0
1070,945,2.0
1070,986,2.0
1070,1020,2.0
1070,1021,2.0
1070,1025,2.0
1070,1134,4.0
1076,1089,2.0
1076,1127,2.0
1115,2604,2.0
1119,1120,2.0
1127,1129,2.0
1131,1133,6.0
1133,1243,2.0
1160,1159,2.0
1160,1173,2.0
1161,150,2.0
1172,1320,2.0
1182,746,4.0
1183,3075,2.0
1189,1157,2.0
1197,29,2.0
1197,66,2.0
1197,945,4.0
1197,1172,28.0
1197,1202,4.0
1197,1252,6.0
1197,1255,2.0
1205,1909,4.0
1216,886,2.0
1233,1440,2.0
1242,1248,4.0
1242,1258,4.0
1242,1294,20.0
1242,1329,2.0
1242,1659,4.0
1242,3142,4.0
1247,1243,2.0
1260,3190,6.0
1266,1362,2.0
1270,1441,2.0
1287,655,2.0
1287,1650,2.0
1287,2748,4.0
1287,2777,4.0
1294,1167,10.0
1296,2417,2.0
1301,1473,2.0
1315,1887,2.0
1320,1172,60.0
1320,1673,12.0
1320,1927,2.0
1320,3289,2.0
1330,225,8.0
1330,1471,4.0
1330,1476,4.0
1330,1537,4.0
1330,1543,4.0
1340,29,2.0
1340,1341,2.0
1340,1344,2.0
1340,1374,2.0
1340,2723,2.0
1340,3880,2.0
1349,1930,2.0
1351,29,2.0
1351,1348,2.0
1351,1365,10.0
1351,1673,4.0
1368,23,4.0
1368,150,4.0
1368,1193,4.0
1368,1240,2.0
1368,1242,3.0
1368,1256,4.0
1368,1299,4.0
1368,1343,4.0
1368,2354,4.0
1381,2798,2.0
1408,2969,4.0
1428,1407,2.0
1430,29,4.0
1430,66,4.0
1430,138,8.0
1430,150,60.0
1430,191,4.0
1430,225,11.0
1430,499,30.0
1430,508,4.0
1430,778,5.0
1430,799,3.0
1430,816,3.0
1430,872,3.0
1430,874,3.0
1430,875,3.0
1430,889,3.0
1430,894,3.0
1430,901,3.0
1430,906,3.0
1430,941,3.0
1430,964,3.0
1430,965,3.0
1430,973,3.0
1430,979,5.0
1430,980,5.0
1430,1016,3.0
1430,1042,5.0
1430,1043,8.0
1430,1044,5.0
1430,1064,3.0
1430,1092,5.0
1430,1136,5.0
1430,1146,5.0
1430,1171,5.0
1430,1186,3.0
1430,1198,4.0
1430,1202,4.0
1430,1209,5.0
1430,1242,2.0
1430,1283,4.0
1430,1307,4.0
1430,1342,2.0
1430,1343,4.0
1430,1360,7.0
1430,1392,7.0
1430,1402,2.0
1430,1425,4.0
1430,1426,5.0
1430,1431,5.0
1430,1432,4.0
1430,1439,5.0
1430,1442,5.0
1430,1443,4.0
1430,1444,2.0
1430,1447,13.0
1430,1452,11.0
1430,1456,7.0
1430,1457,5.0
1430,1458,4.0
1430,1465,2.0
1430,1471,4.0
1430,1476,4.0
1430,1479,4.0
1430,1490,4.0
1430,1493,5.0
1430,1514,5.0
1430,1543,16.0
1430,1557,2.0
1430,1567,5.0
1430,1573,18.0
1430,1646,7.0
1430,1681,2.0
1430,2388,2.0
1432,1341,2.0
1450,2417,8.0
1450,2744,2.0
1467,2388,2.0
1470,1451,4.0
1470,1471,4.0
1470,1476,4.0
1470,1519,2.0
1472,1287,2.0
1475,1232,8.0
1484,1735,2.0
1488,1210,10.0
1488,1469,2.0
1488,1490,4.0
1488,1532,2.0
1488,1537,2.0
1490,29,8.0
1490,499,2.0
1490,1437,4.0
1490,1493,4.0
1493,1553,2.0
1500,1499,2.0
1555,225,2.0
1560,1595,4.0
1573,129,4.0
1573,138,10.0
1573,646,4.0
1573,1283,4.0
1573,1287,4.0
1573,1293,4.0
1573,1430,4.0
1573,1451,4.0
1573,1537,4.0
1573,1543,6.0
1573,1599,2.0
1573,1900,4.0
1573,2192,4.0
1582,1604,8.0
1583,225,9.0
1583,1301,5.0
1583,1330,9.0
1583,1360,2.0
1583,1373,5.0
1583,1390,7.0
1583,1391,7.0
1583,1397,7.0
1583,1399,5.0
1583,1401,4.0
1583,1408,5.0
1583,1412,5.0
1583,1421,5.0
1583,1433,3.0
1583,1442,2.0
1583,1445,2.0
1583,1471,4.0
1583,1474,2.0
1583,1476,4.0
1583,1477,7.0
1583,1479,8.0
1583,1487,5.0
1583,1497,5.0
1583,1498,4.0
1583,1508,5.0
1583,1509,6.0
1583,1514,6.0
1583,1516,5.0
1583,1517,5.0
1583,1518,5.0
1583,1519,2.0
1583,1521,5.0
1583,1522,9.0
1583,1524,2.0
1583,1525,4.0
1583,1529,9.0
1583,1536,7.0
1583,1541,2.0
1583,1542,2.0
1583,1543,10.0
1583,1544,5.0
1583,1547,7.0
1583,1568,7.0
1583,1574,4.0
1583,1576,2.0
1583,1577,5.0
1583,1578,7.0
1583,1580,7.0
1583,1584,4.0
1583,1591,2.0
1583,1593,4.0
1583,1605,2.0
1583,1611,4.0
1583,1612,2.0
1583,1613,2.0
1583,1623,2.0
1583,1624,2.0
1583,1633,2.0
1590,1591,2.0
1609,1646,6.0
1620,225,2.0
1620,1320,2.0
1620,1437,4.0
1620,1500,2.0
1620,1529,2.0
1620,1613,2.0
1620,1633,2.0
1620,1659,2.0
1620,1703,2.0
1621,1633,2.0
1623,2804,4.0
1623,3515,2.0
1623,3538,2.0
1623,3539,2.0
1638,1310,2.0
1648,225,23.0
1648,1169,4.0
1648,1489,2.0
1648,1620,28.0
1648,1643,4.0
1648,1674,4.0
1673,8,10.0
1673,23,31.0
1673,29,73.0
1673,66,10.0
1673,82,41.0
1673,150,147.0
1673,200,10.0
1673,205,13.0
1673,225,339.0
1673,499,244.0
1673,510,11.0
1673,693,7.0
1673,700,71.0
1673,740,5.0
1673,945,60.0
1673,957,9.0
1673,979,2.0
1673,984,18.0
1673,1046,3.0
1673,1056,2.0
1673,1057,11.0
1673,1058,5.0
1673,1059,2.0
1673,1061,5.0
1673,1062,11.0
1673,1063,7.0
1673,1065,4.0
1673,1066,5.0
1673,1067,4.0
1673,1068,3.0
1673,1069,3.0
1673,1071,11.0
1673,1072,2.0
1673,1074,5.0
1673,1075,2.0
1673,1076,21.0
1673,1078,2.0
1673,1081,8.0
1673,1082,5.0
1673,1083,4.0
1673,1084,9.0
1673,1086,3.0
1673,1090,7.0
1673,1094,5.0
1673,1096,2.0
1673,1097,3.0
1673,1099,5.0
1673,1100,10.0
1673,1102,2.0
1673,1110,7.0
1673,1113,7.0
1673,1115,7.0
1673,1116,3.0
1673,1119,5.0
1673,1125,5.0
1673,1127,5.0
1673,1130,2.0
1673,1132,5.0
1673,1134,16.0
1673,1138,5.0
1673,1139,6.0
1673,1141,5.0
1673,1142,16.0
1673,1144,7.0
1673,1145,11.0
1673,1147,5.0
1673,1148,5.0
1673,1149,4.0
1673,1150,2.0
1673,1151,5.0
1673,1154,7.0
1673,1158,5.0
1673,1161,7.0
1673,1164,3.0
1673,1166,3.0
1673,1167,4.0
1673,1169,3.0
1673,1172,112.0
1673,1174,5.0
1673,1175,2.0
1673,1177,5.0
1673,1178,5.0
1673,1179,7.0
1673,1180,5.0
1673,1181,15.0
1673,1183,6.0
1673,1184,9.0
1673,1187,7.0
1673,1188,7.0
1673,1189,2.0
1673,1190,7.0
1673,1191,4.0
1673,1192,5.0
1673,1193,6.0
1673,1194,3.0
1673,1195,7.0
1673,1196,4.0
1673,1197,16.0
1673,1198,7.0
1673,1199,7.0
1673,1200,5.0
1673,1201,4.0
1673,1202,5.0
1673,1203,5.0
1673,1204,5.0
1673,1205,7.0
1673,1206,2.0
1673,1207,7.0
1673,1208,7.0
1673,1210,6.0
1673,1211,6.0
1673,1214,7.0
1673,1216,15.0
1673,1217,5.0
1673,1218,7.0
1673,1219,7.0
1673,1220,7.0
1673,1221,5.0
1673,1222,5.0
1673,1223,2.0
1673,1224,7.0
1673,1226,4.0
1673,1227,5.0
1673,1228,2.0
1673,1229,5.0
1673,1235,9.0
1673,1236,5.0
1673,1237,9.0
1673,1238,7.0
1673,1239,5.0
1673,1240,35.0
1673,1241,8.0
1673,1244,9.0
1673,1245,5.0
1673,1246,15.0
1673,1247,5.0
1673,1248,2.0
1673,1249,2.0
1673,1250,4.0
1673,1251,11.0
1673,1252,4.0
1673,1253,5.0
1673,1254,12.0
1673,1255,24.0
1673,1256,7.0
1673,1257,13.0
1673,1260,2.0
1673,1261,7.0
1673,1262,7.0
1673,1263,5.0
1673,1265,9.0
1673,1266,57.0
1673,1267,7.0
1673,1269,30.0
1673,1270,13.0
1673,1271,17.0
1673,1272,7.0
1673,1273,2.0
1673,1274,5.0
1673,1275,26.0
1673,1276,2.0
1673,1277,7.0
1673,1278,7.0
1673,1279,5.0
1673,1282,5.0
1673,1283,12.0
1673,1284,5.0
1673,1285,5.0
1673,1286,7.0
1673,1287,48.0
1673,1288,7.0
1673,1289,5.0
1673,1290,7.0
1673,1291,7.0
1673,1292,9.0
1673,1294,4.0
1673,1296,5.0
1673,1297,5.0
1673,1299,7.0
1673,1300,7.0
1673,1301,27.0
1673,1303,9.0
1673,1304,5.0
1673,1305,9.0
1673,1306,5.0
1673,1307,5.0
1673,1308,5.0
1673,1309,11.0
1673,1310,13.0
1673,1311,7.0
1673,1312,9.0
1673,1313,7.0
1673,1314,13.0
1673,1315,9.0
1673,1316,5.0
1673,1317,5.0
1673,1318,5.0
1673,1319,7.0
1673,1320,22.0
1673,1321,7.0
1673,1322,5.0
1673,1323,11.0
1673,1324,5.0
1673,1325,5.0
1673,1326,3.0
1673,1327,7.0
1673,1328,7.0
1673,1329,2.0
1673,1330,12.0
1673,1332,5.0
1673,1333,7.0
1673,1336,5.0
1673,1337,17.0
1673,1338,8.0
1673,1339,5.0
1673,1340,9.0
1673,1341,5.0
1673,1342,3.0
1673,1343,11.0
1673,1345,7.0
1673,1346,5.0
1673,1347,5.0
1673,1348,5.0
1673,1349,2.0
1673,1350,8.0
1673,1351,22.0
1673,1352,7.0
1673,1353,2.0
1673,1354,5.0
1673,1355,10.0
1673,1356,9.0
1673,1358,15.0
1673,1361,31.0
1673,1362,3.0
1673,1363,7.0
1673,1364,5.0
1673,1365,24.0
1673,1366,7.0
1673,1367,2.0
1673,1368,7.0
1673,1369,2.0
1673,1370,15.0
1673,1371,7.0
1673,1372,7.0
1673,1375,5.0
1673,1376,7.0
1673,1377,5.0
1673,1378,7.0
1673,1379,7.0
1673,1380,5.0
1673,1381,10.0
1673,1382,5.0
1673,1383,5.0
1673,1384,2.0
1673,1385,2.0
1673,1386,16.0
1673,1387,5.0
1673,1388,25.0
1673,1389,5.0
1673,1393,5.0
1673,1394,5.0
1673,1395,7.0
1673,1396,14.0
1673,1398,5.0
1673,1400,4.0
1673,1401,11.0
1673,1402,17.0
1673,1403,7.0
1673,1404,5.0
1673,1405,5.0
1673,1406,7.0
1673,1409,5.0
1673,1411,2.0
1673,1412,5.0
1673,1413,5.0
1673,1414,9.0
1673,1415,7.0
1673,1416,7.0
1673,1417,7.0
1673,1418,5.0
1673,1419,5.0
1673,1420,11.0
1673,1421,2.0
1673,1422,7.0
1673,1423,5.0
1673,1424,5.0
1673,1425,17.0
1673,1427,5.0
1673,1428,5.0
1673,1429,5.0
1673,1430,35.0
1673,1431,4.0
1673,1432,33.0
1673,1433,6.0
1673,1436,3.0
1673,1437,5.0
1673,1438,7.0
1673,1443,2.0
1673,1446,7.0
1673,1448,9.0
1673,1449,5.0
1673,1450,27.0
1673,1451,16.0
1673,1453,9.0
1673,1454,13.0
1673,1455,5.0
1673,1457,2.0
1673,1458,18.0
1673,1459,5.0
1673,1460,18.0
1673,1461,9.0
1673,1462,7.0
1673,1465,7.0
1673,1466,7.0
1673,1467,9.0
1673,1468,7.0
1673,1469,9.0
1673,1470,7.0
1673,1471,15.0
1673,1472,9.0
1673,1473,5.0
1673,1474,2.0
1673,1475,7.0
1673,1476,7.0
1673,1479,17.0
1673,1480,7.0
1673,1481,5.0
1673,1482,7.0
1673,1483,11.0
1673,1484,7.0
1673,1485,2.0
1673,1486,5.0
1673,1488,7.0
1673,1489,5.0
1673,1490,24.0
1673,1491,5.0
1673,1492,2.0
1673,1493,11.0
1673,1494,5.0
1673,1495,5.0
1673,1496,7.0
1673,1501,5.0
1673,1502,5.0
1673,1504,7.0
1673,1505,5.0
1673,1507,5.0
1673,1510,7.0
1673,1511,4.0
1673,1513,3.0
1673,1514,7.0
1673,1515,5.0
1673,1520,10.0
1673,1521,7.0
1673,1523,5.0
1673,1525,7.0
1673,1526,5.0
1673,1527,10.0
1673,1528,5.0
1673,1529,5.0
1673,1531,5.0
1673,1532,6.0
1673,1533,5.0
1673,1534,5.0
1673,1535,7.0
1673,1537,7.0
1673,1538,5.0
1673,1539,7.0
1673,1540,5.0
1673,1541,2.0
1673,1542,5.0
1673,1543,9.0
1673,1545,5.0
1673,1546,9.0
1673,1548,9.0
1673,1549,5.0
1673,1550,5.0
1673,1551,9.0
1673,1552,5.0
1673,1554,5.0
1673,1555,7.0
1673,1557,5.0
1673,1558,8.0
1673,1560,5.0
1673,1561,5.0
1673,1562,7.0
1673,1563,7.0
1673,1564,5.0
1673,1565,5.0
1673,1567,2.0
1673,1569,5.0
1673,1572,5.0
1673,1573,115.0
1673,1574,10.0
1673,1579,7.0
1673,1581,5.0
1673,1582,7.0
1673,1583,41.0
1673,1584,3.0
1673,1585,7.0
1673,1586,2.0
1673,1587,6.0
1673,1588,5.0
1673,1589,2.0
1673,1590,5.0
1673,1591,5.0
1673,1592,5.0
1673,1593,7.0
1673,1594,16.0
1673,1595,9.0
1673,1596,17.0
1673,1598,7.0
1673,1599,5.0
1673,1601,5.0
1673,1602,5.0
1673,1604,11.0
1673,1607,5.0
1673,1608,4.0
1673,1611,7.0
1673,1615,5.0
1673,1616,5.0
1673,1617,7.0
1673,1620,107.0
1673,1621,3.0
1673,1623,5.0
1673,1628,7.0
1673,1630,12.0
1673,1631,8.0
1673,1633,17.0
1673,1634,7.0
1673,1635,9.0
1673,1637,11.0
1673,1640,5.0
1673,1641,5.0
1673,1642,10.0
1673,1643,9.0
1673,1645,7.0
1673,1648,21.0
1673,1649,6.0
1673,1650,7.0
1673,1651,7.0
1673,1654,5.0
1673,1655,2.0
1673,1658,6.0
1673,1659,9.0
1673,1661,5.0
1673,1662,5.0
1673,1663,5.0
1673,1665,5.0
1673,1666,10.0
1673,1667,13.0
1673,1668,7.0
1673,1671,5.0
1673,1674,7.0
1673,1676,5.0
1673,1677,26.0
1673,1679,8.0
1673,1680,2.0
1673,1681,9.0
1673,1683,36.0
1673,1684,2.0
1673,1686,7.0
1673,1689,2.0
1673,1692,5.0
1673,1698,2.0
1673,1700,20.0
1673,1701,107.0
1673,1702,5.0
1673,1703,4.0
1673,1707,17.0
1673,1714,2.0
1673,1715,4.0
1673,1717,7.0
1673,1718,7.0
1673,1721,11.0
1673,1722,5.0
1673,1723,200.0
1673,1727,18.0
1673,1729,5.0
1673,1732,5.0
1673,1733,7.0
1673,1734,7.0
1673,1736,7.0
1673,1738,2.0
1673,1740,7.0
1673,1742,2.0
1673,1743,5.0
1673,1744,5.0
1673,1745,5.0
1673,1746,3.0
1673,1747,7.0
1673,1748,7.0
1673,1753,4.0
1673,1754,5.0
1673,1755,8.0
1673,1756,4.0
1673,1757,5.0
1673,1758,7.0
1673,1759,9.0
1673,1760,9.0
1673,1761,5.0
1673,1762,7.0
1673,1764,11.0
1673,1766,4.0
1673,1767,7.0
1673,1768,13.0
1673,1769,21.0
1673,1770,5.0
1673,1771,7.0
1673,1773,5.0
1673,1774,5.0
1673,1775,2.0
1673,1776,5.0
1673,1784,8.0
1673,1785,5.0
1673,1786,36.0
1673,1788,9.0
1673,1789,5.0
1673,1791,7.0
1673,1792,2.0
1673,1793,11.0
1673,1795,12.0
1673,1797,4.0
1673,1799,2.0
1673,1800,5.0
1673,1801,7.0
1673,1803,41.0
1673,1805,5.0
1673,1809,8.0
1673,1811,7.0
1673,1815,7.0
1673,1816,9.0
1673,1818,15.0
1673,1820,7.0
1673,1823,7.0
1673,1824,2.0
1673,1825,5.0
1673,1827,16.0
1673,1829,2.0
1673,1831,5.0
1673,1832,7.0
1673,1833,6.0
1673,1834,5.0
1673,1835,2.0
1673,1836,2.0
1673,1837,5.0
1673,1838,8.0
1673,1839,5.0
1673,1840,12.0
1673,1842,11.0
1673,1843,13.0
1673,1848,5.0
1673,1850,4.0
1673,1851,5.0
1673,1852,5.0
1673,1855,19.0
1673,1856,5.0
1673,1858,5.0
1673,1859,15.0
1673,1861,9.0
1673,1863,11.0
1673,1864,5.0
1673,1865,8.0
1673,1866,5.0
1673,1868,5.0
1673,1869,2.0
1673,1872,2.0
1673,1878,4.0
1673,1879,6.0
1673,1881,17.0
1673,1882,22.0
1673,1884,6.0
1673,1885,8.0
1673,1886,5.0
1673,1887,10.0
1673,1889,5.0
1673,1890,5.0
1673,1891,5.0
1673,1892,5.0
1673,1893,9.0
1673,1894,5.0
1673,1895,12.0
1673,1898,5.0
1673,1900,4.0
1673,1901,7.0
1673,1902,2.0
1673,1903,7.0
1673,1905,14.0
1673,1907,5.0
1673,1908,7.0
1673,1909,13.0
1673,1910,2.0
1673,1911,5.0
1673,1913,31.0
1673,1914,5.0
1673,1915,2.0
1673,1916,7.0
1673,1917,5.0
1673,1918,5.0
1673,1919,7.0
1673,1920,8.0
1673,1921,2.0
1673,1922,11.0
1673,1923,7.0
1673,1924,2.0
1673,1925,5.0
1673,1926,5.0
1673,1927,12.0
1673,1928,14.0
1673,1929,15.0
1673,1931,5.0
1673,1932,13.0
1673,1933,7.0
1673,1934,5.0
1673,1935,4.0
1673,1936,28.0
1673,1937,9.0
1673,1938,11.0
1673,1939,40.0
1673,1940,13.0
1673,1941,14.0
1673,1943,9.0
1673,1945,5.0
1673,1946,5.0
1673,1948,7.0
1673,1949,13.0
1673,1950,5.0
1673,1951,5.0
1673,1952,17.0
1673,1953,3.0
1673,1954,2.0
1673,1955,41.0
1673,1956,5.0
1673,1957,7.0
1673,1958,4.0
1673,1959,6.0
1673,1960,2.0
1673,1961,9.0
1673,1964,2.0
1673,1965,5.0
1673,1966,9.0
1673,1970,5.0
1673,1971,2.0
1673,1973,5.0
1673,1974,7.0
1673,1975,2.0
1673,1976,2.0
1673,1978,7.0
1673,1979,7.0
1673,1980,3.0
1673,1982,10.0
1673,1983,2.0
1673,1985,7.0
1673,1986,7.0
1673,1988,8.0
1673,1989,18.0
1673,1991,5.0
1673,1992,5.0
1673,1993,4.0
1673,1995,9.0
1673,1996,7.0
1673,1998,2.0
1673,1999,3.0
1673,2003,5.0
1673,2005,5.0
1673,2006,3.0
1673,2007,11.0
1673,2008,5.0
1673,2010,7.0
1673,2011,11.0
1673,2012,5.0
1673,2013,5.0
1673,2016,10.0
1673,2017,2.0
1673,2021,2.0
1673,2022,7.0
1673,2023,5.0
1673,2024,2.0
1673,2028,5.0
1673,2029,5.0
1673,2031,17.0
1673,2032,5.0
1673,2034,11.0
1673,2035,5.0
1673,2036,7.0
1673,2038,7.0
1673,2040,12.0
1673,2041,2.0
1673,2044,3.0
1673,2045,16.0
1673,2046,7.0
1673,2047,2.0
1673,2048,11.0
1673,2049,5.0
1673,2050,5.0
1673,2051,9.0
1673,2052,33.0
1673,2053,4.0
1673,2054,4.0
1673,2055,9.0
1673,2056,2.0
1673,2057,7.0
1673,2058,7.0
1673,2059,3.0
1673,2060,5.0
1673,2061,5.0
1673,2062,9.0
1673,2063,7.0
1673,2064,9.0
1673,2065,13.0
1673,2066,8.0
1673,2067,2.0
1673,2068,11.0
1673,2069,9.0
1673,2070,17.0
1673,2071,6.0
1673,2072,7.0
1673,2073,10.0
1673,2074,7.0
1673,2075,7.0
1673,2077,5.0
1673,2078,5.0
1673,2080,7.0
1673,2081,5.0
1673,2084,9.0
1673,2085,16.0
1673,2086,9.0
1673,2087,5.0
1673,2088,5.0
1673,2090,6.0
1673,2091,15.0
1673,2092,11.0
1673,2093,9.0
1673,2094,5.0
1673,2095,28.0
1673,2096,13.0
1673,2097,5.0
1673,2098,5.0
1673,2099,12.0
1673,2101,5.0
1673,2103,2.0
1673,2104,7.0
1673,2107,9.0
1673,2108,11.0
1673,2109,20.0
1673,2112,7.0
1673,2113,3.0
1673,2117,7.0
1673,2120,7.0
1673,2121,5.0
1673,2122,5.0
1673,2123,5.0
1673,2124,20.0
1673,2125,5.0
1673,2126,9.0
1673,2127,17.0
1673,2128,5.0
1673,2129,5.0
1673,2131,9.0
1673,2132,5.0
1673,2133,12.0
1673,2135,3.0
1673,2136,28.0
1673,2138,5.0
1673,2139,5.0
1673,2142,5.0
1673,2145,5.0
1673,2146,5.0
1673,2147,36.0
1673,2149,30.0
1673,2150,6.0
1673,2151,5.0
1673,2153,17.0
1673,2154,5.0
1673,2155,5.0
1673,2156,7.0
1673,2157,7.0
1673,2158,9.0
1673,2159,4.0
1673,2160,7.0
1673,2161,2.0
1673,2162,5.0
1673,2164,2.0
1673,2166,5.0
1673,2167,4.0
1673,2168,36.0
1673,2169,47.0
1673,2170,5.0
1673,2171,7.0
1673,2173,7.0
1673,2174,10.0
1673,2175,5.0
1673,2176,5.0
1673,2177,5.0
1673,2178,5.0
1673,2179,9.0
1673,2180,9.0
1673,2181,21.0
1673,2182,5.0
1673,2183,5.0
1673,2184,7.0
1673,2186,2.0
1673,2187,5.0
1673,2188,7.0
1673,2189,5.0
1673,2190,7.0
1673,2191,7.0
1673,2192,107.0
1673,2193,5.0
1673,2194,5.0
1673,2195,15.0
1673,2196,5.0
1673,2197,5.0
1673,2199,2.0
1673,2200,5.0
1673,2201,10.0
1673,2202,5.0
1673,2204,3.0
1673,2205,5.0
1673,2207,5.0
1673,2208,9.0
1673,2211,7.0
1673,2212,7.0
1673,2213,5.0
1673,2214,7.0
1673,2215,4.0
1673,2216,7.0
1673,2217,8.0
1673,2218,5.0
1673,2219,7.0
1673,2220,11.0
1673,2222,5.0
1673,2223,17.0
1673,2224,15.0
1673,2225,19.0
1673,2226,7.0
1673,2227,6.0
1673,2228,11.0
1673,2229,5.0
1673,2230,3.0
1673,2231,5.0
1673,2232,4.0
1673,2233,3.0
1673,2234,3.0
1673,2235,6.0
1673,2237,49.0
1673,2238,4.0
1673,2239,23.0
1673,2242,15.0
1673,2243,2.0
1673,2244,5.0
1673,2245,2.0
1673,2246,4.0
1673,2247,46.0
1673,2248,7.0
1673,2249,5.0
1673,2250,39.0
1673,2255,5.0
1673,2256,3.0
1673,2257,5.0
1673,2258,29.0
1673,2259,5.0
1673,2260,5.0
1673,2262,7.0
1673,2263,2.0
1673,2265,7.0
1673,2266,7.0
1673,2267,2.0
1673,2268,4.0
1673,2269,4.0
1673,2270,4.0
1673,2271,5.0
1673,2272,9.0
1673,2273,16.0
1673,2274,8.0
1673,2275,5.0
1673,2276,4.0
1673,2277,3.0
1673,2278,9.0
1673,2279,2.0
1673,2280,7.0
1673,2281,2.0
1673,2283,7.0
1673,2285,2.0
1673,2287,10.0
1673,2288,6.0
1673,2290,4.0
1673,2291,5.0
1673,2292,7.0
1673,2293,5.0
1673,2294,8.0
1673,2295,3.0
1673,2296,26.0
1673,2297,11.0
1673,2298,5.0
1673,2299,4.0
1673,2300,7.0
1673,2301,5.0
1673,2302,9.0
1673,2303,26.0
1673,2305,12.0
1673,2306,9.0
1673,2307,2.0
1673,2308,10.0
1673,2310,5.0
1673,2311,6.0
1673,2312,11.0
1673,2313,4.0
1673,2314,6.0
1673,2317,5.0
1673,2318,2.0
1673,2319,5.0
1673,2320,5.0
1673,2321,9.0
1673,2323,5.0
1673,2324,7.0
1673,2325,10.0
1673,2326,3.0
1673,2329,7.0
1673,2330,9.0
1673,2331,7.0
1673,2332,4.0
1673,2334,9.0
1673,2335,10.0
1673,2336,31.0
1673,2337,9.0
1673,2338,2.0
1673,2339,7.0
1673,2341,4.0
1673,2342,13.0
1673,2343,10.0
1673,2344,2.0
1673,2345,9.0
1673,2346,6.0
1673,2347,7.0
1673,2348,21.0
1673,2349,2.0
1673,2350,15.0
1673,2351,12.0
1673,2352,2.0
1673,2353,7.0
1673,2355,5.0
1673,2356,6.0
1673,2357,7.0
1673,2358,7.0
1673,2359,2.0
1673,2360,7.0
1673,2361,5.0
1673,2362,5.0
1673,2363,5.0
1673,2364,9.0
1673,2365,5.0
1673,2366,35.0
1673,2367,5.0
1673,2368,2.0
1673,2369,12.0
1673,2371,7.0
1673,2373,5.0
1673,2374,5.0
1673,2375,5.0
1673,2377,5.0
1673,2378,9.0
1673,2379,6.0
1673,2380,13.0
1673,2382,4.0
1673,2383,7.0
1673,2384,5.0
1673,2385,6.0
1673,2386,161.0
1673,2387,4.0
1673,2388,8.0
1673,2389,5.0
1673,2390,5.0
1673,2391,5.0
1673,2392,7.0
1673,2393,6.0
1673,2394,5.0
1673,2396,2.0
1673,2397,5.0
1673,2398,5.0
1673,2399,5.0
1673,2400,5.0
1673,2401,11.0
1673,2402,4.0
1673,2403,4.0
1673,2404,22.0
1673,2405,17.0
1673,2406,13.0
1673,2407,19.0
1673,2408,9.0
1673,2409,13.0
1673,2410,14.0
1673,2411,5.0
1673,2412,4.0
1673,2413,9.0
1673,2414,5.0
1673,2415,3.0
1673,2417,7.0
1673,2418,2.0
1673,2419,4.0
1673,2420,7.0
1673,2421,8.0
1673,2422,9.0
1673,2423,5.0
1673,2424,5.0
1673,2425,7.0
1673,2426,2.0
1673,2427,2.0
1673,2428,4.0
1673,2431,5.0
1673,2432,19.0
1673,2433,5.0
1673,2434,11.0
1673,2435,5.0
1673,2436,2.0
1673,2437,3.0
1673,2438,5.0
1673,2439,5.0
1673,2440,14.0
1673,2441,7.0
1673,2442,3.0
1673,2443,4.0
1673,2445,28.0
1673,2446,33.0
1673,2447,5.0
1673,2448,6.0
1673,2449,26.0
1673,2450,2.0
1673,2451,26.0
1673,2452,15.0
1673,2453,4.0
1673,2454,46.0
1673,2455,2.0
1673,2457,4.0
1673,2458,7.0
1673,2459,3.0
1673,2460,5.0
1673,2461,4.0
1673,2462,20.0
1673,2463,19.0
1673,2465,9.0
1673,2468,38.0
1673,2469,6.0
1673,2470,5.0
1673,2471,9.0
1673,2472,5.0
1673,2473,8.0
1673,2474,5.0
1673,2475,19.0
1673,2476,5.0
1673,2477,53.0
1673,2478,5.0
1673,2479,5.0
1673,2480,5.0
1673,2481,9.0
1673,2482,51.0
1673,2483,5.0
1673,2484,7.0
1673,2485,7.0
1673,2486,6.0
1673,2487,7.0
1673,2488,4.0
1673,2489,9.0
1673,2490,9.0
1673,2491,5.0
1673,2492,11.0
1673,2493,7.0
1673,2494,4.0
1673,2495,9.0
1673,2496,55.0
1673,2497,9.0
1673,2498,11.0
1673,2500,13.0
1673,2501,9.0
1673,2502,9.0
1673,2503,4.0
1673,2504,8.0
1673,2505,3.0
1673,2506,2.0
1673,2507,7.0
1673,2509,5.0
1673,2510,5.0
1673,2511,4.0
1673,2512,25.0
1673,2513,3.0
1673,2514,5.0
1673,2516,5.0
1673,2517,7.0
1673,2518,15.0
1673,2519,6.0
1673,2520,7.0
1673,2521,7.0
1673,2522,9.0
1673,2524,5.0
1673,2525,108.0
1673,2526,3.0
1673,2528,3.0
1673,2529,12.0
1673,2530,5.0
1673,2531,7.0
1673,2532,5.0
1673,2533,4.0
1673,2534,7.0
1673,2535,4.0
1673,2536,5.0
1673,2537,11.0
1673,2538,13.0
1673,2539,14.0
1673,2540,9.0
1673,2541,5.0
1673,2542,5.0
1673,2544,5.0
1673,2547,7.0
1673,2548,2.0
1673,2549,9.0
1673,2550,12.0
1673,2551,36.0
1673,2552,11.0
1673,2553,2.0
1673,2554,5.0
1673,2555,7.0
1673,2556,7.0
1673,2557,7.0
1673,2558,9.0
1673,2560,10.0
1673,2562,10.0
1673,2564,7.0
1673,2565,2.0
1673,2566,7.0
1673,2567,5.0
1673,2568,9.0
1673,2569,3.0
1673,2570,8.0
1673,2573,13.0
1673,2574,7.0
1673,2575,7.0
1673,2576,10.0
1673,2577,14.0
1673,2578,10.0
1673,2579,5.0
1673,2580,7.0
1673,2581,4.0
1673,2582,5.0
1673,2583,4.0
1673,2584,11.0
1673,2585,4.0
1673,2586,5.0
1673,2587,13.0
1673,2588,11.0
1673,2589,49.0
1673,2591,5.0
1673,2592,9.0
1673,2594,5.0
1673,2595,4.0
1673,2596,5.0
1673,2597,5.0
1673,2598,4.0
1673,2599,2.0
1673,2600,5.0
1673,2601,5.0
1673,2602,7.0
1673,2603,7.0
1673,2604,2.0
1673,2606,5.0
1673,2609,5.0
1673,2610,6.0
1673,2612,9.0
1673,2614,5.0
1673,2615,2.0
1673,2616,6.0
1673,2618,5.0
1673,2621,5.0
1673,2622,2.0
1673,2623,2.0
1673,2625,2.0
1673,2626,17.0
1673,2627,9.0
1673,2629,5.0
1673,2631,4.0
1673,2632,8.0
1673,2633,2.0
1673,2635,15.0
1673,2638,7.0
1673,2640,19.0
1673,2642,5.0
1673,2645,2.0
1673,2646,5.0
1673,2648,5.0
1673,2650,7.0
1673,2651,8.0
1673,2652,5.0
1673,2653,2.0
1673,2654,9.0
1673,2655,2.0
1673,2657,7.0
1673,2658,9.0
1673,2659,5.0
1673,2660,5.0
1673,2661,5.0
1673,2662,31.0
1673,2663,7.0
1673,2664,5.0
1673,2665,7.0
1673,2666,7.0
1673,2667,11.0
1673,2668,7.0
1673,2669,9.0
1673,2670,6.0
1673,2671,7.0
1673,2673,5.0
1673,2674,18.0
1673,2675,6.0
1673,2676,17.0
1673,2677,5.0
1673,2678,9.0
1673,2680,4.0
1673,2681,9.0
1673,2682,5.0
1673,2683,8.0
1673,2684,7.0
1673,2685,2.0
1673,2687,5.0
1673,2688,7.0
1673,2689,18.0
1673,2690,5.0
1673,2691,11.0
1673,2692,15.0
1673,2693,6.0
1673,2695,7.0
1673,2696,5.0
1673,2699,15.0
1673,2700,7.0
1673,2701,7.0
1673,2702,7.0
1673,2703,17.0
1673,2704,24.0
1673,2706,5.0
1673,2707,115.0
1673,2708,2.0
1673,2709,9.0
1673,2710,5.0
1673,2711,5.0
1673,2712,5.0
1673,2713,5.0
1673,2714,11.0
1673,2715,2.0
1673,2716,5.0
1673,2717,26.0
1673,2718,9.0
1673,2719,12.0
1673,2720,5.0
1673,2721,2.0
1673,2722,5.0
1673,2723,164.0
1673,2724,7.0
1673,2725,11.0
1673,2726,11.0
1673,2727,36.0
1673,2728,7.0
1673,2729,15.0
1673,2730,2.0
1673,2731,5.0
1673,2732,5.0
1673,2733,5.0
1673,2734,16.0
1673,2735,7.0
1673,2736,2.0
1673,2738,5.0
1673,2739,5.0
1673,2740,9.0
1673,2741,5.0
1673,2742,2.0
1673,2743,2.0
1673,2744,6.0
1673,2745,81.0
1673,2746,22.0
1673,2747,4.0
1673,2748,105.0
1673,2749,15.0
1673,2750,5.0
1673,2751,5.0
1673,2756,3.0
1673,2758,9.0
1673,2761,3.0
1673,2762,2.0
1673,2763,2.0
1673,2764,2.0
1673,2765,2.0
1673,2766,17.0
1673,2767,3.0
1673,2771,24.0
1673,2773,4.0
1673,2775,7.0
1673,2777,43.0
1673,2778,5.0
1673,2779,5.0
1673,2780,4.0
1673,2781,8.0
1673,2782,5.0
1673,2784,5.0
1673,2785,7.0
1673,2786,9.0
1673,2787,7.0
1673,2788,7.0
1673,2789,8.0
1673,2790,11.0
1673,2791,9.0
1673,2792,5.0
1673,2794,9.0
1673,2795,5.0
1673,2796,11.0
1673,2797,5.0
1673,2798,14.0
1673,2799,5.0
1673,2800,7.0
1673,2801,16.0
1673,2802,5.0
1673,2803,16.0
1673,2804,17.0
1673,2805,53.0
1673,2806,11.0
1673,2807,7.0
1673,2808,2.0
1673,2809,7.0
1673,2810,19.0
1673,2811,9.0
1673,2812,5.0
1673,2813,13.0
1673,2814,8.0
1673,2815,7.0
1673,2817,15.0
1673,2818,5.0
1673,2819,10.0
1673,2820,5.0
1673,2821,7.0
1673,2823,9.0
1673,2824,7.0
1673,2825,7.0
1673,2826,5.0
1673,2827,4.0
1673,2828,9.0
1673,2829,26.0
1673,2830,4.0
1673,2831,2.0
1673,2832,5.0
1673,2833,9.0
1673,2834,7.0
1673,2835,7.0
1673,2836,9.0
1673,2837,21.0
1673,2838,6.0
1673,2839,7.0
1673,2840,14.0
1673,2841,8.0
1673,2842,9.0
1673,2843,7.0
1673,2844,5.0
1673,2845,18.0
1673,2846,24.0
1673,2847,7.0
1673,2848,7.0
1673,2849,5.0
1673,2850,5.0
1673,2851,5.0
1673,2852,2.0
1673,2854,5.0
1673,2855,6.0
1673,2856,8.0
1673,2857,6.0
1673,2858,6.0
1673,2860,5.0
1673,2861,25.0
1673,2863,12.0
1673,2864,7.0
1673,2865,5.0
1673,2866,4.0
1673,2867,7.0
1673,2868,16.0
1673,2869,7.0
1673,2870,8.0
1673,2871,5.0
1673,2872,7.0
1673,2873,7.0
1673,2874,9.0
1673,2875,5.0
1673,2876,16.0
1673,2877,24.0
1673,2878,17.0
1673,2879,5.0
1673,2880,58.0
1673,2881,5.0
1673,2883,11.0
1673,2884,4.0
1673,2885,17.0
1673,2886,9.0
1673,2887,12.0
1673,2888,9.0
1673,2889,5.0
1673,2890,12.0
1673,2891,4.0
1673,2892,8.0
1673,2893,9.0
1673,2894,13.0
1673,2895,15.0
1673,2896,5.0
1673,2897,19.0
1673,2898,17.0
1673,2899,4.0
1673,2900,9.0
1673,2901,28.0
1673,2902,29.0
1673,2903,14.0
1673,2904,13.0
1673,2905,10.0
1673,2906,5.0
1673,2907,9.0
1673,2908,9.0
1673,2909,7.0
1673,2910,2.0
1673,2912,5.0
1673,2913,5.0
1673,2914,7.0
1673,2915,40.0
1673,2916,35.0
1673,2917,9.0
1673,2918,14.0
1673,2919,2.0
1673,2920,10.0
1673,2921,5.0
1673,2922,3.0
1673,2923,7.0
1673,2924,5.0
1673,2925,5.0
1673,2926,5.0
1673,2927,9.0
1673,2928,17.0
1673,2929,9.0
1673,2930,18.0
1673,2931,5.0
1673,2932,5.0
1673,2933,3.0
1673,2934,5.0
1673,2935,9.0
1673,2936,5.0
1673,2937,20.0
1673,2938,5.0
1673,2939,5.0
1673,2940,5.0
1673,2941,5.0
1673,2942,5.0
1673,2943,2.0
1673,2944,6.0
1673,2945,4.0
1673,2946,7.0
1673,2947,5.0
1673,2948,5.0
1673,2949,7.0
1673,2950,5.0
1673,2951,7.0
1673,2952,9.0
1673,2953,5.0
1673,2954,56.0
1673,2955,18.0
1673,2956,5.0
1673,2957,3.0
1673,2958,7.0
1673,2959,11.0
1673,2960,7.0
1673,2961,5.0
1673,2962,11.0
1673,2963,5.0
1673,2964,2.0
1673,2965,15.0
1673,2966,5.0
1673,2967,2.0
1673,2968,7.0
1673,2969,15.0
1673,2970,4.0
1673,2971,7.0
1673,2972,2.0
1673,2973,7.0
1673,2974,5.0
1673,2975,70.0
1673,2976,32.0
1673,2977,7.0
1673,2978,15.0
1673,2979,5.0
1673,2980,5.0
1673,2981,19.0
1673,2982,9.0
1673,2983,5.0
1673,2984,5.0
1673,2985,26.0
1673,2986,32.0
1673,2987,11.0
1673,2988,2.0
1673,2989,11.0
1673,2990,7.0
1673,2991,4.0
1673,2992,5.0
1673,2993,5.0
1673,2994,7.0
1673,2995,9.0
1673,2996,12.0
1673,2998,7.0
1673,2999,17.0
1673,3000,5.0
1673,3001,4.0
1673,3002,5.0
1673,3003,2.0
1673,3005,3.0
1673,3006,11.0
1673,3007,5.0
1673,3009,5.0
1673,3010,4.0
1673,3011,7.0
1673,3012,7.0
1673,3013,3.0
1673,3014,2.0
1673,3015,5.0
1673,3016,2.0
1673,3017,10.0
1673,3018,10.0
1673,3019,4.0
1673,3020,2.0
1673,3021,18.0
1673,3022,7.0
1673,3023,9.0
1673,3024,3.0
1673,3025,9.0
1673,3026,25.0
1673,3027,19.0
1673,3028,3.0
1673,3029,3.0
1673,3030,9.0
1673,3031,7.0
1673,3032,19.0
1673,3033,2.0
1673,3034,2.0
1673,3035,8.0
1673,3036,15.0
1673,3037,12.0
1673,3038,2.0
1673,3039,11.0
1673,3040,13.0
1673,3041,3.0
1673,3042,6.0
1673,3043,11.0
1673,3044,11.0
1673,3045,19.0
1673,3046,7.0
1673,3047,5.0
1673,3048,7.0
1673,3049,8.0
1673,3050,7.0
1673,3051,33.0
1673,3052,11.0
1673,3053,5.0
1673,3054,29.0
1673,3055,33.0
1673,3056,7.0
1673,3057,7.0
1673,3058,5.0
1673,3059,13.0
1673,3060,5.0
1673,3061,7.0
1673,3062,127.0
1673,3063,25.0
1673,3064,5.0
1673,3065,5.0
1673,3066,5.0
1673,3067,12.0
1673,3068,7.0
1673,3069,9.0
1673,3070,7.0
1673,3071,14.0
1673,3072,5.0
1673,3073,5.0
1673,3074,5.0
1673,3075,8.0
1673,3076,27.0
1673,3077,23.0
1673,3078,5.0
1673,3079,5.0
1673,3080,7.0
1673,3081,35.0
1673,3082,11.0
1673,3083,17.0
1673,3084,7.0
1673,3085,17.0
1673,3086,7.0
1673,3087,5.0
1673,3088,15.0
1673,3089,5.0
1673,3090,11.0
1673,3091,7.0
1673,3092,5.0
1673,3093,4.0
1673,3094,5.0
1673,3095,5.0
1673,3096,11.0
1673,3097,11.0
1673,3098,2.0
1673,3099,7.0
1673,3101,11.0
1673,3102,4.0
1673,3103,2.0
1673,3104,7.0
1673,3105,5.0
1673,3106,7.0
1673,3107,7.0
1673,3108,5.0
1673,3109,7.0
1673,3110,13.0
1673,3111,5.0
1673,3112,7.0
1673,3113,5.0
1673,3114,42.0
1673,3115,7.0
1673,3116,9.0
1673,3117,11.0
1673,3118,11.0
1673,3119,9.0
1673,3120,27.0
1673,3122,5.0
1673,3123,10.0
1673,3124,15.0
1673,3125,9.0
1673,3126,7.0
1673,3127,5.0
1673,3128,9.0
1673,3129,5.0
1673,3130,8.0
1673,3131,6.0
1673,3132,5.0
1673,3133,3.0
1673,3134,17.0
1673,3135,11.0
1673,3136,16.0
1673,3137,5.0
1673,3138,13.0
1673,3139,5.0
1673,3140,13.0
1673,3141,9.0
1673,3142,16.0
1673,3143,6.0
1673,3144,7.0
1673,3145,15.0
1673,3146,5.0
1673,3147,5.0
1673,3148,5.0
1673,3149,5.0
1673,3150,5.0
1673,3151,7.0
1673,3152,7.0
1673,3153,11.0
1673,3155,40.0
1673,3157,11.0
1673,3158,21.0
1673,3159,2.0
1673,3161,2.0
1673,3162,5.0
1673,3165,6.0
1673,3167,2.0
1673,3168,5.0
1673,3169,5.0
1673,3171,22.0
1673,3173,6.0
1673,3174,10.0
1673,3180,16.0
1673,3184,29.0
1673,3185,7.0
1673,3186,9.0
1673,3187,5.0
1673,3188,5.0
1673,3189,15.0
1673,3190,28.0
1673,3192,9.0
1673,3193,9.0
1673,3194,5.0
1673,3195,29.0
1673,3196,5.0
1673,3197,11.0
1673,3198,9.0
1673,3199,7.0
1673,3200,5.0
1673,3201,5.0
1673,3202,15.0
1673,3203,6.0
1673,3204,5.0
1673,3205,7.0
1673,3206,11.0
1673,3207,41.0
1673,3208,17.0
1673,3209,16.0
1673,3210,3.0
1673,3212,19.0
1673,3213,10.0
1673,3214,13.0
1673,3215,9.0
1673,3216,9.0
1673,3217,5.0
1673,3218,6.0
1673,3219,9.0
1673,3220,5.0
1673,3221,9.0
1673,3222,8.0
1673,3223,9.0
1673,3224,21.0
1673,3225,17.0
1673,3226,7.0
1673,3227,6.0
1673,3228,3.0
1673,3229,5.0
1673,3230,5.0
1673,3231,7.0
1673,3232,5.0
1673,3233,18.0
1673,3234,5.0
1673,3235,5.0
1673,3236,13.0
1673,3237,2.0
1673,3238,13.0
1673,3239,20.0
1673,3240,17.0
1673,3241,5.0
1673,3243,9.0
1673,3244,7.0
1673,3245,7.0
1673,3246,5.0
1673,3247,7.0
1673,3248,9.0
1673,3249,5.0
1673,3250,9.0
1673,3251,7.0
1673,3252,13.0
1673,3253,21.0
1673,3254,32.0
1673,3255,27.0
1673,3256,13.0
1673,3257,15.0
1673,3258,4.0
1673,3259,5.0
1673,3260,2.0
1673,3261,5.0
1673,3262,11.0
1673,3263,8.0
1673,3264,5.0
1673,3265,5.0
1673,3266,13.0
1673,3267,7.0
1673,3268,9.0
1673,3269,7.0
1673,3270,39.0
1673,3271,5.0
1673,3272,22.0
1673,3273,34.0
1673,3274,5.0
1673,3275,5.0
1673,3276,7.0
1673,3277,5.0
1673,3278,4.0
1673,3279,17.0
1673,3280,15.0
1673,3281,7.0
1673,3282,5.0
1673,3283,16.0
1673,3284,5.0
1673,3285,2.0
1673,3286,5.0
1673,3287,7.0
1673,3288,9.0
1673,3289,6.0
1673,3290,18.0
1673,3291,18.0
1673,3292,5.0
1673,3293,5.0
1673,3294,21.0
1673,3295,20.0
1673,3296,5.0
1673,3297,6.0
1673,3298,17.0
1673,3299,5.0
1673,3300,2.0
1673,3301,7.0
1673,3303,5.0
1673,3305,23.0
1673,3306,5.0
1673,3309,16.0
1673,3311,6.0
1673,3312,2.0
1673,3314,2.0
1673,3316,7.0
1673,3318,6.0
1673,3319,2.0
1673,3320,4.0
1673,3321,7.0
1673,3324,4.0
1673,3326,5.0
1673,3339,2.0
1673,3342,7.0
1673,3343,4.0
1673,3347,13.0
1673,3349,13.0
1673,3353,6.0
1673,3354,4.0
1673,3360,12.0
1673,3367,2.0
1673,3372,2.0
1673,3376,6.0
1673,3377,2.0
1673,3378,20.0
1673,3379,4.0
1673,3381,2.0
1673,3388,8.0
1673,3392,2.0
1673,3393,8.0
1673,3395,6.0
1673,3398,2.0
1673,3402,2.0
1673,3404,2.0
1673,3408,12.0
1673,3410,2.0
1673,3412,4.0
1673,3419,2.0
1673,3422,2.0
1673,3425,2.0
1673,3426,2.0
1673,3430,2.0
1673,3438,3.0
1673,3439,2.0
1673,3452,8.0
1673,3454,4.0
1673,3456,4.0
1673,3466,2.0
1673,3475,2.0
1673,3478,4.0
1673,3482,8.0
1673,3483,2.0
1673,3490,2.0
1673,3492,2.0
1673,3494,2.0
1673,3495,2.0
1673,3496,8.0
1673,3504,2.0
1673,3526,4.0
1673,3535,2.0
1673,3575,2.0
1673,3631,8.0
1673,3714,4.0
1673,3773,2.0
1673,3817,6.0
1673,3851,2.0
1673,3885,4.0
1673,3914,8.0
1673,3939,2.0
1673,4039,2.0
1673,4087,2.0
1673,4128,2.0
1673,4188,2.0
1677,1673,2.0
1682,3367,2.0
1687,499,4.0
1687,1632,4.0
1687,1638,3.0
1687,2282,5.0
1707,1583,4.0
1707,1599,2.0
1707,1600,4.0
1707,1617,4.0
1707,1622,5.0
1707,1626,5.0
1707,1627,5.0
1707,1629,5.0
1707,1630,2.0
1707,1636,7.0
1707,1639,5.0
1707,1641,2.0
1707,1645,2.0
1707,1646,4.0
1707,1652,5.0
1707,1653,2.0
1707,1654,4.0
1707,1656,7.0
1707,1657,7.0
1707,1658,9.0
1707,1669,4.0
1707,1671,2.0
1707,1684,7.0
1707,1685,5.0
1707,1688,5.0
1707,1690,5.0
1707,1693,5.0
1707,1694,7.0
1707,1696,7.0
1707,1698,2.0
1707,1702,2.0
1707,1718,2.0
1707,1735,2.0
1707,1737,2.0
1707,1739,2.0
1707,1741,4.0
1707,1744,2.0
1707,1745,2.0
1707,1939,2.0
1707,2448,2.0
1707,2745,2.0
1718,1386,2.0
1718,1603,5.0
1718,1606,2.0
1718,1609,5.0
1718,1610,5.0
1718,1613,5.0
1718,1654,5.0
1718,1709,5.0
1718,1714,5.0
1718,1792,5.0
1718,1795,5.0
1718,1809,5.0
1718,1824,3.0
1718,1829,5.0
1718,1835,5.0
1718,1887,5.0
1718,1939,2.0
1723,29,10.0
1723,499,34.0
1723,2192,8.0
1723,3378,2.0
1736,499,4.0
1736,700,2.0
1736,1680,7.0
1736,1682,7.0
1736,1685,2.0
1736,1695,11.0
1736,1698,4.0
1736,1705,9.0
1736,1706,5.0
1736,1713,4.0
1736,1723,6.0
1736,1976,2.0
1736,3017,2.0
1736,3255,2.0
1747,1341,2.0
1748,1843,2.0
1753,2071,6.0
1754,2165,2.0
1759,720,4.0
1773,1723,4.0
1773,1750,2.0
1773,1759,2.0
1777,1795,2.0
1777,1809,2.0
1777,1888,2.0
1777,2290,2.0
1778,499,10.0
1778,1735,4.0
1778,1736,4.0
1778,1756,2.0
1778,1760,4.0
1778,1761,2.0
1778,1764,10.0
1778,1766,2.0
1778,1900,4.0
1782,138,4.0
1782,150,4.0
1782,1866,2.0
1782,2452,24.0
1782,2553,5.0
1782,2723,7.0
1791,2840,2.0
1797,1924,6.0
1803,225,15.0
1803,499,4.0
1803,1201,5.0
1803,1450,2.0
1803,1646,4.0
1803,1673,26.0
1803,1772,5.0
1803,1804,2.0
1803,1806,7.0
1803,1807,2.0
1803,1809,2.0
1803,1958,5.0
1803,1987,5.0
1803,2033,5.0
1803,2308,5.0
1803,2309,5.0
1803,2502,2.0
1803,2512,2.0
1803,2515,5.0
1803,2531,6.0
1803,2532,2.0
1803,2534,4.0
1803,2540,5.0
1803,2546,10.0
1803,2548,2.0
1803,2560,2.0
1803,2561,5.0
1803,2565,5.0
1803,2577,2.0
1803,2580,2.0
1803,2585,7.0
1803,2589,2.0
1803,2592,2.0
1803,2604,3.0
1803,2609,2.0
1803,2619,2.0
1803,2620,5.0
1803,2625,5.0
1803,2636,5.0
1803,2639,5.0
1803,2641,5.0
1803,2642,2.0
1803,2644,5.0
1803,2645,10.0
1803,2655,7.0
1803,2672,5.0
1803,2673,2.0
1803,2674,15.0
1803,2675,5.0
1803,2680,9.0
1803,2683,6.0
1803,2685,2.0
1803,2692,2.0
1803,2693,3.0
1803,2694,7.0
1803,2707,18.0
1803,2708,7.0
1803,2713,2.0
1803,2715,2.0
1803,2723,14.0
1803,2725,2.0
1803,2726,5.0
1803,2730,5.0
1803,2736,2.0
1803,2740,2.0
1803,2744,2.0
1803,2748,2.0
1803,2750,4.0
1803,2755,5.0
1803,2769,5.0
1803,2841,5.0
1803,2846,4.0
1803,2849,4.0
1803,2863,8.0
1803,3021,6.0
1803,3062,2.0
1803,3104,2.0
1803,3126,4.0
1803,3136,2.0
1803,3143,8.0
1803,3147,2.0
1803,3190,4.0
1803,3191,5.0
1803,3209,8.0
1803,3367,2.0
1803,3614,2.0
1803,3919,2.0
1832,1673,4.0
1832,2898,4.0
1839,2388,2.0
1847,1887,2.0
1861,66,8.0
1861,1118,2.0
1861,1134,2.0
1873,2880,2.0
1887,1847,6.0
1887,1866,2.0
1887,1868,2.0
1887,1874,4.0
1887,1987,2.0
1887,2347,2.0
1889,728,2.0
1905,2798,10.0
1913,2233,2.0
1913,2258,4.0
1928,2878,4.0
1929,1955,38.0
1931,1952,2.0
1955,2694,2.0
1961,2149,2.0
1989,1134,2.0
1989,1255,2.0
1997,2960,2.0
2030,2206,2.0
2031,2366,2.0
2055,3026,2.0
2055,3075,2.0
2058,2748,4.0
2085,499,2.0
2085,2093,2.0
2085,2109,2.0
2085,2123,2.0
2085,3209,2.0
2085,4051,6.0
2085,4141,2.0
2095,2723,2.0
2095,2971,2.0
2095,3055,2.0
2109,2386,4.0
2149,14,6.0
2149,23,8.0
2149,29,18.0
2149,150,4.0
2149,175,12.0
2149,225,7.0
2149,246,2.0
2149,382,4.0
2149,499,14.0
2149,945,24.0
2149,978,2.0
2149,1095,3.0
2149,1142,4.0
2149,1161,4.0
2149,1184,4.0
2149,1192,3.0
2149,1198,4.0
2149,1202,4.0
2149,1298,12.0
2149,1299,4.0
2149,1301,2.0
2149,1314,10.0
2149,1320,2.0
2149,1345,4.0
2149,1433,4.0
2149,1450,4.0
2149,1458,4.0
2149,1479,6.0
2149,1543,4.0
2149,1620,6.0
2149,1673,34.0
2149,1677,2.0
2149,1683,9.0
2149,1723,4.0
2149,1815,2.0
2149,1895,2.0
2149,1909,2.0
2149,1921,2.0
2149,1923,4.0
2149,1927,6.0
2149,1929,2.0
2149,1936,4.0
2149,1942,5.0
2149,2022,4.0
2149,2025,5.0
2149,2026,4.0
2149,2027,2.0
2149,2033,2.0
2149,2049,2.0
2149,2052,2.0
2149,2076,2.0
2149,2082,2.0
2149,2085,2.0
2149,2089,6.0
2149,2120,12.0
2149,2122,2.0
2149,2123,2.0
2149,2127,4.0
2149,2128,6.0
2149,2135,2.0
2149,2150,6.0
2149,2173,2.0
2149,2183,2.0
2149,2200,2.0
2149,2208,4.0
2149,2210,7.0
2149,2220,2.0
2149,2225,2.0
2149,2227,3.0
2149,2251,4.0
2149,2286,2.0
2149,2300,4.0
2149,2318,5.0
2149,2326,2.0
2149,2332,2.0
2149,2344,7.0
2149,2354,6.0
2149,2361,2.0
2149,2372,2.0
2149,2377,2.0
2149,2381,5.0
2149,2382,2.0
2149,2389,4.0
2149,2401,4.0
2149,2415,4.0
2149,2417,6.0
2149,2425,4.0
2149,2446,10.0
2149,2452,12.0
2149,2464,3.0
2149,2473,2.0
2149,2477,14.0
2149,2505,4.0
2149,2513,4.0
2149,2521,4.0
2149,2527,7.0
2149,2551,2.0
2149,2560,4.0
2149,2568,2.0
2149,2580,2.0
2149,2583,2.0
2149,2612,2.0
2149,2617,2.0
2149,2619,5.0
2149,2623,2.0
2149,2634,2.0
2149,2656,5.0
2149,2657,4.0
2149,2673,2.0
2149,2675,2.0
2149,2692,2.0
2149,2704,8.0
2149,2705,2.0
2149,2707,4.0
2149,2727,2.0
2149,2745,2.0
2149,2748,2.0
2149,2798,2.0
2149,2880,2.0
2149,2897,2.0
2149,3009,2.0
2149,3057,2.0
2192,2193,2.0
2192,2205,2.0
2192,2211,2.0
2192,2589,2.0
2192,2811,2.0
2192,2880,2.0
2214,1673,2.0
2215,2139,2.0
2215,2369,4.0
2215,2392,2.0
2215,2393,2.0
2215,2395,4.0
2219,3209,2.0
2220,225,2.0
2220,2723,10.0
2220,2805,2.0
2220,3661,2.0
2220,3674,2.0
2220,3691,2.0
2220,3703,6.0
2220,3765,2.0
2220,3851,6.0
2232,2282,2.0
2237,2707,2.0
2242,499,4.0
2242,1673,14.0
2242,2243,2.0
2242,2452,4.0
2247,2260,2.0
2247,2475,2.0
2278,2068,2.0
2278,2074,2.0
2278,2417,2.0
2278,2429,2.0
2278,2723,2.0
2278,2805,6.0
2278,2880,4.0
2292,2237,2.0
2322,2327,2.0
2322,4109,6.0
2324,3057,2.0
2330,2640,4.0
2336,2112,2.0
2336,2160,2.0
2336,2169,2.0
2336,2331,2.0
2336,2335,2.0
2336,3588,2.0
2345,1673,4.0
2349,2364,2.0
2388,2386,2.0
2392,2070,2.0
2392,2313,4.0
2392,2355,2.0
2392,2393,4.0
2392,2395,2.0
2392,2420,2.0
2392,2422,2.0
2401,2434,4.0
2407,2278,2.0
2407,2777,2.0
2424,2005,4.0
2429,2109,8.0
2429,2386,2.0
2429,2805,4.0
2429,2840,2.0
2432,29,2.0
2454,1255,4.0
2477,499,2.0
2477,1673,2.0
2477,2469,4.0
2477,2472,4.0
2477,2478,20.0
2477,2508,2.0
2477,2515,2.0
2477,2518,4.0
2477,2699,2.0
2477,2992,2.0
2500,1673,2.0
2500,2109,2.0
2502,2503,2.0
2503,2501,2.0
2506,2592,2.0
2506,2609,8.0
2512,289,6.0
2525,2723,34.0
2525,3254,2.0
2525,3305,2.0
2525,3998,2.0
2547,1863,4.0
2566,2723,2.0
2569,2169,2.0
2573,2572,4.0
2573,2574,2.0
2577,1673,2.0
2577,4155,2.0
2578,2805,2.0
2587,3021,8.0
2590,1315,2.0
2590,2765,2.0
2590,2960,2.0
2599,2286,2.0
2627,499,2.0
2627,2392,2.0
2627,2650,2.0
2630,1673,6.0
2649,1840,2.0
2649,2805,2.0
2699,1673,2.0
2699,2707,2.0
2699,2719,2.0
2699,2721,2.0
2699,2722,4.0
2699,2723,2.0
2699,2725,4.0
2699,2726,10.0
2699,2727,4.0
2699,2732,2.0
2699,2745,2.0
2699,2777,4.0
2706,3419,2.0
2707,225,6.0
2707,1673,8.0
2707,2525,4.0
2707,2540,2.0
2707,2571,4.0
2707,2574,2.0
2707,2628,4.0
2707,2675,6.0
2707,2697,4.0
2707,2710,2.0
2707,2711,2.0
2707,2713,6.0
2707,2717,2.0
2707,2720,4.0
2707,2721,2.0
2707,2722,4.0
2707,2725,2.0
2707,2726,2.0
2707,2727,4.0
2707,2730,2.0
2707,2734,6.0
2707,2740,2.0
2707,2741,2.0
2707,2744,2.0
2707,2745,15.0
2707,2747,2.0
2707,2748,6.0
2707,2749,2.0
2707,2750,8.0
2707,2751,2.0
2707,2752,2.0
2707,2753,12.0
2707,2755,2.0
2707,2763,4.0
2707,2765,4.0
2707,2768,2.0
2707,2769,4.0
2707,2772,2.0
2707,2773,8.0
2707,2775,8.0
2707,2776,2.0
2707,2777,2.0
2707,2780,8.0
2707,2783,2.0
2707,2840,6.0
2707,2863,2.0
2707,2877,2.0
2707,2927,2.0
2707,2955,6.0
2707,2972,4.0
2707,3026,8.0
2707,3040,2.0
2707,3077,4.0
2713,225,2.0
2713,700,4.0
2713,1673,4.0
2713,2707,6.0
2713,2744,2.0
2713,2745,2.0
2713,2757,9.0
2713,2783,5.0
2713,2805,2.0
2713,2814,19.0
2713,2852,2.0
2718,2615,2.0
2718,2700,2.0
2718,2701,2.0
2718,2738,2.0
2718,2740,2.0
2718,2777,6.0
2723,8,12.0
2723,23,16.0
2723,225,33.0
2723,1340,8.0
2723,1623,5.0
2723,1673,18.0
2723,1803,14.0
2723,1889,5.0
2723,2095,2.0
2723,2149,2.0
2723,2328,4.0
2723,2432,20.0
2723,2463,3.0
2723,2525,2.0
2723,2589,7.0
2723,2704,2.0
2723,2736,5.0
2723,2748,12.0
2723,2777,2.0
2723,2803,2.0
2723,2805,114.0
2723,2814,5.0
2723,2822,2.0
2723,2877,2.0
2723,2901,5.0
2723,2968,17.0
2723,3061,2.0
2723,3062,22.0
2723,3124,7.0
2723,3178,6.0
2723,3182,2.0
2723,3190,42.0
2723,3195,2.0
2723,3198,9.0
2723,3207,2.0
2723,3209,85.0
2723,3211,5.0
2723,3220,7.0
2723,3225,2.0
2723,3241,2.0
2723,3248,2.0
2723,3254,15.0
2723,3257,2.0
2723,3263,3.0
2723,3266,10.0
2723,3272,6.0
2723,3295,6.0
2723,3298,6.0
2723,3301,2.0
2723,3305,8.0
2723,3308,3.0
2723,3309,4.0
2723,3319,6.0
2723,3320,4.0
2723,3321,2.0
2723,3332,5.0
2723,3335,7.0
2723,3336,2.0
2723,3338,4.0
2723,3339,2.0
2723,3345,2.0
2723,3346,5.0
2723,3347,2.0
2723,3348,3.0
2723,3349,8.0
2723,3350,3.0
2723,3351,3.0
2723,3353,2.0
2723,3356,18.0
2723,3357,2.0
2723,3358,5.0
2723,3359,5.0
2723,3360,6.0
2723,3362,5.0
2723,3363,5.0
2723,3364,4.0
2723,3367,4.0
2723,3370,5.0
2723,3371,5.0
2723,3373,5.0
2723,3374,5.0
2723,3378,6.0
2723,3379,2.0
2723,3381,6.0
2723,3386,5.0
2723,3387,22.0
2723,3388,27.0
2723,3389,12.0
2723,3390,5.0
2723,3391,2.0
2723,3392,2.0
2723,3393,7.0
2723,3394,2.0
2723,3395,5.0
2723,3396,6.0
2723,3397,15.0
2723,3398,5.0
2723,3400,4.0
2723,3402,2.0
2723,3403,2.0
2723,3404,2.0
2723,3406,5.0
2723,3407,5.0
2723,3408,11.0
2723,3411,5.0
2723,3412,5.0
2723,3413,5.0
2723,3414,7.0
2723,3415,7.0
2723,3418,2.0
2723,3419,2.0
2723,3420,2.0
2723,3421,2.0
2723,3422,2.0
2723,3423,5.0
2723,3424,5.0
2723,3426,2.0
2723,3429,4.0
2723,3430,16.0
2723,3431,3.0
2723,3433,9.0
2723,3434,5.0
2723,3435,14.0
2723,3436,4.0
2723,3437,5.0
2723,3438,7.0
2723,3440,5.0
2723,3443,3.0
2723,3445,5.0
2723,3447,5.0
2723,3449,6.0
2723,3450,10.0
2723,3451,11.0
2723,3452,8.0
2723,3454,4.0
2723,3455,5.0
2723,3457,3.0
2723,3458,5.0
2723,3459,7.0
2723,3460,11.0
2723,3463,5.0
2723,3464,2.0
2723,3465,7.0
2723,3466,9.0
2723,3468,2.0
2723,3469,6.0
2723,3470,5.0
2723,3474,2.0
2723,3475,2.0
2723,3477,5.0
2723,3478,5.0
2723,3480,5.0
2723,3482,17.0
2723,3483,7.0
2723,3484,15.0
2723,3485,5.0
2723,3486,5.0
2723,3488,5.0
2723,3489,5.0
2723,3491,6.0
2723,3493,5.0
2723,3494,10.0
2723,3495,5.0
2723,3496,11.0
2723,3497,9.0
2723,3498,4.0
2723,3501,5.0
2723,3502,5.0
2723,3503,13.0
2723,3504,5.0
2723,3505,5.0
2723,3506,3.0
2723,3507,9.0
2723,3508,9.0
2723,3510,7.0
2723,3511,5.0
2723,3512,5.0
2723,3513,6.0
2723,3514,2.0
2723,3515,5.0
2723,3516,7.0
2723,3517,5.0
2723,3518,30.0
2723,3519,4.0
2723,3520,7.0
2723,3521,6.0
2723,3523,5.0
2723,3526,2.0
2723,3531,18.0
2723,3532,5.0
2723,3536,3.0
2723,3545,5.0
2723,3555,5.0
2723,3556,5.0
2723,3562,4.0
2723,3564,3.0
2723,3567,3.0
2723,3570,2.0
2723,3572,7.0
2723,3573,2.0
2723,3574,5.0
2723,3575,13.0
2723,3583,6.0
2723,3599,13.0
2723,3603,5.0
2723,3609,5.0
2723,3611,5.0
2723,3612,16.0
2723,3613,4.0
2723,3619,2.0
2723,3625,5.0
2723,3626,5.0
2723,3628,2.0
2723,3630,5.0
2723,3631,11.0
2723,3634,5.0
2723,3636,2.0
2723,3637,2.0
2723,3644,8.0
2723,3648,3.0
2723,3656,2.0
2723,3663,9.0
2723,3666,2.0
2723,3671,7.0
2723,3673,5.0
2723,3674,2.0
2723,3677,15.0
2723,3680,5.0
2723,3681,5.0
2723,3683,5.0
2723,3684,9.0
2723,3687,2.0
2723,3690,5.0
2723,3692,9.0
2723,3693,10.0
2723,3694,4.0
2723,3696,7.0
2723,3703,5.0
2723,3709,2.0
2723,3710,5.0
2723,3718,5.0
2723,3720,7.0
2723,3727,2.0
2723,3734,5.0
2723,3735,3.0
2723,3739,5.0
2723,3742,5.0
2723,3759,8.0
2723,3770,5.0
2723,3777,5.0
2723,3790,5.0
2723,3793,2.0
2723,3794,5.0
2723,3795,2.0
2723,3817,7.0
2723,3822,2.0
2723,3823,2.0
2723,3841,2.0
2723,3843,2.0
2723,3854,2.0
2723,3860,5.0
2723,3867,5.0
2723,3875,2.0
2723,3897,5.0
2723,3906,5.0
2723,3925,5.0
2723,3927,3.0
2723,3929,2.0
2723,3936,5.0
2723,3948,5.0
2723,3964,5.0
2723,3969,5.0
2723,3974,3.0
2723,3979,2.0
2723,3980,5.0
2723,3984,5.0
2723,3997,5.0
2723,4035,5.0
2723,4064,5.0
2723,4065,9.0
2723,4066,5.0
2723,4069,2.0
2723,4073,5.0
2723,4076,5.0
2723,4086,5.0
2723,4095,5.0
2723,4102,5.0
2723,4104,10.0
2723,4112,5.0
2723,4142,2.0
2723,4162,2.0
2723,4175,2.0
2723,4183,5.0
2726,2720,2.0
2727,700,2.0
2727,1673,2.0
2727,2707,4.0
2727,2745,2.0
2727,2748,6.0
2727,2777,6.0
2737,3496,4.0
2745,700,16.0
2745,1673,6.0
2745,2386,4.0
2745,2500,4.0
2745,2692,2.0
2745,2707,24.0
2745,2713,2.0
2745,2727,6.0
2745,2748,12.0
2745,2758,2.0
2745,2764,2.0
2745,2766,6.0
2745,2768,4.0
2745,2777,44.0
2745,2954,2.0
2748,225,11.0
2748,499,12.0
2748,957,2.0
2748,1673,59.0
2748,1803,4.0
2748,2095,4.0
2748,2525,8.0
2748,2662,8.0
2748,2707,28.0
2748,2713,2.0
2748,2722,2.0
2748,2723,6.0
2748,2729,2.0
2748,2738,4.0
2748,2740,2.0
2748,2744,2.0
2748,2745,10.0
2748,2754,3.0
2748,2756,2.0
2748,2757,4.0
2748,2762,2.0
2748,2777,2.0
2748,2804,4.0
2748,2805,8.0
2748,2808,2.0
2748,2837,3.0
2748,2840,2.0
2748,2845,2.0
2748,2880,2.0
2748,2886,2.0
2748,2915,2.0
2748,2954,11.0
2748,2975,4.0
2748,2999,2.0
2748,3003,2.0
2748,3004,3.0
2748,3017,4.0
2748,3037,2.0
2748,3041,2.0
2748,3051,2.0
2748,3054,2.0
2748,3055,6.0
2748,3071,4.0
2748,3074,10.0
2748,3077,4.0
2748,3085,2.0
2748,3088,4.0
2748,3099,9.0
2748,3124,4.0
2748,3141,2.0
2748,3142,2.0
2748,3145,2.0
2748,3158,8.0
2748,3159,5.0
2748,3162,2.0
2748,3172,5.0
2748,3173,4.0
2748,3174,6.0
2748,3180,2.0
2748,3225,2.0
2748,3257,2.0
2748,3419,6.0
2748,4094,2.0
2763,2777,8.0
2764,3021,2.0
2766,53,6.0
2766,150,8.0
2766,354,2.0
2766,801,8.0
2766,2640,6.0
2766,2707,2.0
2773,2745,2.0
2773,2777,4.0
2774,2506,2.0
2774,2546,2.0
2774,2707,2.0
2774,2744,4.0
2774,2761,2.0
2774,2767,2.0
2774,2772,2.0
2774,2777,6.0
2774,2837,2.0
2774,2902,4.0
2774,3054,2.0
2774,3056,2.0
2774,3084,2.0
2774,3090,2.0
2774,3347,2.0
2774,3793,2.0
2776,1927,6.0
2776,2744,2.0
2777,2612,2.0
2788,2805,2.0
2789,2729,2.0
2789,2749,2.0
2789,2753,4.0
2789,2769,2.0
2789,2770,2.0
2789,2777,2.0
2789,2841,2.0
2803,1803,2.0
2804,2946,2.0
2805,8,13.0
2805,23,24.0
2805,225,15.0
2805,1673,22.0
2805,1803,16.0
2805,2149,5.0
2805,2432,2.0
2805,2510,3.0
2805,2626,8.0
2805,2693,3.0
2805,2723,95.0
2805,2748,11.0
2805,2796,2.0
2805,2903,2.0
2805,2918,2.0
2805,2934,3.0
2805,2968,5.0
2805,2985,6.0
2805,3026,5.0
2805,3036,5.0
2805,3040,7.0
2805,3124,2.0
2805,3158,24.0
2805,3166,5.0
2805,3184,2.0
2805,3190,37.0
2805,3197,4.0
2805,3207,17.0
2805,3208,4.0
2805,3209,117.0
2805,3231,2.0
2805,3233,2.0
2805,3241,5.0
2805,3247,3.0
2805,3249,5.0
2805,3251,5.0
2805,3253,3.0
2805,3254,2.0
2805,3256,10.0
2805,3258,5.0
2805,3266,10.0
2805,3270,4.0
2805,3272,10.0
2805,3278,9.0
2805,3279,9.0
2805,3280,2.0
2805,3281,2.0
2805,3283,9.0
2805,3285,3.0
2805,3289,2.0
2805,3295,2.0
2805,3297,7.0
2805,3300,5.0
2805,3304,5.0
2805,3305,9.0
2805,3307,5.0
2805,3310,5.0
2805,3311,6.0
2805,3312,3.0
2805,3313,11.0
2805,3314,9.0
2805,3315,5.0
2805,3317,5.0
2805,3318,5.0
2805,3319,9.0
2805,3320,18.0
2805,3322,5.0
2805,3323,5.0
2805,3324,15.0
2805,3325,8.0
2805,3327,5.0
2805,3328,4.0
2805,3329,7.0
2805,3330,3.0
2805,3331,3.0
2805,3333,5.0
2805,3334,2.0
2805,3336,5.0
2805,3337,5.0
2805,3338,5.0
2805,3339,9.0
2805,3340,5.0
2805,3341,3.0
2805,3343,7.0
2805,3344,5.0
2805,3345,7.0
2805,3352,5.0
2805,3353,9.0
2805,3354,9.0
2805,3355,5.0
2805,3356,4.0
2805,3357,9.0
2805,3361,5.0
2805,3364,6.0
2805,3365,3.0
2805,3366,5.0
2805,3367,11.0
2805,3368,5.0
2805,3369,5.0
2805,3372,7.0
2805,3375,10.0
2805,3377,5.0
2805,3378,18.0
2805,3379,7.0
2805,3380,5.0
2805,3381,2.0
2805,3382,5.0
2805,3383,3.0
2805,3384,7.0
2805,3385,5.0
2805,3386,8.0
2805,3387,4.0
2805,3388,5.0
2805,3389,11.0
2805,3390,5.0
2805,3391,6.0
2805,3392,9.0
2805,3393,15.0
2805,3394,5.0
2805,3395,3.0
2805,3396,7.0
2805,3397,5.0
2805,3399,3.0
2805,3400,11.0
2805,3401,7.0
2805,3403,3.0
2805,3404,7.0
2805,3405,7.0
2805,3409,5.0
2805,3414,7.0
2805,3416,7.0
2805,3418,11.0
2805,3419,7.0
2805,3420,7.0
2805,3425,3.0
2805,3427,5.0
2805,3428,5.0
2805,3429,5.0
2805,3430,2.0
2805,3432,7.0
2805,3433,2.0
2805,3435,4.0
2805,3436,11.0
2805,3439,5.0
2805,3448,4.0
2805,3449,8.0
2805,3451,2.0
2805,3452,13.0
2805,3453,3.0
2805,3454,5.0
2805,3456,3.0
2805,3459,2.0
2805,3461,5.0
2805,3464,5.0
2805,3466,9.0
2805,3468,7.0
2805,3469,4.0
2805,3470,2.0
2805,3471,5.0
2805,3472,5.0
2805,3473,5.0
2805,3474,5.0
2805,3475,3.0
2805,3478,2.0
2805,3481,5.0
2805,3482,6.0
2805,3484,8.0
2805,3490,11.0
2805,3496,2.0
2805,3504,6.0
2805,3514,5.0
2805,3521,5.0
2805,3525,2.0
2805,3562,7.0
2805,3582,5.0
2805,3599,8.0
2805,3677,6.0
2805,3692,6.0
2805,3694,5.0
2805,3709,5.0
2805,3795,7.0
2805,3817,6.0
2805,3841,5.0
2805,3849,4.0
2805,3881,2.0
2805,3884,2.0
2805,3885,6.0
2805,3893,2.0
2805,3894,2.0
2805,3899,2.0
2805,3901,2.0
2805,3920,2.0
2805,3969,2.0
2805,3974,4.0
2805,3977,5.0
2805,3979,5.0
2805,4022,2.0
2805,4025,2.0
2805,4092,2.0
2805,4142,7.0
2810,2843,2.0
2811,2813,2.0
2814,3905,2.0
2822,1673,2.0
2822,2740,6.0
2822,2840,8.0
2826,3576,2.0
2838,2723,2.0
2843,2852,2.0
2848,1673,2.0
2852,2790,2.0
2859,2877,6.0
2873,2841,2.0
2877,225,4.0
2880,2966,2.0
2901,3273,2.0
2902,2777,2.0
2906,1803,2.0
2909,23,2.0
2909,2960,2.0
2915,225,2.0
2915,776,2.0
2915,1673,42.0
2915,1803,2.0
2915,2525,4.0
2915,2723,6.0
2915,2777,4.0
2915,2843,2.0
2915,2860,2.0
2915,2876,4.0
2915,2919,4.0
2915,2954,4.0
2915,3072,2.0
2915,3074,2.0
2915,3111,2.0
2915,3116,2.0
2915,3128,2.0
2915,3143,7.0
2915,3148,2.0
2915,3154,2.0
2915,3164,5.0
2915,3173,3.0
2915,3174,3.0
2915,3177,2.0
2915,3182,4.0
2915,3190,8.0
2915,3208,2.0
2915,3209,2.0
2915,3257,2.0
2915,3422,3.0
2918,2671,2.0
2918,2768,4.0
2918,2772,4.0
2918,2773,4.0
2920,1673,8.0
2920,2723,4.0
2920,2805,2.0
2920,2840,4.0
2940,2805,2.0
2954,1673,12.0
2954,2723,2.0
2954,2805,4.0
2954,3062,4.0
2954,3161,2.0
2974,2723,2.0
2980,1673,4.0
2982,2723,2.0
2984,3378,2.0
2985,2976,2.0
2985,3864,2.0
2985,4100,2.0
2989,3209,2.0
2997,2748,2.0
3021,3171,6.0
3024,3835,2.0
3026,3929,4.0
3038,2954,2.0
3040,2805,2.0
3042,2662,4.0
3049,3209,2.0
3050,2748,2.0
3051,1673,4.0
3054,2805,2.0
3054,2954,2.0
3060,1673,2.0
3062,3225,12.0
3064,3124,2.0
3064,3180,4.0
3070,1532,2.0
3070,2723,8.0
3104,3378,2.0
3104,3625,2.0
3112,2448,2.0
3112,2538,2.0
3142,2454,2.0
3142,3111,4.0
3142,3119,2.0
3142,3121,4.0
3147,1673,2.0
3158,3178,2.0
3158,3180,2.0
3161,1673,8.0
3161,2707,2.0
3161,2723,2.0
3161,2727,8.0
3161,2771,2.0
3161,2777,13.0
3161,2839,4.0
3161,2856,7.0
3161,2975,11.0
3161,3155,2.0
3161,3157,5.0
3161,3158,14.0
3161,3174,9.0
3161,3176,5.0
3161,3177,4.0
3161,3178,5.0
3161,3180,7.0
3161,3182,5.0
3161,3209,2.0
3161,4111,4.0
3166,3748,2.0
3166,3823,2.0
3169,1673,4.0
3174,1673,2.0
3174,3854,14.0
3177,225,2.0
3177,1673,6.0
3177,2748,5.0
3177,2915,12.0
3177,3054,2.0
3177,3062,2.0
3177,3120,8.0
3177,3165,11.0
3177,3166,5.0
3177,3167,3.0
3177,3168,2.0
3177,3170,2.0
3177,3173,18.0
3177,3175,5.0
3177,3176,2.0
3177,3178,6.0
3177,3179,5.0
3177,3181,5.0
3177,3183,6.0
3177,3207,4.0
3178,3893,2.0
3181,3177,2.0
3182,2723,4.0
3190,150,12.0
3190,225,4.0
3190,1673,18.0
3190,1803,2.0
3190,2432,2.0
3190,2525,2.0
3190,2662,4.0
3190,2723,8.0
3190,2748,4.0
3190,2805,10.0
3190,2837,2.0
3190,2880,2.0
3190,2915,2.0
3190,2937,2.0
3190,2944,4.0
3190,2946,2.0
3190,2954,2.0
3190,2976,2.0
3190,3042,2.0
3190,3048,2.0
3190,3055,2.0
3190,3074,4.0
3190,3099,6.0
3190,3114,6.0
3190,3115,2.0
3190,3128,2.0
3190,3134,4.0
3190,3138,2.0
3190,3145,2.0
3190,3148,2.0
3190,3155,4.0
3190,3163,4.0
3190,3209,28.0
3190,3343,2.0
3190,3350,2.0
3190,3353,2.0
3190,3356,4.0
3190,3360,4.0
3190,3372,2.0
3190,3375,4.0
3190,3387,4.0
3190,3411,2.0
3190,3422,2.0
3190,3427,2.0
3190,3429,2.0
3190,3430,2.0
3190,3433,2.0
3190,3435,2.0
3190,3449,2.0
3190,3450,4.0
3190,3456,2.0
3190,3466,2.0
3190,3469,4.0
3190,3476,2.0
3190,3490,4.0
3190,3506,2.0
3190,3587,2.0
3190,3593,2.0
3190,3605,2.0
3190,3761,2.0
3190,3762,2.0
3190,3766,2.0
3190,3767,2.0
3190,3769,2.0
3190,3822,4.0
3190,3985,2.0
3190,4142,2.0
3197,225,4.0
3197,1673,14.0
3197,2548,2.0
3197,2561,4.0
3197,2583,4.0
3197,2612,2.0
3197,2680,2.0
3197,2698,2.0
3197,2723,2.0
3197,2731,2.0
3197,2736,4.0
3197,2748,2.0
3197,2756,4.0
3197,2759,4.0
3197,2760,2.0
3197,2761,4.0
3197,2768,2.0
3197,2777,8.0
3197,2805,4.0
3197,2866,2.0
3197,2878,4.0
3197,2943,2.0
3197,2954,2.0
3197,2967,4.0
3197,2971,4.0
3197,3004,2.0
3197,3010,6.0
3197,3024,2.0
3197,3025,6.0
3197,3037,8.0
3197,3054,2.0
3197,3071,2.0
3197,3110,2.0
3197,3112,2.0
3197,3124,4.0
3202,3484,2.0
3204,1666,10.0
3208,3197,2.0
3209,8,7.0
3209,225,145.0
3209,354,4.0
3209,474,3.0
3209,1239,3.0
3209,1287,3.0
3209,1340,11.0
3209,1381,7.0
3209,1673,13.0
3209,1803,8.0
3209,1889,5.0
3209,2085,12.0
3209,2220,11.0
3209,2432,11.0
3209,2525,5.0
3209,2577,7.0
3209,2589,18.0
3209,2592,5.0
3209,2630,3.0
3209,2723,56.0
3209,2736,5.0
3209,2777,6.0
3209,2803,10.0
3209,2805,158.0
3209,2826,5.0
3209,2914,4.0
3209,2918,25.0
3209,2960,83.0
3209,2964,12.0
3209,2976,17.0
3209,2985,32.0
3209,3027,5.0
3209,3036,2.0
3209,3043,9.0
3209,3129,2.0
3209,3161,3.0
3209,3174,29.0
3209,3178,3.0
3209,3190,11.0
3209,3192,18.0
3209,3205,3.0
3209,3249,12.0
3209,3253,2.0
3209,3266,18.0
3209,3278,5.0
3209,3285,11.0
3209,3289,5.0
3209,3314,6.0
3209,3320,6.0
3209,3336,5.0
3209,3357,29.0
3209,3387,2.0
3209,3388,15.0
3209,3395,2.0
3209,3401,7.0
3209,3412,5.0
3209,3417,6.0
3209,3418,2.0
3209,3421,3.0
3209,3426,2.0
3209,3432,7.0
3209,3438,4.0
3209,3441,7.0
3209,3442,3.0
3209,3446,3.0
3209,3448,3.0
3209,3449,2.0
3209,3451,4.0
3209,3452,6.0
3209,3454,7.0
3209,3456,2.0
3209,3459,2.0
3209,3462,7.0
3209,3466,22.0
3209,3469,6.0
3209,3474,6.0
3209,3476,12.0
3209,3479,3.0
3209,3481,8.0
3209,3490,10.0
3209,3499,5.0
3209,3502,2.0
3209,3503,4.0
3209,3504,10.0
3209,3507,2.0
3209,3518,12.0
3209,3521,30.0
3209,3522,12.0
3209,3524,15.0
3209,3525,11.0
3209,3526,5.0
3209,3527,3.0
3209,3528,5.0
3209,3529,5.0
3209,3530,5.0
3209,3531,2.0
3209,3532,8.0
3209,3533,16.0
3209,3534,5.0
3209,3537,5.0
3209,3538,5.0
3209,3539,13.0
3209,3540,12.0
3209,3541,5.0
3209,3542,34.0
3209,3543,5.0
3209,3544,7.0
3209,3545,2.0
3209,3546,10.0
3209,3548,7.0
3209,3549,4.0
3209,3551,14.0
3209,3552,5.0
3209,3553,5.0
3209,3554,5.0
3209,3555,7.0
3209,3556,2.0
3209,3557,5.0
3209,3559,5.0
3209,3560,7.0
3209,3561,5.0
3209,3563,34.0
3209,3564,9.0
3209,3565,7.0
3209,3566,4.0
3209,3568,7.0
3209,3569,3.0
3209,3570,5.0
3209,3571,5.0
3209,3573,5.0
3209,3574,2.0
3209,3575,5.0
3209,3576,17.0
3209,3577,17.0
3209,3578,5.0
3209,3580,7.0
3209,3583,5.0
3209,3584,10.0
3209,3585,5.0
3209,3586,5.0
3209,3587,8.0
3209,3588,9.0
3209,3589,3.0
3209,3590,5.0
3209,3591,5.0
3209,3592,8.0
3209,3593,5.0
3209,3595,8.0
3209,3596,3.0
3209,3597,5.0
3209,3598,3.0
3209,3599,4.0
3209,3600,5.0
3209,3601,3.0
3209,3602,5.0
3209,3604,5.0
3209,3605,16.0
3209,3606,6.0
3209,3607,5.0
3209,3608,4.0
3209,3609,5.0
3209,3612,6.0
3209,3614,3.0
3209,3615,7.0
3209,3617,5.0
3209,3618,5.0
3209,3619,4.0
3209,3620,3.0
3209,3621,3.0
3209,3622,7.0
3209,3623,3.0
3209,3624,11.0
3209,3625,4.0
3209,3629,5.0
3209,3630,5.0
3209,3631,31.0
3209,3632,5.0
3209,3633,9.0
3209,3634,2.0
3209,3635,3.0
3209,3637,3.0
3209,3639,3.0
3209,3641,9.0
3209,3642,5.0
3209,3643,3.0
3209,3644,8.0
3209,3645,5.0
3209,3647,5.0
3209,3648,10.0
3209,3649,5.0
3209,3650,5.0
3209,3651,5.0
3209,3652,3.0
3209,3653,5.0
3209,3654,3.0
3209,3655,5.0
3209,3656,13.0
3209,3657,9.0
3209,3658,5.0
3209,3659,5.0
3209,3660,7.0
3209,3661,5.0
3209,3662,5.0
3209,3663,5.0
3209,3666,5.0
3209,3667,3.0
3209,3669,5.0
3209,3670,6.0
3209,3671,2.0
3209,3672,5.0
3209,3673,15.0
3209,3674,5.0
3209,3676,3.0
3209,3677,8.0
3209,3678,2.0
3209,3679,3.0
3209,3682,7.0
3209,3684,2.0
3209,3685,3.0
3209,3686,5.0
3209,3687,2.0
3209,3688,5.0
3209,3689,7.0
3209,3690,5.0
3209,3691,7.0
3209,3692,20.0
3209,3693,7.0
3209,3695,5.0
3209,3697,5.0
3209,3698,5.0
3209,3699,7.0
3209,3700,2.0
3209,3701,5.0
3209,3702,9.0
3209,3703,11.0
3209,3706,2.0
3209,3707,15.0
3209,3709,18.0
3209,3710,2.0
3209,3711,5.0
3209,3712,11.0
3209,3713,14.0
3209,3715,5.0
3209,3716,2.0
3209,3717,13.0
3209,3719,5.0
3209,3720,8.0
3209,3721,5.0
3209,3722,13.0
3209,3723,9.0
3209,3724,5.0
3209,3725,5.0
3209,3727,48.0
3209,3728,3.0
3209,3732,40.0
3209,3733,7.0
3209,3734,8.0
3209,3736,10.0
3209,3737,9.0
3209,3738,4.0
3209,3739,2.0
3209,3740,7.0
3209,3741,5.0
3209,3742,2.0
3209,3743,21.0
3209,3744,11.0
3209,3746,2.0
3209,3747,5.0
3209,3748,7.0
3209,3749,13.0
3209,3750,2.0
3209,3751,3.0
3209,3752,6.0
3209,3753,7.0
3209,3754,7.0
3209,3755,20.0
3209,3756,5.0
3209,3757,7.0
3209,3758,5.0
3209,3759,13.0
3209,3760,6.0
3209,3761,10.0
3209,3762,9.0
3209,3763,42.0
3209,3764,3.0
3209,3765,5.0
3209,3766,7.0
3209,3767,9.0
3209,3768,7.0
3209,3769,16.0
3209,3770,5.0
3209,3771,7.0
3209,3772,13.0
3209,3773,12.0
3209,3774,7.0
3209,3775,3.0
3209,3776,2.0
3209,3777,2.0
3209,3778,5.0
3209,3779,21.0
3209,3780,47.0
3209,3781,23.0
3209,3782,3.0
3209,3784,7.0
3209,3785,7.0
3209,3786,7.0
3209,3787,7.0
3209,3789,5.0
3209,3790,6.0
3209,3791,6.0
3209,3792,7.0
3209,3793,5.0
3209,3794,4.0
3209,3795,6.0
3209,3796,19.0
3209,3797,5.0
3209,3798,11.0
3209,3799,5.0
3209,3800,24.0
3209,3801,5.0
3209,3802,5.0
3209,3803,8.0
3209,3804,14.0
3209,3805,9.0
3209,3806,7.0
3209,3807,5.0
3209,3808,7.0
3209,3809,5.0
3209,3810,3.0
3209,3811,5.0
3209,3812,5.0
3209,3813,3.0
3209,3814,8.0
3209,3815,13.0
3209,3816,23.0
3209,3817,12.0
3209,3818,3.0
3209,3820,2.0
3209,3821,11.0
3209,3822,9.0
3209,3823,8.0
3209,3824,7.0
3209,3825,5.0
3209,3826,12.0
3209,3827,5.0
3209,3828,10.0
3209,3829,3.0
3209,3830,20.0
3209,3831,5.0
3209,3832,5.0
3209,3833,5.0
3209,3834,5.0
3209,3835,15.0
3209,3836,5.0
3209,3838,9.0
3209,3839,5.0
3209,3840,4.0
3209,3841,6.0
3209,3842,5.0
3209,3843,5.0
3209,3844,9.0
3209,3845,5.0
3209,3846,5.0
3209,3847,51.0
3209,3848,7.0
3209,3849,5.0
3209,3850,7.0
3209,3851,6.0
3209,3852,6.0
3209,3853,5.0
3209,3854,42.0
3209,3855,5.0
3209,3857,5.0
3209,3858,7.0
3209,3859,2.0
3209,3860,38.0
3209,3862,9.0
3209,3863,2.0
3209,3864,16.0
3209,3865,18.0
3209,3866,5.0
3209,3867,22.0
3209,3868,8.0
3209,3869,5.0
3209,3870,9.0
3209,3872,7.0
3209,3873,2.0
3209,3874,4.0
3209,3876,8.0
3209,3877,5.0
3209,3878,5.0
3209,3879,7.0
3209,3880,5.0
3209,3881,7.0
3209,3882,16.0
3209,3883,5.0
3209,3884,15.0
3209,3885,15.0
3209,3886,5.0
3209,3887,10.0
3209,3888,5.0
3209,3889,5.0
3209,3890,3.0
3209,3891,5.0
3209,3892,19.0
3209,3893,19.0
3209,3894,13.0
3209,3895,3.0
3209,3896,7.0
3209,3897,2.0
3209,3898,9.0
3209,3899,7.0
3209,3900,3.0
3209,3901,8.0
3209,3902,20.0
3209,3903,3.0
3209,3905,2.0
3209,3906,26.0
3209,3907,5.0
3209,3908,5.0
3209,3909,2.0
3209,3910,3.0
3209,3911,11.0
3209,3912,3.0
3209,3914,9.0
3209,3915,3.0
3209,3916,20.0
3209,3917,3.0
3209,3918,9.0
3209,3919,4.0
3209,3920,66.0
3209,3921,12.0
3209,3922,8.0
3209,3923,30.0
3209,3924,5.0
3209,3925,2.0
3209,3926,13.0
3209,3927,18.0
3209,3928,3.0
3209,3929,23.0
3209,3930,3.0
3209,3932,3.0
3209,3933,17.0
3209,3934,5.0
3209,3935,7.0
3209,3936,11.0
3209,3938,7.0
3209,3939,9.0
3209,3940,5.0
3209,3941,7.0
3209,3943,16.0
3209,3944,3.0
3209,3945,5.0
3209,3946,2.0
3209,3947,5.0
3209,3948,6.0
3209,3949,5.0
3209,3950,3.0
3209,3951,5.0
3209,3952,3.0
3209,3953,3.0
3209,3954,3.0
3209,3955,5.0
3209,3956,41.0
3209,3958,3.0
3209,3959,7.0
3209,3960,5.0
3209,3961,17.0
3209,3962,9.0
3209,3963,2.0
3209,3965,5.0
3209,3966,4.0
3209,3967,4.0
3209,3968,2.0
3209,3969,6.0
3209,3970,5.0
3209,3971,5.0
3209,3972,5.0
3209,3974,14.0
3209,3975,13.0
3209,3976,9.0
3209,3978,5.0
3209,3979,2.0
3209,3980,2.0
3209,3981,5.0
3209,3982,5.0
3209,3983,9.0
3209,3985,11.0
3209,3986,3.0
3209,3987,7.0
3209,3988,5.0
3209,3989,5.0
3209,3991,5.0
3209,3992,10.0
3209,3993,11.0
3209,3994,5.0
3209,3995,14.0
3209,3996,41.0
3209,3998,7.0
3209,3999,13.0
3209,4001,7.0
3209,4002,4.0
3209,4003,10.0
3209,4004,5.0
3209,4005,5.0
3209,4006,9.0
3209,4007,5.0
3209,4008,5.0
3209,4009,10.0
3209,4010,17.0
3209,4011,15.0
3209,4012,13.0
3209,4013,15.0
3209,4014,11.0
3209,4016,9.0
3209,4017,4.0
3209,4018,2.0
3209,4019,2.0
3209,4020,19.0
3209,4021,5.0
3209,4022,30.0
3209,4024,11.0
3209,4025,5.0
3209,4026,13.0
3209,4027,5.0
3209,4028,5.0
3209,4029,5.0
3209,4030,5.0
3209,4031,5.0
3209,4032,7.0
3209,4033,44.0
3209,4034,5.0
3209,4035,22.0
3209,4036,35.0
3209,4037,7.0
3209,4038,7.0
3209,4039,15.0
3209,4040,2.0
3209,4041,7.0
3209,4042,5.0
3209,4043,7.0
3209,4044,12.0
3209,4045,9.0
3209,4046,9.0
3209,4047,5.0
3209,4048,3.0
3209,4049,6.0
3209,4050,7.0
3209,4051,7.0
3209,4052,5.0
3209,4053,5.0
3209,4054,5.0
3209,4055,6.0
3209,4056,5.0
3209,4059,5.0
3209,4060,7.0
3209,4061,10.0
3209,4062,5.0
3209,4063,13.0
3209,4067,5.0
3209,4068,9.0
3209,4069,7.0
3209,4070,9.0
3209,4071,5.0
3209,4072,7.0
3209,4074,3.0
3209,4075,19.0
3209,4077,5.0
3209,4078,3.0
3209,4079,2.0
3209,4080,4.0
3209,4081,3.0
3209,4082,7.0
3209,4083,5.0
3209,4084,21.0
3209,4085,2.0
3209,4087,5.0
3209,4088,7.0
3209,4089,5.0
3209,4090,13.0
3209,4091,8.0
3209,4092,10.0
3209,4093,14.0
3209,4094,16.0
3209,4095,2.0
3209,4096,4.0
3209,4098,7.0
3209,4099,9.0
3209,4100,7.0
3209,4101,7.0
3209,4105,5.0
3209,4106,15.0
3209,4107,2.0
3209,4108,24.0
3209,4109,21.0
3209,4110,9.0
3209,4111,17.0
3209,4112,28.0
3209,4113,21.0
3209,4114,5.0
3209,4115,9.0
3209,4116,7.0
3209,4117,10.0
3209,4118,2.0
3209,4119,7.0
3209,4120,11.0
3209,4121,7.0
3209,4122,27.0
3209,4123,5.0
3209,4124,6.0
3209,4125,13.0
3209,4126,4.0
3209,4127,52.0
3209,4128,2.0
3209,4129,17.0
3209,4130,7.0
3209,4131,5.0
3209,4132,7.0
3209,4134,94.0
3209,4135,3.0
3209,4136,10.0
3209,4137,4.0
3209,4138,7.0
3209,4139,2.0
3209,4140,3.0
3209,4141,11.0
3209,4142,6.0
3209,4143,11.0
3209,4144,7.0
3209,4145,18.0
3209,4146,2.0
3209,4147,5.0
3209,4148,6.0
3209,4149,4.0
3209,4150,12.0
3209,4151,4.0
3209,4152,14.0
3209,4153,4.0
3209,4154,9.0
3209,4155,24.0
3209,4156,3.0
3209,4157,11.0
3209,4158,5.0
3209,4159,4.0
3209,4160,2.0
3209,4161,5.0
3209,4162,9.0
3209,4163,5.0
3209,4164,5.0
3209,4165,5.0
3209,4166,5.0
3209,4167,15.0
3209,4168,3.0
3209,4169,5.0
3209,4171,3.0
3209,4172,17.0
3209,4174,7.0
3209,4175,12.0
3209,4176,5.0
3209,4177,142.0
3209,4178,11.0
3209,4179,11.0
3209,4180,2.0
3209,4181,2.0
3209,4182,6.0
3209,4184,9.0
3209,4185,7.0
3209,4186,5.0
3209,4187,2.0
3209,4188,21.0
3209,4189,5.0
3209,4190,18.0
3209,4191,15.0
3209,4192,7.0
3209,4193,2.0
3209,4194,29.0
3209,4195,9.0
3209,4196,4.0
3209,4197,7.0
3209,4198,4.0
3209,4199,9.0
3209,4200,2.0
3209,4201,6.0
3209,4202,8.0
3209,4203,6.0
3209,4204,6.0
3209,4205,2.0
3209,4206,2.0
3209,4207,2.0
3209,4208,2.0
3209,4209,8.0
3209,4211,4.0
3209,4212,2.0
3209,4213,2.0
3209,4214,4.0
3209,4215,4.0
3209,4216,10.0
3209,4217,2.0
3209,4218,2.0
3209,4219,4.0
3209,4220,8.0
3209,4221,4.0
3209,4222,8.0
3209,4223,2.0
3209,4224,4.0
3209,4225,6.0
3209,4226,2.0
3209,4227,44.0
3209,4228,8.0
3209,4229,2.0
3209,4232,2.0
3209,4233,8.0
3209,4234,2.0
3209,4235,2.0
3209,4236,2.0
3209,4239,2.0
3209,4240,14.0
3209,4241,2.0
3209,4242,12.0
3209,4243,6.0
3209,4244,4.0
3209,4245,2.0
3209,4246,5.0
3209,4247,2.0
3209,4248,2.0
3209,4249,6.0
3209,4250,4.0
3209,4251,2.0
3209,4252,16.0
3209,4253,2.0
3209,4254,10.0
3209,4256,36.0
3209,4257,8.0
3209,4258,6.0
3209,4259,2.0
3209,4260,6.0
3209,4261,6.0
3209,4262,4.0
3209,4263,4.0
3209,4264,10.0
3209,4265,2.0
3209,4266,4.0
3209,4267,8.0
3209,4268,4.0
3209,4269,12.0
3209,4270,8.0
3209,4271,6.0
3209,4272,8.0
3209,4273,4.0
3209,4274,2.0
3209,4275,4.0
3209,4276,6.0
3209,4277,6.0
3209,4278,4.0
3209,4279,8.0
3209,4280,4.0
3209,4281,4.0
3209,4283,2.0
3209,4284,2.0
3209,4286,4.0
3209,4287,2.0
3209,4288,2.0
3209,4289,2.0
3209,4291,16.0
3209,4294,8.0
3209,4295,4.0
3209,4296,2.0
3209,4297,12.0
3209,4298,4.0
3209,4299,4.0
3209,4300,10.0
3209,4301,8.0
3209,4302,18.0
3209,4303,10.0
3209,4304,4.0
3209,4305,10.0
3209,4306,4.0
3209,4307,2.0
3209,4308,12.0
3209,4309,2.0
3209,4310,2.0
3214,225,2.0
3214,1434,2.0
3214,1439,2.0
3214,1450,2.0
3214,1474,2.0
3214,3160,2.0
3221,2771,4.0
3221,3578,2.0
3221,3656,4.0
3228,2748,2.0
3228,3318,6.0
3247,1673,2.0
3254,1673,2.0
3258,3305,2.0
3263,2805,6.0
3266,3209,2.0
3273,3402,2.0
3278,3174,4.0
3278,3923,6.0
3278,3925,2.0
3279,2723,2.0
3279,2845,2.0
3279,3295,2.0
3285,3209,2.0
3291,1673,6.0
3291,2822,2.0
3306,3325,2.0
3309,2805,2.0
3309,3478,8.0
3313,3324,6.0
3317,3351,2.0
3317,3614,4.0
3327,3854,2.0
3327,4075,2.0
3331,3209,2.0
3334,2803,2.0
3336,3735,2.0
3339,3254,2.0
3345,4198,2.0
3352,2723,6.0
3352,3378,2.0
3361,3319,4.0
3364,2723,10.0
3364,2777,2.0
3369,2807,2.0
3382,2723,2.0
3382,3225,2.0
3382,3356,4.0
3382,3484,4.0
3387,2736,4.0
3387,3158,2.0
3387,3180,10.0
3387,3919,4.0
3388,225,4.0
3388,1673,4.0
3388,3110,6.0
3388,3178,2.0
3388,3209,10.0
3388,3285,4.0
3388,3291,2.0
3388,3389,2.0
3388,3426,2.0
3388,3493,2.0
3388,3513,2.0
3388,3542,2.0
3388,3599,2.0
3388,3604,2.0
3388,3658,2.0
3388,3662,2.0
3388,3722,2.0
3388,3731,2.0
3388,3765,2.0
3388,3884,2.0
3401,3209,2.0
3402,4142,4.0
3417,2748,6.0
3417,2805,4.0
3417,3209,8.0
3417,3429,6.0
3417,3469,2.0
3417,3656,2.0
3421,3496,6.0
3454,3190,6.0
3454,3519,2.0
3454,3529,6.0
3454,3531,12.0
3459,3506,2.0
3469,2723,2.0
3494,23,6.0
3494,3220,2.0
3494,3496,4.0
3494,3518,12.0
3494,3531,2.0
3494,3550,2.0
3494,3663,4.0
3505,225,2.0
3505,1239,2.0
3505,2723,2.0
3505,2805,6.0
3505,3209,2.0
3505,3320,2.0
3505,3391,2.0
3505,3426,2.0
3505,3457,2.0
3505,3462,2.0
3505,3469,2.0
3505,3500,2.0
3505,3506,8.0
3505,3508,6.0
3505,3575,2.0
3505,3628,4.0
3505,3631,4.0
3505,3656,8.0
3510,2723,2.0
3513,4065,2.0
3521,3209,16.0
3522,225,2.0
3522,2432,2.0
3522,3518,4.0
3522,3626,2.0
3522,3665,2.0
3524,3531,4.0
3524,3537,2.0
3524,3540,2.0
3524,3547,4.0
3524,3571,2.0
3524,3608,2.0
3524,3614,4.0
3524,3627,4.0
3526,3599,8.0
3531,3190,10.0
3531,3288,2.0
3542,3388,2.0
3542,3544,2.0
3542,3557,2.0
3542,3700,2.0
3542,3703,2.0
3542,3706,4.0
3542,3716,2.0
3542,3724,2.0
3542,3743,6.0
3553,1239,2.0
3553,3260,2.0
3575,3494,4.0
3593,2748,2.0
3599,2723,2.0
3599,3738,2.0
3599,3763,2.0
3612,3943,2.0
3630,3209,2.0
3630,3927,2.0
3630,3979,2.0
3632,1258,2.0
3632,2925,2.0
3633,3254,2.0
3633,3314,2.0
3633,3391,2.0
3633,3392,2.0
3633,3469,2.0
3633,3488,2.0
3633,3545,2.0
3633,3547,2.0
3633,3563,2.0
3633,3631,6.0
3633,3709,2.0
3633,3885,2.0
3639,3649,2.0
3643,3209,2.0
3643,3800,4.0
3643,3899,2.0
3644,3209,6.0
3667,3933,4.0
3676,3388,4.0
3678,3598,2.0
3678,3654,2.0
3679,3823,2.0
3692,2723,2.0
3692,2805,4.0
3692,3209,4.0
3692,3644,2.0
3692,3732,2.0
3692,3781,2.0
3692,3823,4.0
3692,3838,2.0
3692,3872,2.0
3692,3927,2.0
3692,4011,2.0
3692,4033,2.0
3692,4177,2.0
3694,2723,6.0
3705,499,6.0
3707,225,2.0
3707,3521,2.0
3707,3703,2.0
3707,3706,6.0
3707,3708,8.0
3710,3209,2.0
3725,3145,2.0
3727,3209,2.0
3727,3524,2.0
3727,3902,2.0
3727,3903,4.0
3730,2589,4.0
3738,3753,6.0
3739,3893,4.0
3745,2805,2.0
3745,3209,6.0
3745,3727,2.0
3745,3732,2.0
3745,3752,4.0
3752,2805,2.0
3752,3209,6.0
3752,3649,2.0
3752,3717,2.0
3752,3731,2.0
3752,3745,2.0
3752,3758,2.0
3755,225,2.0
3755,3209,4.0
3759,3624,2.0
3759,3752,2.0
3759,3777,2.0
3759,3780,22.0
3761,3727,4.0
3763,3209,8.0
3763,3727,16.0
3779,225,4.0
3779,3641,2.0
3779,3780,2.0
3780,2741,2.0
3780,3727,6.0
3780,3749,10.0
3780,3774,2.0
3780,3778,2.0
3784,2748,4.0
3784,3503,10.0
3796,3555,4.0
3796,4006,2.0
3800,2985,16.0
3803,225,2.0
3803,3906,2.0
3803,3984,2.0
3807,3893,2.0
3813,3209,2.0
3813,4179,4.0
3818,3825,2.0
3822,3429,2.0
3822,3511,2.0
3825,3818,2.0
3829,3938,2.0
3841,2723,4.0
3841,3890,2.0
3854,3938,2.0
3856,3880,2.0
3860,3652,2.0
3860,3911,2.0
3860,3985,2.0
3860,4141,2.0
3862,3496,2.0
3866,2662,2.0
3866,3209,2.0
3866,3644,2.0
3867,2805,6.0
3867,3209,14.0
3896,3835,4.0
3896,3892,2.0
3897,3209,2.0
3899,2250,2.0
3915,2805,2.0
3920,3209,12.0
3920,4122,2.0
3920,4291,4.0
3921,2432,2.0
3921,3879,6.0
3921,3915,2.0
3921,4068,2.0
3923,3975,2.0
3927,3209,4.0
3927,3977,2.0
3928,3929,6.0
3928,3985,2.0
3928,4105,2.0
3929,3209,8.0
3937,3209,6.0
3940,3959,4.0
3943,3963,2.0
3949,4046,2.0
3950,3893,2.0
3951,3884,2.0
3961,4142,2.0
3963,3957,4.0
3973,3209,2.0
3973,3867,2.0
3973,3923,2.0
3973,3974,8.0
3973,4036,2.0
3973,4055,2.0
3973,4099,2.0
3973,4109,4.0
3973,4120,2.0
3978,3929,4.0
3984,3209,2.0
3984,3865,6.0
3993,3178,2.0
3993,3404,2.0
3993,3460,4.0
3993,3615,2.0
3996,3663,2.0
3996,3890,2.0
3996,4057,2.0
3998,3209,2.0
3998,3995,4.0
3998,3999,2.0
4000,4036,2.0
4001,3209,2.0
4001,4035,2.0
4002,3209,4.0
4010,3936,2.0
4010,4033,2.0
4012,3933,4.0
4012,4033,4.0
4015,8,4.0
4015,225,2.0
4015,3209,2.0
4015,3655,2.0
4015,3670,2.0
4015,3742,2.0
4015,3748,2.0
4015,3862,2.0
4015,3865,2.0
4015,3965,2.0
4015,4183,4.0
4015,4246,2.0
4022,225,4.0
4022,2723,2.0
4022,3209,6.0
4026,3209,4.0
4026,3899,2.0
4027,4035,4.0
4033,225,2.0
4033,4134,2.0
4035,225,2.0
4044,4221,2.0
4052,4112,4.0
4073,4113,4.0
4075,3209,6.0
4093,4113,6.0
4095,3209,4.0
4104,4107,2.0
4104,4110,2.0
4104,4137,4.0
4106,3209,2.0
4108,3209,6.0
4108,4088,2.0
4108,4111,2.0
4108,4113,4.0
4108,4125,12.0
4108,4188,4.0
4110,3209,2.0
4120,3963,4.0
4122,3209,6.0
4122,3755,2.0
4122,3779,2.0
4122,4033,2.0
4122,4167,2.0
4122,4184,2.0
4125,3209,4.0
4125,4209,4.0
4129,3209,2.0
4142,3209,2.0
4143,4160,2.0
4145,3209,8.0
4150,3209,4.0
4150,4188,10.0
4152,3209,4.0
4163,2960,2.0
4175,2805,2.0
4177,3209,94.0
4177,3778,2.0
4177,3920,10.0
4177,3996,2.0
4177,4190,4.0
4177,4194,8.0
4177,4279,8.0
4177,4284,2.0
4177,4286,4.0
4177,4287,2.0
4177,4294,2.0
4177,4295,2.0
4177,4299,2.0
4177,4300,2.0
4177,4304,2.0
4177,4305,10.0
4177,4306,8.0
4189,3197,2.0
4189,3392,2.0
4190,3209,2.0
4193,2805,4.0
4194,2683,2.0
4218,4242,2.0
4219,4204,2.0
4227,4278,4.0
4228,2805,8.0
4236,4178,2.0
4237,4207,2.0
4238,3617,2.0
4240,2976,2.0
4246,3209,10.0
4251,3209,2.0
4252,3209,4.0
4252,4253,2.0
4256,225,2.0
4256,3209,8.0
4256,3847,18.0
4256,4177,6.0
4256,4230,2.0
4256,4304,2.0
4260,225,2.0
4260,3209,8.0
4260,4177,2.0
4260,4300,4.0
4275,3885,4.0
4280,4010,2.0
4280,4282,2.0
4283,4284,2.0
4286,4287,4.0
4290,2960,2.0
4290,3209,20.0
4290,3920,10.0
4290,4177,12.0
4290,4297,10.0
4290,4302,10.0
4290,4304,2.0
4290,4308,8.0
4294,3209,4.0
4296,4291,2.0
4297,4263,2.0
4297,4287,2.0
4300,3209,4.0
4306,3209,2.0
4307,4308,2.0
4311,3209,6.0
4311,4141,4.0
4312,3209,8.0
4313,4299,2.0
4314,4290,6.0
4315,4287,2.0
4316,3209,2.0
4317,3920,2.0
4318,4280,6.0
4319,4277,4.0
4320,4177,2.0
4321,4227,2.0
4322,3209,2.0
4323,29,2.0
4323,3905,2.0
4323,4263,2.0
4324,4134,2.0
4325,4240,2.0
4325,4242,2.0
4325,4253,2.0
4326,4122,2.0
4327,4250,2.0
4328,4177,2.0
4329,4244,2.0
4330,225,2.0
4330,4154,4.0
4331,4243,2.0
4332,4204,4.0
4333,4204,2.0
4334,4204,4.0
4335,3209,2.0
4336,4222,2.0
4337,4219,2.0
4338,4112,4.0
4338,4225,2.0
4339,4212,4.0
4340,4212,2.0
4341,4222,2.0
4342,4208,2.0
4343,4209,2.0
4344,4033,2.0
4345,4033,2.0
4345,4089,4.0
4346,3209,2.0
4347,4033,2.0
4348,3209,2.0
4349,4033,2.0
4350,2976,4.0
4351,3209,4.0
4352,4201,2.0
4353,4191,6.0
4354,4187,2.0
4355,4181,2.0
4356,4059,2.0
4357,225,4.0
4357,4166,2.0
4358,4203,2.0
4359,3209,8.0
4360,2960,2.0
4360,4167,8.0
4361,2960,2.0
4362,4106,2.0
4362,4165,2.0
4363,225,2.0
4363,2577,2.0
4363,3209,6.0
4363,4161,2.0
4364,3209,2.0
4364,4154,2.0
4365,4155,4.0
4366,4143,4.0
4367,3209,4.0
4368,225,6.0
4369,2976,2.0
4369,3209,4.0
4369,3826,2.0
4369,4132,2.0
4370,225,6.0
4371,3209,2.0
4372,3209,2.0
4372,4099,2.0
4373,3209,4.0
4374,3209,4.0
4374,3914,12.0
4374,3976,4.0
4374,4020,16.0
4375,4113,4.0
4376,4113,4.0
4377,225,2.0
4378,3209,2.0
4379,4099,6.0
4380,3839,2.0
4380,4089,2.0
4381,4112,2.0
4382,4261,2.0
4383,4145,2.0
4384,4088,4.0
4385,4063,2.0
4386,4091,2.0
4387,225,2.0
4388,225,2.0
4388,2918,2.0
4388,3266,2.0
4388,3692,6.0
4388,4015,2.0
4389,4181,4.0
4390,4063,2.0
4391,4090,2.0
4392,4111,2.0
4393,3209,2.0
4393,4091,8.0
4394,3209,2.0
4395,3209,6.0
4396,4179,2.0
4397,4022,4.0
4398,3985,4.0
4399,3985,4.0
4400,3266,4.0
4401,3922,4.0
4402,2976,6.0
4403,4051,2.0
4404,3779,2.0
4405,4046,2.0
4406,4179,4.0
4407,4138,2.0
4408,3209,4.0
4409,3209,2.0
4410,4018,2.0
4411,3266,4.0
4412,4089,6.0
4413,3882,6.0
4413,4007,4.0
4414,2805,2.0
4415,4039,2.0
4416,3999,4.0
4417,3999,2.0
4418,2525,2.0
4419,3209,8.0
4420,3974,2.0
4421,4031,2.0
4422,4112,2.0
4423,3968,2.0
4423,3985,2.0
4424,3985,6.0
4425,4036,2.0
4426,3963,2.0
4427,3965,2.0
4428,4242,4.0
4429,225,2.0
4430,3985,2.0
4431,4045,4.0
4432,3901,2.0
4432,3941,2.0
4433,3937,2.0
4434,3209,6.0
4435,3854,2.0
4436,3854,4.0
4437,3854,2.0
4438,3936,2.0
4439,3929,2.0
4440,3926,2.0
4441,3926,6.0
4442,3939,4.0
4443,3854,2.0
4444,3979,4.0
4445,3901,4.0
4446,1673,2.0
4446,2723,2.0
4446,4242,4.0
4447,4138,4.0
4448,3933,6.0
4449,3901,4.0
4450,3901,2.0
4451,225,2.0
4452,3881,2.0
4453,3884,2.0
4454,3884,2.0
4455,3878,2.0
4456,3911,2.0
4457,3884,4.0
4458,3911,2.0
4459,3884,4.0
4460,3884,2.0
4461,3884,2.0
4462,3901,2.0
4463,3884,2.0
4464,3884,2.0
4465,3174,2.0
4465,3272,2.0
4466,3174,2.0
4467,3893,2.0
4468,3583,2.0
4468,3864,2.0
4469,2805,2.0
4470,3209,6.0
4471,3893,2.0
4472,3209,2.0
4472,3667,2.0
4473,3893,4.0
4474,3893,4.0
4475,3850,2.0
4476,3855,6.0
4477,225,2.0
4478,3860,4.0
4479,3838,2.0
4480,3854,2.0
4481,3835,2.0
4482,3786,2.0
4482,3832,2.0
4483,3209,2.0
4484,3803,2.0
4484,3810,2.0
4484,3813,2.0
4484,3819,2.0
4484,3823,2.0
4484,3825,2.0
4484,3830,2.0
4485,3838,2.0
4486,3829,2.0
4487,3919,2.0
4488,3978,2.0
4489,3969,2.0
4490,3904,2.0
4491,3763,4.0
4492,3854,4.0
4493,4084,2.0
4494,1673,2.0
4494,3209,2.0
4494,3725,2.0
4494,3732,2.0
4494,3781,2.0
4494,3792,2.0
4495,3893,4.0
4496,3388,2.0
4497,3822,4.0
4498,3209,2.0
4498,3681,2.0
4498,3800,2.0
4499,3209,2.0
4499,3804,2.0
4500,3980,6.0
4501,3518,14.0
4501,3794,2.0
4502,3855,10.0
4503,3209,2.0
4504,3919,2.0
4505,4153,2.0
4506,3209,2.0
4506,3727,2.0
4506,3790,6.0
4507,3838,2.0
4508,2976,2.0
4509,3209,2.0
4509,3761,2.0
4509,3770,2.0
4510,3893,2.0
4511,3919,2.0
4512,3768,2.0
4513,3781,2.0
4515,3893,2.0
4516,3861,2.0
4517,4012,4.0
4518,4012,2.0
4519,3209,2.0
4520,3750,2.0
4521,3838,2.0
4522,3744,2.0
4523,3743,4.0
4524,3209,2.0
4525,3743,2.0
4526,3778,2.0
4527,3904,2.0
4528,3885,4.0
4529,3740,2.0
4530,3728,2.0
4531,2589,2.0
4532,3730,2.0
4533,3743,2.0
4534,3192,2.0
4535,3893,2.0
4536,3722,2.0
4537,3357,8.0
4538,3796,2.0
4539,3837,2.0
4540,4012,2.0
4541,3851,2.0
4542,2805,6.0
4543,3978,2.0
4544,3209,8.0
4545,3698,2.0
4546,3929,4.0
4547,3929,4.0
4548,4179,4.0
4549,3731,2.0
4550,225,2.0
4550,3936,2.0
4550,4175,2.0
4551,3563,4.0
4552,4162,4.0
4553,3563,4.0
4554,3660,2.0
4554,3667,2.0
4555,3666,4.0
4556,3929,2.0
4557,3649,4.0
4558,3956,2.0
4559,3684,2.0
4560,3939,2.0
4561,3563,2.0
4562,3644,4.0
4563,3629,2.0
4564,4035,2.0
4565,3617,2.0
4566,3617,2.0
4567,3547,2.0
4567,3577,4.0
4567,3598,2.0
4567,3615,4.0
4568,3615,2.0
4569,3631,2.0
4570,23,2.0
4570,1340,6.0
4570,2510,2.0
4570,2589,4.0
4570,3174,2.0
4570,3178,10.0
4570,3320,2.0
4570,3375,6.0
4570,3407,2.0
4570,3420,2.0
4570,3429,2.0
4570,3442,2.0
4570,3443,2.0
4570,3444,2.0
4570,3462,2.0
4570,3469,4.0
4570,3513,2.0
4570,3582,2.0
4570,3585,4.0
4570,3587,2.0
4570,3588,2.0
4570,3594,4.0
4570,3598,6.0
4570,3612,8.0
4570,3624,4.0
4570,3631,2.0
4570,3919,2.0
4571,2968,6.0
4571,3984,2.0
4572,3662,2.0
4573,3547,2.0
4573,3575,2.0
4573,3605,2.0
4574,3563,2.0
4575,3885,4.0
4576,3753,2.0
4577,3713,2.0
4578,3624,6.0
4579,3614,2.0
4580,3589,2.0
4581,1134,4.0
4581,3583,4.0
4582,3576,2.0
4583,3582,2.0
4584,3583,2.0
4585,3965,2.0
4586,3560,2.0
4587,3560,4.0
4588,3266,2.0
4589,4162,2.0
4590,3929,2.0
4591,3563,2.0
4592,3584,2.0
4593,3209,2.0
4594,3539,2.0
4595,1673,2.0
4595,2723,6.0
4595,2861,4.0
4595,3530,2.0
4595,3547,2.0
4596,3302,2.0
4596,3546,2.0
4597,3577,4.0
4598,225,2.0
4599,3556,2.0
4600,3590,2.0
4601,3922,2.0
4602,3438,2.0
4603,3249,2.0
4604,3209,2.0
4605,4049,2.0
4606,3746,2.0
4607,2366,2.0
4607,2436,6.0
4607,2777,2.0
4607,2976,2.0
4608,3662,4.0
4609,3684,4.0
4610,3885,6.0
4611,3515,2.0
4612,3505,4.0
4612,3506,4.0
4612,3508,10.0
4612,3512,2.0
4612,3519,2.0
4612,3562,4.0
4613,3510,2.0
4614,2814,4.0
4615,3266,8.0
4616,3599,4.0
4616,4012,2.0
4617,3939,2.0
4618,3496,2.0
4619,3487,2.0
4620,2954,2.0
4620,3114,2.0
4620,3525,4.0
4621,2805,2.0
4622,3599,8.0
4623,3496,4.0
4624,3919,2.0
4625,3476,2.0
4626,3492,2.0
4627,3939,2.0
4628,3209,6.0
4628,3456,2.0
4629,3209,2.0
4630,3677,8.0
4631,2805,2.0
4631,3320,2.0
4632,2805,2.0
4632,3452,2.0
4633,3469,2.0
4634,3919,2.0
4635,3429,10.0
4636,3605,2.0
4637,3428,2.0
4638,3526,2.0
4639,3421,2.0
4640,2960,4.0
4641,4013,2.0
4642,3506,2.0
4643,3484,2.0
4644,3482,16.0
4645,2723,2.0
4646,2805,2.0
4646,3381,2.0
4646,4142,2.0
4647,3817,12.0
4648,2723,2.0
4649,3400,4.0
4650,3400,4.0
4651,3394,2.0
4652,3392,6.0
4653,23,2.0
4653,2149,2.0
4654,3389,4.0
4655,3614,4.0
4656,3534,2.0
4657,3379,4.0
4658,499,2.0
4658,3356,2.0
4659,3364,2.0
4660,3441,2.0
4661,3338,2.0
4662,3349,2.0
4663,3338,4.0
4664,3209,4.0
4665,3298,2.0
4665,3308,2.0
4665,3438,2.0
4666,3885,2.0
4667,3324,2.0
4668,3324,6.0
4669,3313,2.0
4670,3368,6.0
4671,3313,4.0
4672,2723,2.0
4672,3110,4.0
4672,3302,2.0
4673,3575,2.0
4674,3298,2.0
4675,3354,6.0
4676,3283,2.0
4677,3277,2.0
4678,3010,2.0
4678,3054,2.0
4678,3108,2.0
4678,3155,12.0
4678,3157,6.0
4678,3159,2.0
4678,3166,2.0
4678,3173,4.0
4678,3174,4.0
4678,3272,2.0
4678,3273,2.0
4679,3270,2.0
4680,3260,6.0
4681,3254,2.0
4682,2954,2.0
4682,3254,6.0
4683,1673,2.0
4683,1803,2.0
4684,3254,4.0
4685,1673,12.0
4685,2589,8.0
4685,2748,2.0
4685,2843,2.0
4685,2846,2.0
4685,2861,8.0
4685,2869,2.0
4685,2882,2.0
4685,2883,2.0
4685,2884,2.0
4685,2922,2.0
4685,2938,2.0
4685,2965,4.0
4685,2971,2.0
4685,3036,2.0
4685,3052,4.0
4685,3059,12.0
4685,3162,2.0
4685,3171,6.0
4686,3885,2.0
4687,3311,8.0
4688,3200,2.0
4689,1673,4.0
4690,2777,4.0
4690,3190,6.0
4691,2723,16.0
4692,3929,2.0
4693,2805,2.0
4694,2805,4.0
4695,700,4.0
4695,2723,2.0
4695,2777,6.0
4695,3174,4.0
4696,1673,4.0
4696,1927,4.0
4696,2707,2.0
4696,3088,4.0
4696,3120,4.0
4696,3174,2.0
4697,2805,2.0
4698,2805,10.0
4699,2805,2.0
4700,2805,2.0
4701,2805,2.0
4702,2723,2.0
4703,2805,4.0
4704,1673,2.0
4705,3174,2.0
4706,3168,2.0
4706,3178,4.0
4707,1673,2.0
4708,3368,4.0
4709,2798,4.0
4709,2856,2.0
4709,3174,4.0
4710,1673,4.0
4710,3378,2.0
4711,3054,2.0
4712,3154,2.0
4713,3209,2.0
4714,1297,2.0
4714,1469,4.0
4714,2386,56.0
4714,2388,2.0
4714,2723,2.0
4715,3134,2.0
4716,2777,14.0
4716,2954,2.0
4717,3254,4.0
4718,3120,2.0
4719,3120,4.0
4720,2954,4.0
4721,3112,2.0
4722,3360,8.0
4723,3828,2.0
4724,3124,4.0
4725,3180,4.0
4726,2748,2.0
4727,3081,12.0
4728,3078,2.0
4729,3456,6.0
4730,3254,2.0
4731,4094,2.0
4732,1803,2.0
4733,3254,2.0
4734,3076,2.0
4735,3076,2.0
4736,3054,6.0
4737,3404,2.0
4738,3395,2.0
4739,499,2.0
4740,3085,2.0
4741,3171,4.0
4742,225,2.0
4743,3037,2.0
4744,3081,2.0
4745,2748,4.0
4746,3044,2.0
4747,3778,2.0
4748,3920,2.0
4749,2723,4.0
4750,1673,6.0
4751,3035,2.0
4752,1673,8.0
4753,2777,2.0
4753,3022,2.0
4754,1673,4.0
4755,1673,4.0
4756,2689,2.0
4757,4128,2.0
4758,2748,2.0
4759,1673,2.0
4760,3009,2.0
4761,1673,8.0
4762,2990,2.0
4763,1673,2.0
4763,3110,2.0
4764,3110,2.0
4765,3075,6.0
4766,3075,4.0
4767,1673,2.0
4768,3535,2.0
4769,1803,2.0
4770,2964,2.0
4771,1673,6.0
4772,2902,2.0
4773,1673,2.0
4774,1673,2.0
4775,3419,2.0
4776,2949,2.0
4777,1803,4.0
4778,3339,2.0
4779,2748,4.0
4780,2942,2.0
4781,3174,4.0
4782,2929,2.0
4782,2971,4.0
4783,2938,2.0
4784,3197,2.0
4785,2748,2.0
4786,3026,6.0
4787,2880,2.0
4788,2922,2.0
4789,2969,10.0
4790,3021,4.0
4791,2748,2.0
4791,3003,2.0
4792,2911,2.0
4793,1673,2.0
4794,3939,2.0
4795,2777,6.0
4795,2916,10.0
4796,2914,2.0
4797,1673,2.0
4797,2860,2.0
4798,1673,2.0
4799,2916,4.0
4800,1673,4.0
4801,3197,4.0
4802,2889,2.0
4803,3241,2.0
4804,2987,2.0
4805,2867,2.0
4806,3254,2.0
4807,1673,2.0
4808,1673,2.0
4809,2723,2.0
4810,1673,2.0
4811,3826,2.0
4812,1673,2.0
4813,1673,6.0
4814,1673,6.0
4815,3254,2.0
4816,2473,2.0
4816,2723,4.0
4816,2877,8.0
4816,2932,6.0
4817,2907,8.0
4818,2877,8.0
4819,1057,2.0
4820,1673,4.0
4821,2816,4.0
4822,2960,2.0
4823,2589,2.0
4824,2799,2.0
4824,2843,2.0
4825,3031,2.0
4826,1673,2.0
4827,1673,2.0
4827,2760,2.0
4827,2792,2.0
4827,2856,4.0
4828,3628,2.0
4829,2811,2.0
4830,1673,2.0
4831,2841,2.0
4832,1673,2.0
4833,2454,6.0
4834,2891,2.0
4835,3254,2.0
4836,2777,2.0
4837,2777,8.0
4838,3003,2.0
4839,2777,2.0
4840,2777,8.0
4841,2417,2.0
4841,2777,4.0
4841,3367,2.0
4842,2777,16.0
4843,2777,12.0
4844,2777,2.0
4845,2745,2.0
4845,2777,6.0
4846,2777,6.0
4847,2777,2.0
4848,2777,4.0
4849,2777,2.0
4850,2777,2.0
4851,2777,2.0
4852,2777,8.0
4853,2745,2.0
4853,2777,2.0
4854,2777,2.0
4855,2777,2.0
4856,2777,2.0
4857,2777,2.0
4858,2777,2.0
4859,2777,2.0
4860,2777,2.0
4861,2777,2.0
4862,2777,4.0
4863,2777,2.0
4864,2777,2.0
4865,2777,10.0
4866,2777,4.0
4867,2766,2.0
4868,2745,2.0
4869,2745,2.0
4870,2766,4.0
4871,3367,2.0
4872,2745,2.0
4873,3878,2.0
4874,2814,2.0
4875,499,30.0
4875,2707,2.0
4875,2748,2.0
4876,2745,2.0
4877,1673,2.0
4878,2777,2.0
4879,2777,2.0
4880,2841,2.0
4881,3419,2.0
4882,2744,6.0
4882,3456,6.0
4883,3171,4.0
4884,2707,6.0
4885,3793,6.0
4886,2744,2.0
4887,1673,2.0
4887,2744,2.0
4888,2777,2.0
4889,3824,2.0
4890,2740,2.0
4891,2805,2.0
4892,2699,2.0
4893,3483,2.0
4894,2843,6.0
4895,2674,2.0
4895,2843,2.0
4896,3101,2.0
4897,3325,2.0
4898,2708,2.0
4899,2699,2.0
4900,4125,2.0
4901,2694,14.0
4902,2693,2.0
4903,3456,2.0
4904,2686,2.0
4905,2686,2.0
4906,2708,2.0
4907,2740,2.0
4908,2840,2.0
4909,2997,2.0
4910,2805,4.0
4911,2711,2.0
4912,3327,2.0
4913,225,2.0
4913,2247,2.0
4913,2437,2.0
4913,2533,4.0
4913,2713,4.0
4913,2960,2.0
4914,2693,4.0
4915,1673,2.0
4915,2915,2.0
4916,2694,2.0
4917,2169,2.0
4918,2752,2.0
4919,2880,2.0
4920,3062,2.0
4921,3367,2.0
4922,2680,2.0
4923,3878,2.0
4924,2639,2.0
4925,2805,4.0
4926,2805,4.0
4927,3614,2.0
4928,225,2.0
4928,2152,2.0
4928,2561,2.0
4928,2600,4.0
4928,2601,6.0
4928,2607,2.0
4928,2619,2.0
4928,2629,2.0
4928,2699,2.0
4929,1913,2.0
4929,4087,2.0
4929,4188,2.0
4930,2609,6.0
4930,2622,4.0
4931,2609,16.0
4932,2608,2.0
4933,2609,2.0
4934,2683,8.0
4934,2699,2.0
4935,2683,2.0
4936,3483,2.0
4937,2708,2.0
4938,3265,2.0
4939,2588,4.0
4940,2721,2.0
4941,3254,2.0
4942,2633,2.0
4943,2721,2.0
4944,2588,2.0
4945,2801,2.0
4946,2877,2.0
4947,3062,38.0
4948,2556,2.0
4949,1673,4.0
4950,2748,2.0
4950,2804,2.0
4951,3254,4.0
4952,2543,2.0
4953,2542,2.0
4954,2752,2.0
4955,2536,2.0
4956,2531,4.0
4957,2522,2.0
4958,3026,2.0
4959,2518,4.0
4960,2578,2.0
4961,1673,12.0
4961,2495,2.0
4961,2512,4.0
4962,1673,4.0
4963,2518,2.0
4964,2518,2.0
4965,3851,2.0
4966,2503,2.0
4967,2490,2.0
4968,225,4.0
4968,2045,2.0
4968,2488,2.0
4968,2721,2.0
4969,2169,2.0
4970,2483,2.0
4971,2518,2.0
4972,2476,4.0
4972,2503,2.0
4973,2723,2.0
4974,2464,2.0
4975,2419,2.0
4976,700,4.0
4976,2468,2.0
4977,2471,6.0
4978,499,2.0
4979,2880,2.0
4980,3026,4.0
4981,2419,2.0
4982,225,2.0
4983,3577,4.0
4984,3577,2.0
4985,2442,2.0
4986,2537,2.0
4987,2437,2.0
4987,2452,4.0
4988,3014,2.0
4989,2488,2.0
4990,2428,4.0
4991,2482,2.0
4992,2136,6.0
4993,2169,2.0
4994,3014,2.0
4995,2417,4.0
4996,2809,2.0
4997,3577,4.0
4998,2375,2.0
4998,2397,2.0
4998,2399,2.0
4999,2045,4.0
5000,2649,2.0
5001,2045,2.0
5002,2744,2.0
5003,225,2.0
5004,1673,10.0
5005,2448,2.0
5006,2721,8.0
5007,2877,6.0
5008,2473,2.0
5009,2694,2.0
5010,2387,2.0
5011,2694,4.0
5012,2434,2.0
5013,2522,2.0
5014,2805,2.0
5015,2376,2.0
5016,2694,4.0
5017,150,2.0
5017,2386,18.0
5018,2495,2.0
5019,2366,12.0
5020,2386,36.0
5021,2473,2.0
5022,1673,2.0
5022,2361,2.0
5022,2386,6.0
5023,2569,4.0
5024,2348,4.0
5025,1673,2.0
5026,1673,2.0
5027,1673,2.0
5028,1673,6.0
5029,1673,2.0
5030,2342,2.0
5031,2347,2.0
5032,2347,2.0
5033,2856,2.0
5034,2787,2.0
5035,2360,2.0
5036,2347,2.0
5037,2721,2.0
5038,1673,4.0
5038,3297,2.0
5039,1673,2.0
5040,2897,2.0
5041,1840,4.0
5042,2723,2.0
5043,4109,6.0
5044,2448,2.0
5045,1172,2.0
5045,2314,2.0
5046,2347,2.0
5047,2436,2.0
5048,2313,4.0
5049,2366,2.0
5050,225,2.0
5050,2321,2.0
5051,2363,2.0
5052,1877,2.0
5052,1928,2.0
5052,2304,2.0
5053,3026,6.0
5054,2302,2.0
5055,225,2.0
5056,2813,2.0
5057,2327,2.0
5058,2298,2.0
5059,2856,8.0
5060,2856,6.0
5061,2295,4.0
5062,2298,2.0
5063,2473,2.0
5064,2297,4.0
5065,2366,2.0
5066,2721,2.0
5067,2283,2.0
5068,2813,6.0
5069,2805,2.0
5070,2280,4.0
5071,2281,2.0
5072,2169,2.0
5073,3009,4.0
5074,3577,4.0
5075,225,4.0
5075,2263,2.0
5075,2265,4.0
5075,2266,2.0
5076,2265,4.0
5077,2283,2.0
5078,2260,2.0
5079,2388,2.0
5080,2269,12.0
5081,2625,2.0
5082,2296,4.0
5083,2171,2.0
5083,2236,2.0
5083,2255,2.0
5084,2255,2.0
5085,2260,2.0
5086,3116,2.0
5087,2721,6.0
5088,2250,2.0
5089,2303,2.0
5090,2721,2.0
5091,2295,2.0
5092,2296,4.0
5093,1673,4.0
5094,1673,10.0
5094,2242,4.0
5094,2250,2.0
5095,2255,2.0
5096,1913,4.0
5096,2148,2.0
5096,2168,4.0
5096,2258,2.0
5097,2250,38.0
5098,4146,2.0
5099,2234,2.0
5100,2250,10.0
5101,2448,2.0
5102,1673,2.0
5103,2805,2.0
5104,2212,2.0
5105,2721,2.0
5106,2431,2.0
5107,3026,4.0
5108,2573,2.0
5109,3254,4.0
5110,2200,2.0
5111,2200,2.0
5112,2311,4.0
5112,2386,2.0
5113,3455,2.0
5114,3255,4.0
5115,2301,2.0
5116,2200,2.0
5117,2193,4.0
5118,2193,4.0
5119,3014,4.0
5120,2185,2.0
5120,2204,2.0
5121,4146,2.0
5122,2495,4.0
5123,2436,2.0
5124,2194,2.0
5125,2200,2.0
5126,4124,2.0
5127,2386,2.0
5128,2431,2.0
5129,2475,2.0
5130,2316,2.0
5131,2428,2.0
5132,2168,2.0
5132,2723,2.0
5133,2798,4.0
5134,2242,2.0
5135,3588,2.0
5136,2366,2.0
5137,2160,2.0
5138,3961,2.0
5139,225,2.0
5140,2747,4.0
5141,2747,2.0
5142,2182,4.0
5143,2331,2.0
5144,3577,2.0
5145,2141,2.0
5146,2254,2.0
5147,2327,2.0
5148,2813,2.0
5149,2709,2.0
5150,2242,6.0
5151,1936,6.0
5152,2341,2.0
5153,2127,2.0
5154,2852,4.0
5155,2723,2.0
5156,3075,2.0
5157,776,2.0
5157,2109,2.0
5158,2122,4.0
5159,3628,2.0
5160,2090,2.0
5161,2281,2.0
5162,2448,2.0
5163,2087,2.0
5164,2234,2.0
5165,2234,2.0
5166,2093,2.0
5167,2113,2.0
5168,1673,2.0
5168,1955,2.0
5169,2619,2.0
5170,2109,2.0
5170,2311,2.0
5170,2386,2.0
5171,2050,4.0
5172,2714,2.0
5173,2047,2.0
5174,1673,8.0
5175,1673,4.0
5176,2366,2.0
5177,1668,2.0
5177,1673,2.0
5177,2025,4.0
5177,2031,2.0
5178,1663,2.0
5178,1664,6.0
5178,1668,2.0
5178,1787,2.0
5178,1887,2.0
5178,1889,2.0
5178,1899,2.0
5178,1933,2.0
5178,1943,8.0
5178,1958,2.0
5178,1959,4.0
5178,2027,4.0
5179,2388,2.0
5180,2169,2.0
5181,2448,2.0
5182,2011,2.0
5183,23,8.0
5183,1673,2.0
5183,2011,2.0
5184,1,10.0
5184,3,3.0
5184,4,3.0
5184,5,5.0
5184,9,5.0
5184,10,5.0
5184,11,3.0
5184,12,5.0
5184,13,5.0
5184,14,11.0
5184,15,11.0
5184,16,3.0
5184,18,5.0
5184,19,3.0
5184,20,5.0
5184,24,5.0
5184,26,9.0
5184,27,6.0
5184,28,3.0
5184,29,12.0
5184,30,5.0
5184,31,15.0
5184,32,26.0
5184,33,10.0
5184,34,5.0
5184,35,8.0
5184,37,5.0
5184,38,5.0
5184,39,3.0
5184,40,5.0
5184,41,10.0
5184,42,18.0
5184,43,3.0
5184,45,7.0
5184,47,5.0
5184,48,5.0
5184,50,10.0
5184,51,10.0
5184,52,5.0
5184,53,8.0
5184,54,2.0
5184,56,3.0
5184,57,6.0
5184,58,5.0
5184,59,5.0
5184,62,5.0
5184,63,4.0
5184,64,2.0
5184,66,2.0
5184,67,2.0
5184,69,5.0
5184,70,2.0
5184,72,6.0
5184,73,6.0
5184,74,10.0
5184,76,15.0
5184,77,37.0
5184,82,2.0
5184,83,7.0
5184,85,3.0
5184,86,5.0
5184,87,12.0
5184,88,5.0
5184,91,5.0
5184,92,5.0
5184,93,5.0
5184,94,4.0
5184,95,23.0
5184,96,5.0
5184,98,5.0
5184,99,5.0
5184,100,5.0
5184,101,3.0
5184,102,5.0
5184,103,4.0
5184,109,5.0
5184,110,5.0
5184,111,5.0
5184,113,10.0
5184,115,2.0
5184,116,14.0
5184,117,5.0
5184,118,2.0
5184,124,3.0
5184,125,5.0
5184,126,3.0
5184,127,2.0
5184,128,3.0
5184,129,2.0
5184,130,10.0
5184,133,5.0
5184,134,2.0
5184,136,5.0
5184,137,8.0
5184,138,16.0
5184,140,5.0
5184,141,3.0
5184,147,2.0
5184,150,12.0
5184,152,4.0
5184,156,4.0
5184,163,2.0
5184,165,2.0
5184,167,2.0
5184,168,2.0
5184,169,2.0
5184,170,6.0
5184,174,13.0
5184,176,4.0
5184,177,7.0
5184,180,2.0
5184,191,2.0
5184,192,12.0
5184,193,2.0
5184,196,4.0
5184,200,2.0
5184,207,2.0
5184,208,14.0
5184,213,2.0
5184,218,2.0
5184,225,4.0
5184,234,2.0
5184,262,2.0
5184,276,2.0
5184,280,2.0
5184,312,4.0
5184,364,4.0
5184,388,6.0
5184,402,2.0
5184,439,2.0
5184,444,2.0
5184,450,4.0
5184,454,2.0
5184,462,4.0
5184,463,2.0
5184,468,2.0
5184,474,2.0
5184,477,2.0
5184,486,4.0
5184,487,2.0
5184,495,2.0
5184,497,6.0
5184,499,8.0
5184,504,2.0
5184,507,2.0
5184,508,12.0
5184,510,2.0
5184,535,2.0
5184,538,2.0
5184,583,2.0
5184,585,2.0
5184,609,2.0
5184,623,2.0
5184,650,6.0
5184,675,6.0
5184,714,10.0
5184,746,2.0
5184,762,4.0
5184,772,2.0
5184,779,4.0
5184,790,2.0
5184,830,2.0
5184,880,2.0
5184,886,4.0
5184,902,2.0
5184,926,2.0
5184,981,2.0
5184,989,2.0
5184,1020,2.0
5184,1056,6.0
5184,1064,6.0
5184,1076,4.0
5184,1090,4.0
5184,1095,4.0
5184,1103,2.0
5184,1108,4.0
5184,1120,2.0
5184,1121,2.0
5184,1122,2.0
5184,1135,4.0
5184,1137,4.0
5184,1144,2.0
5184,1148,2.0
5184,1149,4.0
5184,1150,2.0
5184,1159,2.0
5184,1161,8.0
5184,1172,16.0
5184,1176,4.0
5184,1182,2.0
5184,1183,2.0
5184,1184,2.0
5184,1186,2.0
5184,1197,2.0
5184,1212,2.0
5184,1241,2.0
5184,1282,10.0
5184,1293,4.0
5184,1322,2.0
5184,1346,6.0
5184,1388,8.0
5184,1426,2.0
5184,1468,6.0
5184,1483,2.0
5184,1498,4.0
5184,1506,4.0
5184,1510,6.0
5184,1513,2.0
5184,1519,2.0
5184,1578,2.0
5184,1580,2.0
5184,1599,2.0
5184,1600,2.0
5184,1603,2.0
5184,1613,2.0
5184,1614,2.0
5184,1619,2.0
5184,1621,2.0
5184,1628,2.0
5184,1828,2.0
5184,1834,2.0
5184,1891,2.0
5184,1963,2.0
5184,1990,4.0
5184,2006,2.0
5184,2840,2.0
5185,2004,2.0
5186,3289,2.0
5187,2091,2.0
5188,3009,2.0
5189,2109,2.0
5190,2103,2.0
5191,1989,2.0
5192,2281,2.0
5193,2840,2.0
5194,2436,2.0
5195,1450,2.0
5196,2448,4.0
5197,2038,2.0
5198,2954,2.0
5199,2251,2.0
5200,2109,2.0
5200,2840,2.0
5201,1953,2.0
5202,3209,2.0
5203,1673,8.0
5203,2109,14.0
5204,1955,2.0
5205,1953,2.0
5206,1952,2.0
5207,2805,2.0
5208,2495,2.0
5209,1955,6.0
5210,1952,4.0
5211,1955,2.0
5212,1952,4.0
5213,1925,2.0
5214,1923,4.0
5215,1997,2.0
5216,2100,2.0
5217,2164,2.0
5218,1916,2.0
5219,1943,10.0
5220,1701,2.0
5221,1673,2.0
5222,2047,2.0
5223,1900,4.0
5224,1930,2.0
5225,1998,2.0
5226,1997,2.0
5227,1930,2.0
5228,1891,6.0
5229,2330,4.0
5230,2109,2.0
5231,2109,2.0
5232,3021,2.0
5233,2041,2.0
5234,2109,2.0
5234,2840,2.0
5235,1876,2.0
5235,1883,2.0
5236,1877,2.0
5237,1966,2.0
5238,1891,2.0
5239,3021,2.0
5240,2165,4.0
5241,2071,2.0
5242,1833,2.0
5242,1865,2.0
5242,1872,2.0
5242,2090,4.0
5243,2748,2.0
5244,3881,2.0
5245,2109,2.0
5246,1734,4.0
5246,1764,4.0
5246,1858,2.0
5247,1855,2.0
5248,2263,2.0
5249,3075,2.0
5250,2431,6.0
5251,2169,2.0
5252,1831,2.0
5253,2431,4.0
5254,3014,2.0
5255,1673,2.0
5256,2629,2.0
5257,2448,2.0
5258,2431,2.0
5259,1835,2.0
5260,2840,2.0
5261,1798,2.0
5261,1819,2.0
5261,1843,10.0
5262,2448,2.0
5263,2378,2.0
5264,1812,2.0
5265,1818,6.0
5266,1809,2.0
5267,1806,2.0
5267,1807,2.0
5268,1809,2.0
5269,2632,2.0
5270,1797,2.0
5270,1843,2.0
5271,2717,4.0
5272,2047,2.0
5273,1772,2.0
5274,1769,4.0
5275,2165,2.0
5276,2960,2.0
5277,2388,2.0
5278,2192,2.0
5279,1809,2.0
5280,3171,2.0
5281,2109,2.0
5282,1753,2.0
5283,2448,4.0
5284,1791,2.0
5285,499,2.0
5285,1764,4.0
5285,1900,4.0
5286,2388,2.0
5287,2438,4.0
5288,2878,8.0
5289,2047,2.0
5289,3171,4.0
5290,1843,2.0
5291,1843,2.0
5292,1955,2.0
5293,1701,2.0
5294,1698,2.0
5295,2878,2.0
5296,1997,4.0
5297,2430,2.0
5298,1958,2.0
5299,1746,2.0
5300,1596,2.0
5300,1735,2.0
5301,150,2.0
5301,1493,2.0
5301,1673,4.0
5301,1735,2.0
5301,1913,2.0
5301,2261,2.0
5301,2354,2.0
5302,150,2.0
5302,1836,2.0
5303,2109,2.0
5304,2824,2.0
5305,2840,2.0
5306,1930,2.0
5307,2664,2.0
5308,499,4.0
5309,1490,2.0
5310,2109,2.0
5310,2388,2.0
5311,3255,2.0
5312,3178,2.0
5313,1974,2.0
5314,3014,2.0
5315,2448,2.0
5316,2251,2.0
5317,2752,2.0
5318,1732,2.0
5319,2109,4.0
5319,2840,2.0
5320,1677,4.0
5321,2745,4.0
5322,1677,2.0
5323,2388,2.0
5324,1663,2.0
5325,4109,2.0
5326,1826,2.0
5327,1652,2.0
5327,1659,4.0
5328,1650,2.0
5329,2109,2.0
5330,3014,2.0
5331,1638,2.0
5332,2880,2.0
5333,1634,2.0
5334,2250,2.0
5335,1631,6.0
5336,1949,2.0
5337,2388,2.0
5338,2841,4.0
5339,4146,2.0
5340,2071,2.0
5341,1609,2.0
5342,2787,2.0
5343,2330,2.0
5344,2911,2.0
5345,2455,2.0
5346,1599,2.0
5347,1599,2.0
5348,1599,2.0
5349,1576,4.0
5350,1568,2.0
5351,225,2.0
5352,3171,2.0
5353,2592,2.0
5354,2071,2.0
5355,1568,2.0
5356,1573,6.0
5357,1599,2.0
5358,2047,2.0
5359,150,8.0
5360,2395,2.0
5361,1532,2.0
5362,225,2.0
5363,225,6.0
5364,1599,2.0
5365,1654,2.0
5366,1567,4.0
5367,1202,4.0
5367,1573,2.0
5368,3037,2.0
5369,225,2.0
5370,2984,2.0
5371,1412,10.0
5371,1433,4.0
5371,1498,6.0
5371,1503,2.0
5371,1567,2.0
5372,2165,2.0
5373,1514,2.0
5374,225,2.0
5375,2047,2.0
5376,2689,2.0
5377,1682,2.0
5378,2752,2.0
5379,2388,2.0
5380,2165,2.0
5381,2388,2.0
5382,1629,2.0
5383,1496,6.0
5383,1498,2.0
5384,3037,2.0
5385,2109,2.0
5386,1682,2.0
5387,2388,2.0
5388,1362,2.0
5388,1486,2.0
5390,1056,2.0
5390,1240,12.0
5390,1258,2.0
5390,1478,4.0
5391,3101,4.0
5392,150,2.0
5393,1557,2.0
5394,1483,6.0
5395,3466,2.0
5396,1331,6.0
5396,1336,2.0
5396,1341,2.0
5396,2752,2.0
5397,2454,2.0
5398,225,2.0
5399,1532,2.0
5400,1464,2.0
5401,1835,2.0
5402,4124,2.0
5403,1835,2.0
5404,1430,2.0
5405,1490,2.0
5406,1446,4.0
5407,1456,2.0
5408,1444,4.0
5409,2071,2.0
5410,1673,2.0
5411,1673,2.0
5412,1447,4.0
5413,2601,2.0
5414,1640,2.0
5415,945,8.0
5415,1354,2.0
5415,1429,2.0
5416,1421,14.0
5417,1437,2.0
5418,150,2.0
5419,150,2.0
5420,1409,2.0
5420,1410,2.0
5421,1408,2.0
5422,2133,2.0
5423,1391,2.0
5424,1394,4.0
5425,1257,2.0
5425,2388,2.0
5426,1532,2.0
5427,1380,2.0
5428,2109,2.0
5429,225,2.0
5430,1532,2.0
5431,1682,2.0
5432,1835,2.0
5433,1654,2.0
5434,2166,2.0
5435,1361,2.0
5436,2165,2.0
5437,2805,2.0
5438,1384,2.0
5439,1809,2.0
5440,1345,2.0
5441,1342,2.0
5442,1681,2.0
5443,1503,2.0
5444,1503,2.0
5445,1340,2.0
5446,1336,2.0
5447,1343,2.0
5448,1808,2.0
5449,225,2.0
5450,1520,2.0
5451,3209,2.0
5452,1632,2.0
5453,150,2.0
5454,1745,2.0
5455,1317,4.0
5455,1324,2.0
5456,1213,2.0
5456,1317,2.0
5457,1317,2.0
5458,1669,2.0
5459,1317,2.0
5460,1329,2.0
5461,1114,2.0
5462,3026,2.0
5463,225,2.0
5464,2840,2.0
5465,1303,4.0
5466,1371,2.0
5467,1394,2.0
5468,1469,2.0
5469,1341,2.0
5470,1296,2.0
5471,1294,2.0
5472,225,4.0
5473,1156,2.0
5473,1440,2.0
5474,150,2.0
5475,1863,2.0
5476,1532,4.0
5477,2335,2.0
5478,1280,2.0
5478,1453,2.0
5479,740,2.0
5480,1500,2.0
5481,2840,2.0
5482,3040,4.0
5483,2109,4.0
5483,2840,2.0
5484,773,4.0
5484,1255,2.0
5485,1451,4.0
5486,2109,2.0
5487,2840,2.0
5488,4146,2.0
5489,1234,2.0
5490,1233,6.0
5490,1240,20.0
5490,1242,16.0
5491,1237,2.0
5492,1532,2.0
5493,1447,2.0
5494,1255,2.0
5495,2448,6.0
5496,1259,2.0
5497,1229,2.0
5498,1269,4.0
5499,3021,2.0
5500,1222,2.0
5501,1241,2.0
5502,2752,2.0
5503,1241,4.0
5503,1836,2.0
5504,1248,2.0
5505,1997,2.0
5506,1243,2.0
5507,1244,4.0
5508,2109,2.0
5509,1201,2.0
5510,3325,2.0
5511,1255,2.0
5512,1255,2.0
5513,2448,2.0
5514,1212,2.0
5515,1258,2.0
5516,1952,2.0
5517,984,2.0
5518,1435,2.0
5519,1184,6.0
5520,1181,2.0
5521,1181,2.0
5522,1182,2.0
5523,1181,4.0
5524,1255,2.0
5525,1255,4.0
5526,1274,2.0
5527,984,4.0
5528,984,2.0
5529,1134,2.0
5529,1255,2.0
5530,1999,2.0
5531,2448,2.0
5532,1173,2.0
5533,1213,2.0
5534,1160,2.0
5535,2448,2.0
5536,2109,2.0
5537,1143,2.0
5537,1157,4.0
5538,1156,2.0
5539,1255,2.0
5540,1153,2.0
5541,1294,6.0
5542,1128,2.0
5542,1143,2.0
5542,1152,2.0
5542,1243,2.0
5543,1532,2.0
5544,499,2.0
5544,2109,2.0
5545,1144,2.0
5546,1140,2.0
5547,1145,2.0
5548,1143,2.0
5549,1255,2.0
5550,1134,2.0
5551,1129,4.0
5552,1135,2.0
5553,1129,4.0
5554,1127,2.0
5555,1129,2.0
5556,1134,2.0
5557,1127,2.0
5558,1532,2.0
5559,1134,2.0
5560,1129,2.0
5561,1134,6.0
5562,1248,2.0
5563,1128,2.0
5564,1134,2.0
5565,1107,2.0
5566,1108,2.0
5567,1103,2.0
5568,1677,2.0
5569,1143,2.0
5570,984,4.0
5570,1102,2.0
5571,1100,4.0
5572,1101,2.0
5573,3027,2.0
5574,1096,2.0
5574,1098,2.0
5575,3452,2.0
5576,1095,2.0
5577,1095,2.0
5577,1101,2.0
5577,1440,2.0
5578,1100,2.0
5579,1079,2.0
5580,1112,2.0
5581,1095,2.0
5582,1105,2.0
5583,1420,2.0
5584,1100,2.0
5585,1248,2.0
5586,1134,4.0
5587,1101,2.0
5588,1087,2.0
5589,1072,2.0
5590,1100,2.0
5591,1100,4.0
5592,1134,2.0
5593,1134,2.0
5594,1109,2.0
5595,1073,4.0
5596,2540,2.0
5597,1134,2.0
5598,1100,2.0
5599,1129,8.0
5600,1129,6.0
5601,1100,2.0
5602,1068,2.0
5603,1102,2.0
5604,1100,6.0
5605,1105,4.0
5606,1100,2.0
5607,32,6.0
5607,94,6.0
5607,137,6.0
5607,150,2.0
5607,175,2.0
5608,1056,2.0
5609,1056,4.0
5610,1106,2.0
5611,1056,4.0
5612,1056,2.0
5613,1093,2.0
5614,1056,6.0
5615,1056,2.0
5616,1093,2.0
5617,1056,2.0
5618,1056,6.0
5619,1051,2.0
5619,1056,6.0
5620,1057,2.0
5621,1056,2.0
5622,1056,2.0
5623,1058,2.0
5624,1056,4.0
5625,1056,2.0
5626,1056,2.0
5627,1056,2.0
5628,1054,2.0
5628,1056,2.0
5629,1054,2.0
5629,1056,2.0
5630,1056,2.0
5631,1051,16.0
5631,1056,6.0
5632,1052,2.0
5633,1052,2.0
5634,1056,2.0
5635,1056,4.0
5635,1058,4.0
5636,1067,2.0
5637,1051,2.0
5638,1056,2.0
5639,1051,2.0
5640,1097,2.0
5641,1129,2.0
5642,1049,2.0
5643,1532,2.0
5644,1056,2.0
5645,1067,6.0
5646,1143,4.0
5647,1134,6.0
5648,1017,2.0
5649,1017,2.0
5650,1009,2.0
5651,1007,6.0
5652,499,8.0
5653,1060,4.0
5654,746,2.0
5655,150,2.0
5656,1510,2.0
5657,225,4.0
5658,1056,2.0
5659,957,2.0
5660,986,2.0
5661,1100,4.0
5662,130,2.0
5662,814,2.0
5662,830,2.0
5662,837,2.0
5662,910,6.0
5662,959,2.0
5663,930,2.0
5664,959,2.0
5665,971,2.0
5666,957,6.0
5667,926,2.0
5667,1087,2.0
5668,926,2.0
5668,1087,2.0
5669,926,4.0
5670,916,2.0
5671,164,2.0
5672,912,2.0
5673,1669,2.0
5674,1100,2.0
5675,1596,2.0
5676,1258,2.0
5677,1129,2.0
5678,1135,2.0
5679,886,4.0
5679,1216,2.0
5680,890,2.0
5681,354,4.0
5681,886,4.0
5682,886,2.0
5683,1248,4.0
5684,880,2.0
5685,876,2.0
5686,746,2.0
5687,1596,2.0
5688,870,4.0
5689,870,2.0
5690,190,4.0
5690,673,4.0
5690,859,2.0
5691,886,2.0
5692,1152,2.0
5693,837,2.0
5694,910,2.0
5694,957,2.0
5694,959,2.0
5695,959,2.0
5696,804,2.0
5697,1469,2.0
5698,794,2.0
5699,23,2.0
5700,1673,2.0
5701,779,2.0
5702,23,2.0
5703,773,4.0
5704,23,4.0
5705,773,2.0
5706,718,2.0
5706,772,2.0
5707,1244,2.0
5708,704,16.0
5709,1673,2.0
5710,1673,2.0
5711,138,10.0
5711,772,2.0
5712,779,2.0
5713,1673,2.0
5714,773,2.0
5715,1942,2.0
5716,760,2.0
5717,704,2.0
5718,704,2.0
5719,1129,2.0
5720,754,2.0
5721,762,6.0
5722,261,2.0
5722,749,2.0
5723,747,2.0
5724,746,8.0
5725,746,2.0
5726,746,8.0
5727,1142,2.0
5728,747,2.0
5729,738,2.0
5730,828,2.0
5731,738,2.0
5732,720,2.0
5732,724,2.0
5733,720,2.0
5734,150,2.0
5734,720,2.0
5735,720,2.0
5735,724,2.0
5736,719,2.0
5737,728,2.0
5738,150,2.0
5739,746,6.0
5740,702,2.0
5741,725,8.0
5742,746,4.0
5743,779,2.0
5744,725,4.0
5745,776,2.0
5746,150,2.0
5746,776,4.0
5746,1248,2.0
5747,1274,2.0
5748,1124,2.0
5749,667,4.0
5750,725,2.0
5751,719,2.0
5752,746,2.0
5753,746,2.0
5754,746,6.0
5755,746,2.0
5756,675,2.0
5757,580,4.0
5757,1320,4.0
5758,639,2.0
5759,776,4.0
5760,639,2.0
5761,634,4.0
5762,634,2.0
5763,636,4.0
5764,625,2.0
5765,746,2.0
5766,620,2.0
5766,636,2.0
5767,620,2.0
5768,746,2.0
5769,629,2.0
5770,597,2.0
5771,629,4.0
5772,634,2.0
5773,583,2.0
5773,675,2.0
5773,747,2.0
5774,629,2.0
5775,3283,2.0
5776,554,2.0
5777,634,2.0
5778,5,2.0
5778,23,2.0
5778,32,2.0
5778,36,8.0
5778,103,4.0
5778,150,10.0
5778,169,2.0
5778,174,2.0
5778,175,4.0
5778,179,2.0
5778,195,2.0
5778,203,2.0
5778,205,2.0
5778,210,2.0
5778,213,2.0
5778,317,2.0
5778,353,2.0
5778,459,2.0
5778,499,2.0
5778,522,2.0
5778,674,4.0
5779,675,2.0
5780,760,4.0
5781,746,2.0
5782,528,2.0
5783,776,2.0
5784,510,2.0
5785,746,2.0
5786,1001,2.0
5787,138,2.0
5788,138,2.0
5789,510,2.0
5790,499,8.0
5791,138,2.0
5792,1469,2.0
5793,515,2.0
5794,497,4.0
5795,497,2.0
5796,497,2.0
5797,497,4.0
5798,522,4.0
5799,515,4.0
5800,497,2.0
5800,769,2.0
5801,2750,2.0
5802,535,4.0
5803,970,2.0
5804,779,2.0
5805,2250,2.0
5806,497,2.0
5807,497,4.0
5808,477,2.0
5809,714,2.0
5810,495,2.0
5811,462,2.0
5812,497,2.0
5813,459,4.0
5814,458,2.0
5815,2798,4.0
5816,495,2.0
5817,497,2.0
5818,462,6.0
5819,477,2.0
5820,469,2.0
5821,779,4.0
5822,477,2.0
5823,444,2.0
5824,535,2.0
5825,150,4.0
5825,477,4.0
5826,714,4.0
5827,714,2.0
5828,29,2.0
5829,2243,2.0
5830,497,2.0
5831,535,2.0
5832,419,2.0
5832,420,2.0
5833,1997,2.0
5834,423,2.0
5835,427,2.0
5836,495,2.0
5837,497,4.0
5838,497,2.0
5839,469,2.0
5840,138,2.0
5841,779,2.0
5842,380,4.0
5843,380,2.0
5844,3209,6.0
5845,483,2.0
5846,361,2.0
5847,361,2.0
5848,675,2.0
5849,714,2.0
5850,497,2.0
5851,462,2.0
5852,779,2.0
5853,497,4.0
5854,714,2.0
5855,497,2.0
5856,779,2.0
5857,312,2.0
5858,312,2.0
5859,367,2.0
5860,714,4.0
5861,312,8.0
5862,318,2.0
5863,629,2.0
5864,299,2.0
5865,276,2.0
5866,462,2.0
5867,276,2.0
5868,276,2.0
5869,714,2.0
5870,276,2.0
5871,318,2.0
5872,241,2.0
5873,240,2.0
5874,240,2.0
5875,240,6.0
5876,240,2.0
5877,242,2.0
5878,240,2.0
5879,240,2.0
5880,240,2.0
5881,240,2.0
5882,240,2.0
5883,276,2.0
5884,240,2.0
5885,240,4.0
5886,237,8.0
5887,240,2.0
5888,238,4.0
5889,237,2.0
5890,236,2.0
5891,236,2.0
5892,236,2.0
5893,237,6.0
5894,237,8.0
5895,234,2.0
5896,235,2.0
5897,240,2.0
5898,237,2.0
5899,233,2.0
5899,241,2.0
5900,233,4.0
5901,241,4.0
5902,230,2.0
5902,237,2.0
5903,233,2.0
5904,241,2.0
5905,276,2.0
5906,238,2.0
5907,228,2.0
5908,228,2.0
5909,225,2.0
5909,227,2.0
5909,228,2.0
5910,228,2.0
5911,228,2.0
5912,227,2.0
5912,228,2.0
5913,228,2.0
5914,225,2.0
5915,225,2.0
5916,225,2.0
5917,227,2.0
5918,223,2.0
5919,223,2.0
5920,495,2.0
5921,221,2.0
5921,222,2.0
5922,233,2.0
5923,364,2.0
5924,276,2.0
5925,380,2.0
5926,214,2.0
5927,210,2.0
5927,212,2.0
5928,234,4.0
5929,234,2.0
5930,208,14.0
5930,216,2.0
5931,29,2.0
5931,86,4.0
5931,118,6.0
5931,137,4.0
5931,138,10.0
5931,140,4.0
5931,150,4.0
5931,152,4.0
5931,153,2.0
5931,159,5.0
5931,160,4.0
5931,171,2.0
5931,172,2.0
5931,176,3.0
5931,183,2.0
5931,186,2.0
5931,191,2.0
5931,195,4.0
5931,199,2.0
5931,218,2.0
5931,389,5.0
5932,462,2.0
5933,203,4.0
5933,208,4.0
5934,203,2.0
5935,219,2.0
5936,194,2.0
5937,207,2.0
5938,191,2.0
5939,150,2.0
5940,181,2.0
5941,176,2.0
5942,150,4.0
5943,150,2.0
5944,150,2.0
5945,150,2.0
5946,150,2.0
5947,150,4.0
5948,646,2.0
5949,165,2.0
5949,510,2.0
5950,29,2.0
5951,166,2.0
5952,172,4.0
5953,152,4.0
5954,152,2.0
5955,150,2.0
5956,152,4.0
5957,152,2.0
5958,152,2.0
5959,151,2.0
5960,150,6.0
5961,166,2.0
5962,29,2.0
5963,152,2.0
5964,150,4.0
5965,152,2.0
5966,3075,2.0
5967,312,2.0
5968,1483,4.0
5969,474,4.0
5970,1474,4.0
5971,312,2.0
5971,623,2.0
5972,3075,2.0
5973,150,2.0
5974,116,2.0
5975,58,2.0
5975,138,2.0
5976,104,4.0
5977,172,2.0
5978,152,2.0
5979,49,2.0
5979,150,6.0
5979,190,6.0
5979,198,2.0
5979,205,2.0
5979,289,4.0
5979,329,2.0
5979,445,2.0
5979,459,2.0
5979,579,6.0
5979,1122,2.0
5979,1240,2.0
5979,1242,2.0
5979,2109,2.0
5979,2573,2.0
5980,1129,6.0
5981,40,2.0
5981,58,2.0
5981,63,2.0
5981,65,2.0
5981,198,2.0
5981,205,2.0
5981,1240,2.0
5982,515,2.0
5983,2330,2.0
5984,1241,2.0
5985,15,2.0
5986,15,2.0
5987,15,2.0
5988,4068,2.0
5989,2985,2.0
5990,2354,6.0
5991,1861,6.0
5992,1723,34.0
5993,1701,6.0
5994,1701,6.0
5995,1532,4.0
5995,1537,16.0
5996,1479,10.0
5997,1388,6.0
5997,1537,4.0
5998,1388,6.0
5999,2496,6.0
6000,1251,10.0
6001,1169,6.0
6002,1164,6.0
6003,1051,6.0
6004,150,6.0
6005,150,6.0
6006,150,6.0
6007,1126,6.0
6008,499,6.0
6009,720,6.0
6010,349,10.0
6011,138,22.0
6012,164,8.0
6013,237,6.0
6014,237,6.0
6015,241,8.0
6016,216,6.0
6017,216,6.0
6018,5,14.0
6018,88,10.0
6018,112,8.0
6018,146,6.0
6018,151,8.0
6018,175,4.0
6018,182,20.0
6018,198,8.0
6018,1157,4.0
6019,80,4.0
6019,108,4.0
6019,110,4.0
6020,32,4.0
6020,36,4.0
6020,138,4.0
6020,150,4.0
6020,170,4.0
6020,349,4.0
6020,381,4.0
6020,432,4.0
6020,445,4.0
6020,2707,4.0
6021,228,4.0
6022,175,4.0
6023,666,4.0
6024,190,4.0
6025,705,4.0
6026,23,4.0
6026,29,4.0
6026,138,4.0
6026,150,4.0
6026,164,8.0
6027,792,4.0
6028,930,4.0
6029,1019,4.0
6030,150,4.0
6031,150,4.0
6032,1087,4.0
6033,1172,4.0
6033,1396,4.0
6033,2354,4.0
6034,1197,4.0
6035,1240,4.0
6036,1343,4.0
6037,1451,4.0
6038,1451,4.0
6039,1463,4.0
6040,1463,4.0
6041,1463,4.0
6042,225,12.0
6042,1430,4.0
6043,1476,4.0
6044,1476,4.0
6045,225,4.0
6046,225,4.0
6047,1537,8.0
6048,1537,4.0
6048,1543,4.0
6049,1543,4.0
6050,1573,4.0
6051,1573,4.0
6052,1659,4.0
6053,1764,4.0
6054,1815,4.0
6055,1723,4.0
6056,1927,4.0
6057,1982,4.0
6058,2386,4.0
6059,499,4.0
6060,1673,4.0
